-- MySQL dump 10.13  Distrib 8.1.0, for macos14.0 (arm64)
--
-- Host: localhost    Database: transp
-- ------------------------------------------------------
-- Server version	8.1.0

/*!40101 SET @OLD_CHARACTER_SET_CLIENT=@@CHARACTER_SET_CLIENT */;
/*!40101 SET @OLD_CHARACTER_SET_RESULTS=@@CHARACTER_SET_RESULTS */;
/*!40101 SET @OLD_COLLATION_CONNECTION=@@COLLATION_CONNECTION */;
/*!50503 SET NAMES utf8mb4 */;
/*!40103 SET @OLD_TIME_ZONE=@@TIME_ZONE */;
/*!40103 SET TIME_ZONE='+00:00' */;
/*!40014 SET @OLD_UNIQUE_CHECKS=@@UNIQUE_CHECKS, UNIQUE_CHECKS=0 */;
/*!40014 SET @OLD_FOREIGN_KEY_CHECKS=@@FOREIGN_KEY_CHECKS, FOREIGN_KEY_CHECKS=0 */;
/*!40101 SET @OLD_SQL_MODE=@@SQL_MODE, SQL_MODE='NO_AUTO_VALUE_ON_ZERO' */;
/*!40111 SET @OLD_SQL_NOTES=@@SQL_NOTES, SQL_NOTES=0 */;

--
-- Table structure for table `activations`
--

DROP TABLE IF EXISTS `activations`;
/*!40101 SET @saved_cs_client     = @@character_set_client */;
/*!50503 SET character_set_client = utf8mb4 */;
CREATE TABLE `activations` (
  `id` bigint unsigned NOT NULL AUTO_INCREMENT,
  `user_id` bigint unsigned NOT NULL,
  `code` varchar(120) COLLATE utf8mb4_unicode_ci NOT NULL,
  `completed` tinyint(1) NOT NULL DEFAULT '0',
  `completed_at` timestamp NULL DEFAULT NULL,
  `created_at` timestamp NULL DEFAULT NULL,
  `updated_at` timestamp NULL DEFAULT NULL,
  PRIMARY KEY (`id`),
  KEY `activations_user_id_index` (`user_id`)
) ENGINE=InnoDB AUTO_INCREMENT=3 DEFAULT CHARSET=utf8mb4 COLLATE=utf8mb4_unicode_ci;
/*!40101 SET character_set_client = @saved_cs_client */;

--
-- Dumping data for table `activations`
--

LOCK TABLES `activations` WRITE;
/*!40000 ALTER TABLE `activations` DISABLE KEYS */;
INSERT INTO `activations` VALUES (1,1,'4XlRXarE2upGu2TMvXsKTzXY5Ve42tjU',1,'2023-11-30 00:32:49','2023-11-30 00:32:49','2023-11-30 00:32:49'),(2,2,'VN2aY7QSmEpvemQhKzqdC32XzeDmIcDI',1,'2023-11-30 00:32:49','2023-11-30 00:32:49','2023-11-30 00:32:49');
/*!40000 ALTER TABLE `activations` ENABLE KEYS */;
UNLOCK TABLES;

--
-- Table structure for table `admin_notifications`
--

DROP TABLE IF EXISTS `admin_notifications`;
/*!40101 SET @saved_cs_client     = @@character_set_client */;
/*!50503 SET character_set_client = utf8mb4 */;
CREATE TABLE `admin_notifications` (
  `id` bigint unsigned NOT NULL AUTO_INCREMENT,
  `title` varchar(255) COLLATE utf8mb4_unicode_ci NOT NULL,
  `action_label` varchar(255) COLLATE utf8mb4_unicode_ci DEFAULT NULL,
  `action_url` varchar(255) COLLATE utf8mb4_unicode_ci DEFAULT NULL,
  `description` varchar(400) COLLATE utf8mb4_unicode_ci NOT NULL,
  `read_at` timestamp NULL DEFAULT NULL,
  `created_at` timestamp NULL DEFAULT NULL,
  `updated_at` timestamp NULL DEFAULT NULL,
  `permission` varchar(191) COLLATE utf8mb4_unicode_ci DEFAULT NULL,
  PRIMARY KEY (`id`)
) ENGINE=InnoDB DEFAULT CHARSET=utf8mb4 COLLATE=utf8mb4_unicode_ci;
/*!40101 SET character_set_client = @saved_cs_client */;

--
-- Dumping data for table `admin_notifications`
--

LOCK TABLES `admin_notifications` WRITE;
/*!40000 ALTER TABLE `admin_notifications` DISABLE KEYS */;
/*!40000 ALTER TABLE `admin_notifications` ENABLE KEYS */;
UNLOCK TABLES;

--
-- Table structure for table `audit_histories`
--

DROP TABLE IF EXISTS `audit_histories`;
/*!40101 SET @saved_cs_client     = @@character_set_client */;
/*!50503 SET character_set_client = utf8mb4 */;
CREATE TABLE `audit_histories` (
  `id` bigint unsigned NOT NULL AUTO_INCREMENT,
  `user_id` bigint unsigned NOT NULL,
  `module` varchar(60) COLLATE utf8mb4_unicode_ci NOT NULL,
  `request` longtext COLLATE utf8mb4_unicode_ci,
  `action` varchar(120) COLLATE utf8mb4_unicode_ci NOT NULL,
  `user_agent` text COLLATE utf8mb4_unicode_ci,
  `ip_address` varchar(45) COLLATE utf8mb4_unicode_ci DEFAULT NULL,
  `reference_user` bigint unsigned NOT NULL,
  `reference_id` bigint unsigned NOT NULL,
  `reference_name` varchar(255) COLLATE utf8mb4_unicode_ci NOT NULL,
  `type` varchar(20) COLLATE utf8mb4_unicode_ci NOT NULL,
  `created_at` timestamp NULL DEFAULT NULL,
  `updated_at` timestamp NULL DEFAULT NULL,
  PRIMARY KEY (`id`),
  KEY `audit_histories_user_id_index` (`user_id`),
  KEY `audit_histories_module_index` (`module`)
) ENGINE=InnoDB DEFAULT CHARSET=utf8mb4 COLLATE=utf8mb4_unicode_ci;
/*!40101 SET character_set_client = @saved_cs_client */;

--
-- Dumping data for table `audit_histories`
--

LOCK TABLES `audit_histories` WRITE;
/*!40000 ALTER TABLE `audit_histories` DISABLE KEYS */;
/*!40000 ALTER TABLE `audit_histories` ENABLE KEYS */;
UNLOCK TABLES;

--
-- Table structure for table `categories`
--

DROP TABLE IF EXISTS `categories`;
/*!40101 SET @saved_cs_client     = @@character_set_client */;
/*!50503 SET character_set_client = utf8mb4 */;
CREATE TABLE `categories` (
  `id` bigint unsigned NOT NULL AUTO_INCREMENT,
  `name` varchar(120) COLLATE utf8mb4_unicode_ci NOT NULL,
  `parent_id` bigint unsigned NOT NULL DEFAULT '0',
  `description` varchar(400) COLLATE utf8mb4_unicode_ci DEFAULT NULL,
  `status` varchar(60) COLLATE utf8mb4_unicode_ci NOT NULL DEFAULT 'published',
  `author_id` bigint unsigned DEFAULT NULL,
  `author_type` varchar(255) COLLATE utf8mb4_unicode_ci NOT NULL DEFAULT 'Botble\\ACL\\Models\\User',
  `icon` varchar(60) COLLATE utf8mb4_unicode_ci DEFAULT NULL,
  `order` tinyint NOT NULL DEFAULT '0',
  `is_featured` tinyint NOT NULL DEFAULT '0',
  `is_default` tinyint unsigned NOT NULL DEFAULT '0',
  `created_at` timestamp NULL DEFAULT NULL,
  `updated_at` timestamp NULL DEFAULT NULL,
  PRIMARY KEY (`id`),
  KEY `categories_parent_id_index` (`parent_id`),
  KEY `categories_status_index` (`status`),
  KEY `categories_created_at_index` (`created_at`)
) ENGINE=InnoDB AUTO_INCREMENT=8 DEFAULT CHARSET=utf8mb4 COLLATE=utf8mb4_unicode_ci;
/*!40101 SET character_set_client = @saved_cs_client */;

--
-- Dumping data for table `categories`
--

LOCK TABLES `categories` WRITE;
/*!40000 ALTER TABLE `categories` DISABLE KEYS */;
INSERT INTO `categories` VALUES (1,'Service',0,'Eveniet consequatur in rem quia est. Cupiditate excepturi dicta consequatur quis. Sint fugit recusandae veniam atque ab necessitatibus.','published',1,'Botble\\ACL\\Models\\User',NULL,0,0,1,'2023-11-30 00:32:54','2023-11-30 00:32:54'),(2,'Shipping',0,'Id rem cupiditate perspiciatis ea. Voluptatem commodi explicabo qui qui. Architecto deleniti iure dicta ipsam.','published',1,'Botble\\ACL\\Models\\User',NULL,0,1,0,'2023-11-30 00:32:54','2023-11-30 00:32:54'),(3,'Courier',2,'Rerum et officiis recusandae minima. Sit deleniti omnis similique dolores id et dolorum. Deleniti aliquid qui tenetur dicta.','published',1,'Botble\\ACL\\Models\\User',NULL,0,0,0,'2023-11-30 00:32:54','2023-11-30 00:32:54'),(4,'Transportation',0,'Voluptatem ut et quo quae quod. Animi qui omnis optio tempora similique. Iste atque recusandae velit eaque omnis. Labore quidem ipsa nemo quasi dicta.','published',1,'Botble\\ACL\\Models\\User',NULL,0,1,0,'2023-11-30 00:32:54','2023-11-30 00:32:54'),(5,'Supply Chain',4,'Blanditiis debitis illum accusantium quo molestias. Repellendus quam et sint unde nulla et. Repellat animi quam necessitatibus expedita molestiae tempora ipsam. Minus sed hic et hic.','published',1,'Botble\\ACL\\Models\\User',NULL,0,0,0,'2023-11-30 00:32:54','2023-11-30 00:32:54'),(6,'Delivery',0,'Et omnis nam omnis similique. Distinctio maxime et deleniti ducimus omnis nemo. Facilis temporibus voluptate enim et aspernatur vel qui. Distinctio non et nesciunt doloribus veniam.','published',1,'Botble\\ACL\\Models\\User',NULL,0,1,0,'2023-11-30 00:32:54','2023-11-30 00:32:54'),(7,'Freight Forwarding',6,'Eum soluta voluptatum id ipsum aut ab. Qui aliquam quas consequatur sit. Itaque occaecati consectetur non quis quis sunt sint. Aperiam sint nostrum sint qui dignissimos quo voluptatem.','published',1,'Botble\\ACL\\Models\\User',NULL,0,0,0,'2023-11-30 00:32:54','2023-11-30 00:32:54');
/*!40000 ALTER TABLE `categories` ENABLE KEYS */;
UNLOCK TABLES;

--
-- Table structure for table `categories_translations`
--

DROP TABLE IF EXISTS `categories_translations`;
/*!40101 SET @saved_cs_client     = @@character_set_client */;
/*!50503 SET character_set_client = utf8mb4 */;
CREATE TABLE `categories_translations` (
  `lang_code` varchar(20) COLLATE utf8mb4_unicode_ci NOT NULL,
  `categories_id` bigint unsigned NOT NULL,
  `name` varchar(255) COLLATE utf8mb4_unicode_ci DEFAULT NULL,
  `description` varchar(400) COLLATE utf8mb4_unicode_ci DEFAULT NULL,
  PRIMARY KEY (`lang_code`,`categories_id`)
) ENGINE=InnoDB DEFAULT CHARSET=utf8mb4 COLLATE=utf8mb4_unicode_ci;
/*!40101 SET character_set_client = @saved_cs_client */;

--
-- Dumping data for table `categories_translations`
--

LOCK TABLES `categories_translations` WRITE;
/*!40000 ALTER TABLE `categories_translations` DISABLE KEYS */;
/*!40000 ALTER TABLE `categories_translations` ENABLE KEYS */;
UNLOCK TABLES;

--
-- Table structure for table `contact_replies`
--

DROP TABLE IF EXISTS `contact_replies`;
/*!40101 SET @saved_cs_client     = @@character_set_client */;
/*!50503 SET character_set_client = utf8mb4 */;
CREATE TABLE `contact_replies` (
  `id` bigint unsigned NOT NULL AUTO_INCREMENT,
  `message` longtext COLLATE utf8mb4_unicode_ci NOT NULL,
  `contact_id` bigint unsigned NOT NULL,
  `created_at` timestamp NULL DEFAULT NULL,
  `updated_at` timestamp NULL DEFAULT NULL,
  PRIMARY KEY (`id`)
) ENGINE=InnoDB DEFAULT CHARSET=utf8mb4 COLLATE=utf8mb4_unicode_ci;
/*!40101 SET character_set_client = @saved_cs_client */;

--
-- Dumping data for table `contact_replies`
--

LOCK TABLES `contact_replies` WRITE;
/*!40000 ALTER TABLE `contact_replies` DISABLE KEYS */;
/*!40000 ALTER TABLE `contact_replies` ENABLE KEYS */;
UNLOCK TABLES;

--
-- Table structure for table `contacts`
--

DROP TABLE IF EXISTS `contacts`;
/*!40101 SET @saved_cs_client     = @@character_set_client */;
/*!50503 SET character_set_client = utf8mb4 */;
CREATE TABLE `contacts` (
  `id` bigint unsigned NOT NULL AUTO_INCREMENT,
  `name` varchar(60) COLLATE utf8mb4_unicode_ci NOT NULL,
  `email` varchar(60) COLLATE utf8mb4_unicode_ci NOT NULL,
  `phone` varchar(60) COLLATE utf8mb4_unicode_ci DEFAULT NULL,
  `address` varchar(120) COLLATE utf8mb4_unicode_ci DEFAULT NULL,
  `subject` varchar(120) COLLATE utf8mb4_unicode_ci DEFAULT NULL,
  `content` longtext COLLATE utf8mb4_unicode_ci NOT NULL,
  `status` varchar(60) COLLATE utf8mb4_unicode_ci NOT NULL DEFAULT 'unread',
  `created_at` timestamp NULL DEFAULT NULL,
  `updated_at` timestamp NULL DEFAULT NULL,
  PRIMARY KEY (`id`)
) ENGINE=InnoDB DEFAULT CHARSET=utf8mb4 COLLATE=utf8mb4_unicode_ci;
/*!40101 SET character_set_client = @saved_cs_client */;

--
-- Dumping data for table `contacts`
--

LOCK TABLES `contacts` WRITE;
/*!40000 ALTER TABLE `contacts` DISABLE KEYS */;
/*!40000 ALTER TABLE `contacts` ENABLE KEYS */;
UNLOCK TABLES;

--
-- Table structure for table `dashboard_widget_settings`
--

DROP TABLE IF EXISTS `dashboard_widget_settings`;
/*!40101 SET @saved_cs_client     = @@character_set_client */;
/*!50503 SET character_set_client = utf8mb4 */;
CREATE TABLE `dashboard_widget_settings` (
  `id` bigint unsigned NOT NULL AUTO_INCREMENT,
  `settings` text COLLATE utf8mb4_unicode_ci,
  `user_id` bigint unsigned NOT NULL,
  `widget_id` bigint unsigned NOT NULL,
  `order` tinyint unsigned NOT NULL DEFAULT '0',
  `status` tinyint unsigned NOT NULL DEFAULT '1',
  `created_at` timestamp NULL DEFAULT NULL,
  `updated_at` timestamp NULL DEFAULT NULL,
  PRIMARY KEY (`id`),
  KEY `dashboard_widget_settings_user_id_index` (`user_id`),
  KEY `dashboard_widget_settings_widget_id_index` (`widget_id`)
) ENGINE=InnoDB DEFAULT CHARSET=utf8mb4 COLLATE=utf8mb4_unicode_ci;
/*!40101 SET character_set_client = @saved_cs_client */;

--
-- Dumping data for table `dashboard_widget_settings`
--

LOCK TABLES `dashboard_widget_settings` WRITE;
/*!40000 ALTER TABLE `dashboard_widget_settings` DISABLE KEYS */;
/*!40000 ALTER TABLE `dashboard_widget_settings` ENABLE KEYS */;
UNLOCK TABLES;

--
-- Table structure for table `dashboard_widgets`
--

DROP TABLE IF EXISTS `dashboard_widgets`;
/*!40101 SET @saved_cs_client     = @@character_set_client */;
/*!50503 SET character_set_client = utf8mb4 */;
CREATE TABLE `dashboard_widgets` (
  `id` bigint unsigned NOT NULL AUTO_INCREMENT,
  `name` varchar(120) COLLATE utf8mb4_unicode_ci NOT NULL,
  `created_at` timestamp NULL DEFAULT NULL,
  `updated_at` timestamp NULL DEFAULT NULL,
  PRIMARY KEY (`id`)
) ENGINE=InnoDB DEFAULT CHARSET=utf8mb4 COLLATE=utf8mb4_unicode_ci;
/*!40101 SET character_set_client = @saved_cs_client */;

--
-- Dumping data for table `dashboard_widgets`
--

LOCK TABLES `dashboard_widgets` WRITE;
/*!40000 ALTER TABLE `dashboard_widgets` DISABLE KEYS */;
/*!40000 ALTER TABLE `dashboard_widgets` ENABLE KEYS */;
UNLOCK TABLES;

--
-- Table structure for table `failed_jobs`
--

DROP TABLE IF EXISTS `failed_jobs`;
/*!40101 SET @saved_cs_client     = @@character_set_client */;
/*!50503 SET character_set_client = utf8mb4 */;
CREATE TABLE `failed_jobs` (
  `id` bigint unsigned NOT NULL AUTO_INCREMENT,
  `uuid` varchar(191) COLLATE utf8mb4_unicode_ci NOT NULL,
  `connection` text COLLATE utf8mb4_unicode_ci NOT NULL,
  `queue` text COLLATE utf8mb4_unicode_ci NOT NULL,
  `payload` longtext COLLATE utf8mb4_unicode_ci NOT NULL,
  `exception` longtext COLLATE utf8mb4_unicode_ci NOT NULL,
  `failed_at` timestamp NOT NULL DEFAULT CURRENT_TIMESTAMP,
  PRIMARY KEY (`id`),
  UNIQUE KEY `failed_jobs_uuid_unique` (`uuid`)
) ENGINE=InnoDB DEFAULT CHARSET=utf8mb4 COLLATE=utf8mb4_unicode_ci;
/*!40101 SET character_set_client = @saved_cs_client */;

--
-- Dumping data for table `failed_jobs`
--

LOCK TABLES `failed_jobs` WRITE;
/*!40000 ALTER TABLE `failed_jobs` DISABLE KEYS */;
/*!40000 ALTER TABLE `failed_jobs` ENABLE KEYS */;
UNLOCK TABLES;

--
-- Table structure for table `faq_categories`
--

DROP TABLE IF EXISTS `faq_categories`;
/*!40101 SET @saved_cs_client     = @@character_set_client */;
/*!50503 SET character_set_client = utf8mb4 */;
CREATE TABLE `faq_categories` (
  `id` bigint unsigned NOT NULL AUTO_INCREMENT,
  `name` varchar(120) COLLATE utf8mb4_unicode_ci NOT NULL,
  `order` tinyint NOT NULL DEFAULT '0',
  `status` varchar(60) COLLATE utf8mb4_unicode_ci NOT NULL DEFAULT 'published',
  `created_at` timestamp NULL DEFAULT NULL,
  `updated_at` timestamp NULL DEFAULT NULL,
  `description` varchar(300) COLLATE utf8mb4_unicode_ci DEFAULT NULL,
  PRIMARY KEY (`id`)
) ENGINE=InnoDB AUTO_INCREMENT=4 DEFAULT CHARSET=utf8mb4 COLLATE=utf8mb4_unicode_ci;
/*!40101 SET character_set_client = @saved_cs_client */;

--
-- Dumping data for table `faq_categories`
--

LOCK TABLES `faq_categories` WRITE;
/*!40000 ALTER TABLE `faq_categories` DISABLE KEYS */;
INSERT INTO `faq_categories` VALUES (1,'SHIPPING',0,'published','2023-11-30 00:32:56','2023-11-30 00:32:56',NULL),(2,'PAYMENT',1,'published','2023-11-30 00:32:56','2023-11-30 00:32:56',NULL),(3,'ORDER &amp; RETURNS',2,'published','2023-11-30 00:32:56','2023-11-30 00:32:56',NULL);
/*!40000 ALTER TABLE `faq_categories` ENABLE KEYS */;
UNLOCK TABLES;

--
-- Table structure for table `faq_categories_translations`
--

DROP TABLE IF EXISTS `faq_categories_translations`;
/*!40101 SET @saved_cs_client     = @@character_set_client */;
/*!50503 SET character_set_client = utf8mb4 */;
CREATE TABLE `faq_categories_translations` (
  `lang_code` varchar(20) COLLATE utf8mb4_unicode_ci NOT NULL,
  `faq_categories_id` bigint unsigned NOT NULL,
  `name` varchar(120) COLLATE utf8mb4_unicode_ci DEFAULT NULL,
  PRIMARY KEY (`lang_code`,`faq_categories_id`)
) ENGINE=InnoDB DEFAULT CHARSET=utf8mb4 COLLATE=utf8mb4_unicode_ci;
/*!40101 SET character_set_client = @saved_cs_client */;

--
-- Dumping data for table `faq_categories_translations`
--

LOCK TABLES `faq_categories_translations` WRITE;
/*!40000 ALTER TABLE `faq_categories_translations` DISABLE KEYS */;
/*!40000 ALTER TABLE `faq_categories_translations` ENABLE KEYS */;
UNLOCK TABLES;

--
-- Table structure for table `faqs`
--

DROP TABLE IF EXISTS `faqs`;
/*!40101 SET @saved_cs_client     = @@character_set_client */;
/*!50503 SET character_set_client = utf8mb4 */;
CREATE TABLE `faqs` (
  `id` bigint unsigned NOT NULL AUTO_INCREMENT,
  `question` text COLLATE utf8mb4_unicode_ci NOT NULL,
  `answer` text COLLATE utf8mb4_unicode_ci NOT NULL,
  `category_id` bigint unsigned NOT NULL,
  `status` varchar(60) COLLATE utf8mb4_unicode_ci NOT NULL DEFAULT 'published',
  `created_at` timestamp NULL DEFAULT NULL,
  `updated_at` timestamp NULL DEFAULT NULL,
  PRIMARY KEY (`id`)
) ENGINE=InnoDB AUTO_INCREMENT=11 DEFAULT CHARSET=utf8mb4 COLLATE=utf8mb4_unicode_ci;
/*!40101 SET character_set_client = @saved_cs_client */;

--
-- Dumping data for table `faqs`
--

LOCK TABLES `faqs` WRITE;
/*!40000 ALTER TABLE `faqs` DISABLE KEYS */;
INSERT INTO `faqs` VALUES (1,'Which Shipping Methods Are Available?','At TransP, We offer a diverse range of efficient and reliable shipping methods tailored to meet the unique needs of our valued customers. Our comprehensive selection includes both domestic and international options, designed to ensure that your goods reach their intended destinations promptly and securely',1,'published','2023-11-30 00:32:56','2023-11-30 00:32:56'),(2,'Do You Ship Internationally?','Absolutely, we’re pleased to inform you that we do offer international shipping services at TransP. Our global reach allows us to connect your shipments to virtually any corner of the world with precision and care. Whether you’re sending packages to neighboring countries or across continents, our experienced team is well-versed in navigating international regulations, customs procedures, and logistics intricacies.',1,'published','2023-11-30 00:32:56','2023-11-30 00:32:56'),(3,'How Long Will It Take To Get My Package?','At TransP, we understand the significance of timely deliveries, and we strive to provide accurate and dependable delivery estimates for your packages. The time it takes for your package to reach its destination can vary based on several factors, including the chosen shipping method, the origin and destination locations, as well as any customs procedures for international shipments.',1,'published','2023-11-30 00:32:56','2023-11-30 00:32:56'),(4,'What Payment Methods Are Accepted?','We’ve designed our payment process at TransP to be flexible and convenient, accommodating a variety of payment methods to suit your preferences. We accept major credit and debit cards, including Visa, MasterCard, American Express, and Discover, allowing you to securely complete transactions online or over the phone. ',2,'published','2023-11-30 00:32:56','2023-11-30 00:32:56'),(5,'Is Buying On-Line Safe?','Absolutely, safety and security are paramount when it comes to online purchases, and we understand your concerns. At TransP, we prioritize the protection of your personal and financial information. Our online platform is equipped with robust encryption technology that safeguards your data, ensuring that your sensitive details remain confidential during the purchasing process.',2,'published','2023-11-30 00:32:56','2023-11-30 00:32:56'),(6,'How do I place an Order?','Placing an order with TransP is a straightforward and user-friendly process. Here’s a step-by-step guide to help you through the process: Visit Our Website, Choose Shipping Details, Select Shipping Method, Review and Confirm',3,'published','2023-11-30 00:32:56','2023-11-30 00:32:56'),(7,'How Can I Cancel Or Change My Order?','We understand that plans can change, and we’re here to assist you with order modifications or cancellations at TransP. If you need to make changes to your order or cancel it, please follow these steps: Contact Customer Support, Provide Order Details, Request Changes.',3,'published','2023-11-30 00:32:56','2023-11-30 00:32:56'),(8,'Do I need an account to place an order?','At TransP, we aim to provide a convenient and flexible ordering process. While having an account is not mandatory, creating one can offer you several benefits that enhance your overall experience. Here’s a breakdown of both options: Ordering Without an Account vs Creating an Account.',3,'published','2023-11-30 00:32:56','2023-11-30 00:32:56'),(9,'How Do I Track My Order?','Tracking your order at TransP is a straightforward process that keeps you informed about the progress of your shipment. Here’s how you can track your order: Order Confirmation Email, Visit Our Website, Enter Tracking Number, View Shipment Status',3,'published','2023-11-30 00:32:56','2023-11-30 00:32:56'),(10,'How Can I Return a Product?','We understand that occasionally, you may need to return a product, and we’re here to guide you through the process to ensure a smooth experience. Here’s how you can initiate a product return at Transp: Check Return Policy, Contact Customer Support, Provide Order Details.',3,'published','2023-11-30 00:32:56','2023-11-30 00:32:56');
/*!40000 ALTER TABLE `faqs` ENABLE KEYS */;
UNLOCK TABLES;

--
-- Table structure for table `faqs_translations`
--

DROP TABLE IF EXISTS `faqs_translations`;
/*!40101 SET @saved_cs_client     = @@character_set_client */;
/*!50503 SET character_set_client = utf8mb4 */;
CREATE TABLE `faqs_translations` (
  `lang_code` varchar(20) COLLATE utf8mb4_unicode_ci NOT NULL,
  `faqs_id` bigint unsigned NOT NULL,
  `question` text COLLATE utf8mb4_unicode_ci,
  `answer` text COLLATE utf8mb4_unicode_ci,
  PRIMARY KEY (`lang_code`,`faqs_id`)
) ENGINE=InnoDB DEFAULT CHARSET=utf8mb4 COLLATE=utf8mb4_unicode_ci;
/*!40101 SET character_set_client = @saved_cs_client */;

--
-- Dumping data for table `faqs_translations`
--

LOCK TABLES `faqs_translations` WRITE;
/*!40000 ALTER TABLE `faqs_translations` DISABLE KEYS */;
/*!40000 ALTER TABLE `faqs_translations` ENABLE KEYS */;
UNLOCK TABLES;

--
-- Table structure for table `galleries`
--

DROP TABLE IF EXISTS `galleries`;
/*!40101 SET @saved_cs_client     = @@character_set_client */;
/*!50503 SET character_set_client = utf8mb4 */;
CREATE TABLE `galleries` (
  `id` bigint unsigned NOT NULL AUTO_INCREMENT,
  `name` varchar(120) COLLATE utf8mb4_unicode_ci NOT NULL,
  `description` longtext COLLATE utf8mb4_unicode_ci NOT NULL,
  `is_featured` tinyint unsigned NOT NULL DEFAULT '0',
  `order` tinyint unsigned NOT NULL DEFAULT '0',
  `image` varchar(255) COLLATE utf8mb4_unicode_ci DEFAULT NULL,
  `user_id` bigint unsigned DEFAULT NULL,
  `status` varchar(60) COLLATE utf8mb4_unicode_ci NOT NULL DEFAULT 'published',
  `created_at` timestamp NULL DEFAULT NULL,
  `updated_at` timestamp NULL DEFAULT NULL,
  PRIMARY KEY (`id`),
  KEY `galleries_user_id_index` (`user_id`)
) ENGINE=InnoDB AUTO_INCREMENT=8 DEFAULT CHARSET=utf8mb4 COLLATE=utf8mb4_unicode_ci;
/*!40101 SET character_set_client = @saved_cs_client */;

--
-- Dumping data for table `galleries`
--

LOCK TABLES `galleries` WRITE;
/*!40000 ALTER TABLE `galleries` DISABLE KEYS */;
INSERT INTO `galleries` VALUES (1,'Shipping','We orchestrate intricate supply chains, optimizing processes for cost-effective, timely, and eco-conscious logistics.',1,0,'galleries/1.png',1,'published','2023-11-30 00:32:54','2023-11-30 00:32:54'),(2,'Transport','We orchestrate intricate supply chains, optimizing processes for cost-effective, timely, and eco-conscious logistics.',1,0,'galleries/3.png',1,'published','2023-11-30 00:32:54','2023-11-30 00:32:54'),(3,'Express','Beyond borders, we connect businesses with the world through expert logistics, managing complexities with finesse.',1,0,'galleries/3.png',1,'published','2023-11-30 00:32:54','2023-11-30 00:32:54'),(4,'Customs','Unparalleled speed, strategic route planning, and real-time tracking define our service, setting new logistics standards.',1,0,'galleries/8.png',1,'published','2023-11-30 00:32:54','2023-11-30 00:32:54'),(5,'SupplyChain','Our expert solutions streamline operations, ensuring efficient transport, warehousing, and global shipping. Your success, our mission.',1,0,'galleries/1.png',1,'published','2023-11-30 00:32:54','2023-11-30 00:32:54'),(6,'Logistics','Tailored to your needs, our diverse services ensure secure, swift deliveries, empowering your business growth.',1,0,'galleries/4.png',1,'published','2023-11-30 00:32:54','2023-11-30 00:32:54'),(7,'FAQs','Everything you need to know about the product and billing. Can not find the answer you are looking for? Please Contact our support team.',0,0,'homepage/img-faq1.png',1,'published','2023-11-30 00:32:54','2023-11-30 00:32:54');
/*!40000 ALTER TABLE `galleries` ENABLE KEYS */;
UNLOCK TABLES;

--
-- Table structure for table `galleries_translations`
--

DROP TABLE IF EXISTS `galleries_translations`;
/*!40101 SET @saved_cs_client     = @@character_set_client */;
/*!50503 SET character_set_client = utf8mb4 */;
CREATE TABLE `galleries_translations` (
  `lang_code` varchar(20) COLLATE utf8mb4_unicode_ci NOT NULL,
  `galleries_id` bigint unsigned NOT NULL,
  `name` varchar(255) COLLATE utf8mb4_unicode_ci DEFAULT NULL,
  `description` longtext COLLATE utf8mb4_unicode_ci,
  PRIMARY KEY (`lang_code`,`galleries_id`)
) ENGINE=InnoDB DEFAULT CHARSET=utf8mb4 COLLATE=utf8mb4_unicode_ci;
/*!40101 SET character_set_client = @saved_cs_client */;

--
-- Dumping data for table `galleries_translations`
--

LOCK TABLES `galleries_translations` WRITE;
/*!40000 ALTER TABLE `galleries_translations` DISABLE KEYS */;
/*!40000 ALTER TABLE `galleries_translations` ENABLE KEYS */;
UNLOCK TABLES;

--
-- Table structure for table `gallery_meta`
--

DROP TABLE IF EXISTS `gallery_meta`;
/*!40101 SET @saved_cs_client     = @@character_set_client */;
/*!50503 SET character_set_client = utf8mb4 */;
CREATE TABLE `gallery_meta` (
  `id` bigint unsigned NOT NULL AUTO_INCREMENT,
  `images` text COLLATE utf8mb4_unicode_ci,
  `reference_id` bigint unsigned NOT NULL,
  `reference_type` varchar(120) COLLATE utf8mb4_unicode_ci NOT NULL,
  `created_at` timestamp NULL DEFAULT NULL,
  `updated_at` timestamp NULL DEFAULT NULL,
  PRIMARY KEY (`id`),
  KEY `gallery_meta_reference_id_index` (`reference_id`)
) ENGINE=InnoDB AUTO_INCREMENT=8 DEFAULT CHARSET=utf8mb4 COLLATE=utf8mb4_unicode_ci;
/*!40101 SET character_set_client = @saved_cs_client */;

--
-- Dumping data for table `gallery_meta`
--

LOCK TABLES `gallery_meta` WRITE;
/*!40000 ALTER TABLE `gallery_meta` DISABLE KEYS */;
INSERT INTO `gallery_meta` VALUES (1,'[{\"img\":\"galleries\\/1.png\",\"description\":\"Alice, as she could not possibly reach it: she could not even room for this, and after a minute or two to think about stopping herself before she gave one sharp kick, and waited to see if she were.\"},{\"img\":\"galleries\\/2.png\",\"description\":\"Hatter began, in rather a handsome pig, I think.\' And she squeezed herself up on tiptoe, and peeped over the wig, (look at the top of the way wherever she wanted to send the hedgehog had unrolled.\"},{\"img\":\"galleries\\/3.png\",\"description\":\"Alice, \'it\'ll never do to ask: perhaps I shall never get to the little golden key, and unlocking the door between us. For instance, suppose it doesn\'t matter much,\' thought Alice, \'as all the.\"},{\"img\":\"galleries\\/4.png\",\"description\":\"I can listen all day to day.\' This was not quite sure whether it was done. They had not as yet had any sense, they\'d take the hint; but the wise little Alice was too dark to see if she meant to take.\"},{\"img\":\"galleries\\/5.png\",\"description\":\"It doesn\'t look like it?\' he said, \'on and off, for days and days.\' \'But what happens when you have of putting things!\' \'It\'s a mineral, I THINK,\' said Alice. \'Why, you don\'t know where Dinn may.\"},{\"img\":\"galleries\\/6.png\",\"description\":\"Caterpillar called after her. \'I\'ve something important to say!\' This sounded promising, certainly: Alice turned and came flying down upon her: she gave her one, they gave him two, You gave us three.\"},{\"img\":\"galleries\\/7.png\",\"description\":\"I\'ve made up my mind about it; and as Alice could see it pop down a large mushroom growing near her, about the right way to fly up into the earth. At last the Caterpillar contemptuously. \'Who are.\"},{\"img\":\"galleries\\/8.png\",\"description\":\"Alice like the look of it in the direction it pointed to, without trying to invent something!\' \'I--I\'m a little startled when she got to the other arm curled round her head. Still she went on.\"},{\"img\":\"galleries\\/9.png\",\"description\":\"Gryphon is, look at the Duchess by this time, and was going to remark myself.\' \'Have you seen the Mock Turtle to the seaside once in her face, and large eyes full of soup. \'There\'s certainly too.\"}]',1,'Botble\\Gallery\\Models\\Gallery','2023-11-30 00:32:54','2023-11-30 00:32:54'),(2,'[{\"img\":\"galleries\\/1.png\",\"description\":\"Alice, as she could not possibly reach it: she could not even room for this, and after a minute or two to think about stopping herself before she gave one sharp kick, and waited to see if she were.\"},{\"img\":\"galleries\\/2.png\",\"description\":\"Hatter began, in rather a handsome pig, I think.\' And she squeezed herself up on tiptoe, and peeped over the wig, (look at the top of the way wherever she wanted to send the hedgehog had unrolled.\"},{\"img\":\"galleries\\/3.png\",\"description\":\"Alice, \'it\'ll never do to ask: perhaps I shall never get to the little golden key, and unlocking the door between us. For instance, suppose it doesn\'t matter much,\' thought Alice, \'as all the.\"},{\"img\":\"galleries\\/4.png\",\"description\":\"I can listen all day to day.\' This was not quite sure whether it was done. They had not as yet had any sense, they\'d take the hint; but the wise little Alice was too dark to see if she meant to take.\"},{\"img\":\"galleries\\/5.png\",\"description\":\"It doesn\'t look like it?\' he said, \'on and off, for days and days.\' \'But what happens when you have of putting things!\' \'It\'s a mineral, I THINK,\' said Alice. \'Why, you don\'t know where Dinn may.\"},{\"img\":\"galleries\\/6.png\",\"description\":\"Caterpillar called after her. \'I\'ve something important to say!\' This sounded promising, certainly: Alice turned and came flying down upon her: she gave her one, they gave him two, You gave us three.\"},{\"img\":\"galleries\\/7.png\",\"description\":\"I\'ve made up my mind about it; and as Alice could see it pop down a large mushroom growing near her, about the right way to fly up into the earth. At last the Caterpillar contemptuously. \'Who are.\"},{\"img\":\"galleries\\/8.png\",\"description\":\"Alice like the look of it in the direction it pointed to, without trying to invent something!\' \'I--I\'m a little startled when she got to the other arm curled round her head. Still she went on.\"},{\"img\":\"galleries\\/9.png\",\"description\":\"Gryphon is, look at the Duchess by this time, and was going to remark myself.\' \'Have you seen the Mock Turtle to the seaside once in her face, and large eyes full of soup. \'There\'s certainly too.\"}]',2,'Botble\\Gallery\\Models\\Gallery','2023-11-30 00:32:54','2023-11-30 00:32:54'),(3,'[{\"img\":\"galleries\\/1.png\",\"description\":\"Alice, as she could not possibly reach it: she could not even room for this, and after a minute or two to think about stopping herself before she gave one sharp kick, and waited to see if she were.\"},{\"img\":\"galleries\\/2.png\",\"description\":\"Hatter began, in rather a handsome pig, I think.\' And she squeezed herself up on tiptoe, and peeped over the wig, (look at the top of the way wherever she wanted to send the hedgehog had unrolled.\"},{\"img\":\"galleries\\/3.png\",\"description\":\"Alice, \'it\'ll never do to ask: perhaps I shall never get to the little golden key, and unlocking the door between us. For instance, suppose it doesn\'t matter much,\' thought Alice, \'as all the.\"},{\"img\":\"galleries\\/4.png\",\"description\":\"I can listen all day to day.\' This was not quite sure whether it was done. They had not as yet had any sense, they\'d take the hint; but the wise little Alice was too dark to see if she meant to take.\"},{\"img\":\"galleries\\/5.png\",\"description\":\"It doesn\'t look like it?\' he said, \'on and off, for days and days.\' \'But what happens when you have of putting things!\' \'It\'s a mineral, I THINK,\' said Alice. \'Why, you don\'t know where Dinn may.\"},{\"img\":\"galleries\\/6.png\",\"description\":\"Caterpillar called after her. \'I\'ve something important to say!\' This sounded promising, certainly: Alice turned and came flying down upon her: she gave her one, they gave him two, You gave us three.\"},{\"img\":\"galleries\\/7.png\",\"description\":\"I\'ve made up my mind about it; and as Alice could see it pop down a large mushroom growing near her, about the right way to fly up into the earth. At last the Caterpillar contemptuously. \'Who are.\"},{\"img\":\"galleries\\/8.png\",\"description\":\"Alice like the look of it in the direction it pointed to, without trying to invent something!\' \'I--I\'m a little startled when she got to the other arm curled round her head. Still she went on.\"},{\"img\":\"galleries\\/9.png\",\"description\":\"Gryphon is, look at the Duchess by this time, and was going to remark myself.\' \'Have you seen the Mock Turtle to the seaside once in her face, and large eyes full of soup. \'There\'s certainly too.\"}]',3,'Botble\\Gallery\\Models\\Gallery','2023-11-30 00:32:54','2023-11-30 00:32:54'),(4,'[{\"img\":\"galleries\\/1.png\",\"description\":\"Alice, as she could not possibly reach it: she could not even room for this, and after a minute or two to think about stopping herself before she gave one sharp kick, and waited to see if she were.\"},{\"img\":\"galleries\\/2.png\",\"description\":\"Hatter began, in rather a handsome pig, I think.\' And she squeezed herself up on tiptoe, and peeped over the wig, (look at the top of the way wherever she wanted to send the hedgehog had unrolled.\"},{\"img\":\"galleries\\/3.png\",\"description\":\"Alice, \'it\'ll never do to ask: perhaps I shall never get to the little golden key, and unlocking the door between us. For instance, suppose it doesn\'t matter much,\' thought Alice, \'as all the.\"},{\"img\":\"galleries\\/4.png\",\"description\":\"I can listen all day to day.\' This was not quite sure whether it was done. They had not as yet had any sense, they\'d take the hint; but the wise little Alice was too dark to see if she meant to take.\"},{\"img\":\"galleries\\/5.png\",\"description\":\"It doesn\'t look like it?\' he said, \'on and off, for days and days.\' \'But what happens when you have of putting things!\' \'It\'s a mineral, I THINK,\' said Alice. \'Why, you don\'t know where Dinn may.\"},{\"img\":\"galleries\\/6.png\",\"description\":\"Caterpillar called after her. \'I\'ve something important to say!\' This sounded promising, certainly: Alice turned and came flying down upon her: she gave her one, they gave him two, You gave us three.\"},{\"img\":\"galleries\\/7.png\",\"description\":\"I\'ve made up my mind about it; and as Alice could see it pop down a large mushroom growing near her, about the right way to fly up into the earth. At last the Caterpillar contemptuously. \'Who are.\"},{\"img\":\"galleries\\/8.png\",\"description\":\"Alice like the look of it in the direction it pointed to, without trying to invent something!\' \'I--I\'m a little startled when she got to the other arm curled round her head. Still she went on.\"},{\"img\":\"galleries\\/9.png\",\"description\":\"Gryphon is, look at the Duchess by this time, and was going to remark myself.\' \'Have you seen the Mock Turtle to the seaside once in her face, and large eyes full of soup. \'There\'s certainly too.\"}]',4,'Botble\\Gallery\\Models\\Gallery','2023-11-30 00:32:54','2023-11-30 00:32:54'),(5,'[{\"img\":\"galleries\\/1.png\",\"description\":\"Alice, as she could not possibly reach it: she could not even room for this, and after a minute or two to think about stopping herself before she gave one sharp kick, and waited to see if she were.\"},{\"img\":\"galleries\\/2.png\",\"description\":\"Hatter began, in rather a handsome pig, I think.\' And she squeezed herself up on tiptoe, and peeped over the wig, (look at the top of the way wherever she wanted to send the hedgehog had unrolled.\"},{\"img\":\"galleries\\/3.png\",\"description\":\"Alice, \'it\'ll never do to ask: perhaps I shall never get to the little golden key, and unlocking the door between us. For instance, suppose it doesn\'t matter much,\' thought Alice, \'as all the.\"},{\"img\":\"galleries\\/4.png\",\"description\":\"I can listen all day to day.\' This was not quite sure whether it was done. They had not as yet had any sense, they\'d take the hint; but the wise little Alice was too dark to see if she meant to take.\"},{\"img\":\"galleries\\/5.png\",\"description\":\"It doesn\'t look like it?\' he said, \'on and off, for days and days.\' \'But what happens when you have of putting things!\' \'It\'s a mineral, I THINK,\' said Alice. \'Why, you don\'t know where Dinn may.\"},{\"img\":\"galleries\\/6.png\",\"description\":\"Caterpillar called after her. \'I\'ve something important to say!\' This sounded promising, certainly: Alice turned and came flying down upon her: she gave her one, they gave him two, You gave us three.\"},{\"img\":\"galleries\\/7.png\",\"description\":\"I\'ve made up my mind about it; and as Alice could see it pop down a large mushroom growing near her, about the right way to fly up into the earth. At last the Caterpillar contemptuously. \'Who are.\"},{\"img\":\"galleries\\/8.png\",\"description\":\"Alice like the look of it in the direction it pointed to, without trying to invent something!\' \'I--I\'m a little startled when she got to the other arm curled round her head. Still she went on.\"},{\"img\":\"galleries\\/9.png\",\"description\":\"Gryphon is, look at the Duchess by this time, and was going to remark myself.\' \'Have you seen the Mock Turtle to the seaside once in her face, and large eyes full of soup. \'There\'s certainly too.\"}]',5,'Botble\\Gallery\\Models\\Gallery','2023-11-30 00:32:54','2023-11-30 00:32:54'),(6,'[{\"img\":\"galleries\\/1.png\",\"description\":\"Alice, as she could not possibly reach it: she could not even room for this, and after a minute or two to think about stopping herself before she gave one sharp kick, and waited to see if she were.\"},{\"img\":\"galleries\\/2.png\",\"description\":\"Hatter began, in rather a handsome pig, I think.\' And she squeezed herself up on tiptoe, and peeped over the wig, (look at the top of the way wherever she wanted to send the hedgehog had unrolled.\"},{\"img\":\"galleries\\/3.png\",\"description\":\"Alice, \'it\'ll never do to ask: perhaps I shall never get to the little golden key, and unlocking the door between us. For instance, suppose it doesn\'t matter much,\' thought Alice, \'as all the.\"},{\"img\":\"galleries\\/4.png\",\"description\":\"I can listen all day to day.\' This was not quite sure whether it was done. They had not as yet had any sense, they\'d take the hint; but the wise little Alice was too dark to see if she meant to take.\"},{\"img\":\"galleries\\/5.png\",\"description\":\"It doesn\'t look like it?\' he said, \'on and off, for days and days.\' \'But what happens when you have of putting things!\' \'It\'s a mineral, I THINK,\' said Alice. \'Why, you don\'t know where Dinn may.\"},{\"img\":\"galleries\\/6.png\",\"description\":\"Caterpillar called after her. \'I\'ve something important to say!\' This sounded promising, certainly: Alice turned and came flying down upon her: she gave her one, they gave him two, You gave us three.\"},{\"img\":\"galleries\\/7.png\",\"description\":\"I\'ve made up my mind about it; and as Alice could see it pop down a large mushroom growing near her, about the right way to fly up into the earth. At last the Caterpillar contemptuously. \'Who are.\"},{\"img\":\"galleries\\/8.png\",\"description\":\"Alice like the look of it in the direction it pointed to, without trying to invent something!\' \'I--I\'m a little startled when she got to the other arm curled round her head. Still she went on.\"},{\"img\":\"galleries\\/9.png\",\"description\":\"Gryphon is, look at the Duchess by this time, and was going to remark myself.\' \'Have you seen the Mock Turtle to the seaside once in her face, and large eyes full of soup. \'There\'s certainly too.\"}]',6,'Botble\\Gallery\\Models\\Gallery','2023-11-30 00:32:54','2023-11-30 00:32:54'),(7,'[{\"img\":\"homepage\\/img-faq1.png\",\"description\":\"Alice replied in an offended tone, and added \'It isn\'t mine,\' said the Mock Turtle. \'No, no! The adventures first,\' said the Dormouse, and repeated her question. \'Why did you call it sad?\' And she.\"},{\"img\":\"homepage\\/img-faq2.png\",\"description\":\"Alice after it, and very soon finished off the mushroom, and her eyes filled with cupboards and book-shelves; here and there. There was a general clapping of hands at this: it was neither more nor.\"},{\"img\":\"homepage\\/img-faq3.png\",\"description\":\"That he met in the sea. The master was an old crab, HE was.\' \'I never was so ordered about in all their simple joys, remembering her own courage. \'It\'s no use in knocking,\' said the Pigeon; \'but I.\"}]',7,'Botble\\Gallery\\Models\\Gallery','2023-11-30 00:32:54','2023-11-30 00:32:54');
/*!40000 ALTER TABLE `gallery_meta` ENABLE KEYS */;
UNLOCK TABLES;

--
-- Table structure for table `gallery_meta_translations`
--

DROP TABLE IF EXISTS `gallery_meta_translations`;
/*!40101 SET @saved_cs_client     = @@character_set_client */;
/*!50503 SET character_set_client = utf8mb4 */;
CREATE TABLE `gallery_meta_translations` (
  `lang_code` varchar(20) COLLATE utf8mb4_unicode_ci NOT NULL,
  `gallery_meta_id` bigint unsigned NOT NULL,
  `images` text COLLATE utf8mb4_unicode_ci,
  PRIMARY KEY (`lang_code`,`gallery_meta_id`)
) ENGINE=InnoDB DEFAULT CHARSET=utf8mb4 COLLATE=utf8mb4_unicode_ci;
/*!40101 SET character_set_client = @saved_cs_client */;

--
-- Dumping data for table `gallery_meta_translations`
--

LOCK TABLES `gallery_meta_translations` WRITE;
/*!40000 ALTER TABLE `gallery_meta_translations` DISABLE KEYS */;
/*!40000 ALTER TABLE `gallery_meta_translations` ENABLE KEYS */;
UNLOCK TABLES;

--
-- Table structure for table `jobs`
--

DROP TABLE IF EXISTS `jobs`;
/*!40101 SET @saved_cs_client     = @@character_set_client */;
/*!50503 SET character_set_client = utf8mb4 */;
CREATE TABLE `jobs` (
  `id` bigint unsigned NOT NULL AUTO_INCREMENT,
  `queue` varchar(191) COLLATE utf8mb4_unicode_ci NOT NULL,
  `payload` longtext COLLATE utf8mb4_unicode_ci NOT NULL,
  `attempts` tinyint unsigned NOT NULL,
  `reserved_at` int unsigned DEFAULT NULL,
  `available_at` int unsigned NOT NULL,
  `created_at` int unsigned NOT NULL,
  PRIMARY KEY (`id`),
  KEY `jobs_queue_index` (`queue`)
) ENGINE=InnoDB DEFAULT CHARSET=utf8mb4 COLLATE=utf8mb4_unicode_ci;
/*!40101 SET character_set_client = @saved_cs_client */;

--
-- Dumping data for table `jobs`
--

LOCK TABLES `jobs` WRITE;
/*!40000 ALTER TABLE `jobs` DISABLE KEYS */;
/*!40000 ALTER TABLE `jobs` ENABLE KEYS */;
UNLOCK TABLES;

--
-- Table structure for table `language_meta`
--

DROP TABLE IF EXISTS `language_meta`;
/*!40101 SET @saved_cs_client     = @@character_set_client */;
/*!50503 SET character_set_client = utf8mb4 */;
CREATE TABLE `language_meta` (
  `lang_meta_id` bigint unsigned NOT NULL AUTO_INCREMENT,
  `lang_meta_code` varchar(20) COLLATE utf8mb4_unicode_ci DEFAULT NULL,
  `lang_meta_origin` varchar(32) COLLATE utf8mb4_unicode_ci NOT NULL,
  `reference_id` bigint unsigned NOT NULL,
  `reference_type` varchar(120) COLLATE utf8mb4_unicode_ci NOT NULL,
  PRIMARY KEY (`lang_meta_id`),
  KEY `language_meta_reference_id_index` (`reference_id`),
  KEY `meta_code_index` (`lang_meta_code`),
  KEY `meta_origin_index` (`lang_meta_origin`),
  KEY `meta_reference_type_index` (`reference_type`)
) ENGINE=InnoDB AUTO_INCREMENT=9 DEFAULT CHARSET=utf8mb4 COLLATE=utf8mb4_unicode_ci;
/*!40101 SET character_set_client = @saved_cs_client */;

--
-- Dumping data for table `language_meta`
--

LOCK TABLES `language_meta` WRITE;
/*!40000 ALTER TABLE `language_meta` DISABLE KEYS */;
INSERT INTO `language_meta` VALUES (1,'en_US','d92f56c70e44efd3fa95472b89b24c2d',1,'Botble\\SimpleSlider\\Models\\SimpleSlider'),(2,'en_US','7b5476f716cf43e7f655dc56bbc02734',1,'Botble\\Menu\\Models\\MenuLocation'),(3,'en_US','aeddd09bb492b9b1bec17f93117a206d',1,'Botble\\Menu\\Models\\Menu'),(4,'en_US','bf8ade1acc48f6dbfc8c3e84fa247445',2,'Botble\\Menu\\Models\\Menu'),(5,'en_US','e7dd045c8fa1d6f444188f47bc5adf4b',3,'Botble\\Menu\\Models\\Menu'),(6,'en_US','4b24213323ab0521eb23635686308146',4,'Botble\\Menu\\Models\\Menu'),(7,'en_US','ed194fcf45506203e7aed65fe49099fb',2,'Botble\\Menu\\Models\\MenuLocation'),(8,'en_US','b09c52ba7c90b5001fbe6e77a2d02336',5,'Botble\\Menu\\Models\\Menu');
/*!40000 ALTER TABLE `language_meta` ENABLE KEYS */;
UNLOCK TABLES;

--
-- Table structure for table `languages`
--

DROP TABLE IF EXISTS `languages`;
/*!40101 SET @saved_cs_client     = @@character_set_client */;
/*!50503 SET character_set_client = utf8mb4 */;
CREATE TABLE `languages` (
  `lang_id` bigint unsigned NOT NULL AUTO_INCREMENT,
  `lang_name` varchar(120) COLLATE utf8mb4_unicode_ci NOT NULL,
  `lang_locale` varchar(20) COLLATE utf8mb4_unicode_ci NOT NULL,
  `lang_code` varchar(20) COLLATE utf8mb4_unicode_ci NOT NULL,
  `lang_flag` varchar(20) COLLATE utf8mb4_unicode_ci DEFAULT NULL,
  `lang_is_default` tinyint unsigned NOT NULL DEFAULT '0',
  `lang_order` int NOT NULL DEFAULT '0',
  `lang_is_rtl` tinyint unsigned NOT NULL DEFAULT '0',
  PRIMARY KEY (`lang_id`),
  KEY `lang_locale_index` (`lang_locale`),
  KEY `lang_code_index` (`lang_code`),
  KEY `lang_is_default_index` (`lang_is_default`)
) ENGINE=InnoDB AUTO_INCREMENT=2 DEFAULT CHARSET=utf8mb4 COLLATE=utf8mb4_unicode_ci;
/*!40101 SET character_set_client = @saved_cs_client */;

--
-- Dumping data for table `languages`
--

LOCK TABLES `languages` WRITE;
/*!40000 ALTER TABLE `languages` DISABLE KEYS */;
INSERT INTO `languages` VALUES (1,'English','en','en_US','us',1,0,0);
/*!40000 ALTER TABLE `languages` ENABLE KEYS */;
UNLOCK TABLES;

--
-- Table structure for table `lg_custom_field_options`
--

DROP TABLE IF EXISTS `lg_custom_field_options`;
/*!40101 SET @saved_cs_client     = @@character_set_client */;
/*!50503 SET character_set_client = utf8mb4 */;
CREATE TABLE `lg_custom_field_options` (
  `id` bigint unsigned NOT NULL AUTO_INCREMENT,
  `custom_field_id` bigint unsigned NOT NULL,
  `label` varchar(191) COLLATE utf8mb4_unicode_ci DEFAULT NULL,
  `value` varchar(191) COLLATE utf8mb4_unicode_ci NOT NULL,
  `order` int NOT NULL DEFAULT '999',
  `created_at` timestamp NULL DEFAULT NULL,
  `updated_at` timestamp NULL DEFAULT NULL,
  PRIMARY KEY (`id`),
  KEY `lg_custom_field_options_custom_field_id_index` (`custom_field_id`)
) ENGINE=InnoDB AUTO_INCREMENT=24 DEFAULT CHARSET=utf8mb4 COLLATE=utf8mb4_unicode_ci;
/*!40101 SET character_set_client = @saved_cs_client */;

--
-- Dumping data for table `lg_custom_field_options`
--

LOCK TABLES `lg_custom_field_options` WRITE;
/*!40000 ALTER TABLE `lg_custom_field_options` DISABLE KEYS */;
INSERT INTO `lg_custom_field_options` VALUES (1,1,'Service 1','Service 1',999,'2023-11-30 00:32:57','2023-11-30 00:32:57'),(2,1,'Service 2','Service 2',999,'2023-11-30 00:32:57','2023-11-30 00:32:57'),(3,1,'Service 3','Service 3',999,'2023-11-30 00:32:57','2023-11-30 00:32:57'),(4,1,'Service 4','Service 4',999,'2023-11-30 00:32:57','2023-11-30 00:32:57'),(5,1,'Service 4','Service 4',999,'2023-11-30 00:32:57','2023-11-30 00:32:57'),(6,2,'Commodities 1','Commodities 1',999,'2023-11-30 00:32:57','2023-11-30 00:32:57'),(7,2,'Commodities 2','Commodities 2',999,'2023-11-30 00:32:57','2023-11-30 00:32:57'),(8,2,'Commodities 3','Commodities 3',999,'2023-11-30 00:32:57','2023-11-30 00:32:57'),(9,2,'Commodities 4','Commodities 4',999,'2023-11-30 00:32:57','2023-11-30 00:32:57'),(10,2,'Commodities 4','Commodities 4',999,'2023-11-30 00:32:57','2023-11-30 00:32:57'),(11,3,'Delivery to 1','Delivery to 1',999,'2023-11-30 00:32:57','2023-11-30 00:32:57'),(12,3,'Delivery to 2','Delivery to 2',999,'2023-11-30 00:32:57','2023-11-30 00:32:57'),(13,3,'Delivery to 3','Delivery to 3',999,'2023-11-30 00:32:57','2023-11-30 00:32:57'),(14,3,'Delivery to 4','Delivery to 4',999,'2023-11-30 00:32:57','2023-11-30 00:32:57'),(15,3,'Delivery to 4','Delivery to 4',999,'2023-11-30 00:32:57','2023-11-30 00:32:57'),(16,5,'Quantity of goods 1','Quantity of goods 1',999,'2023-11-30 00:32:57','2023-11-30 00:32:57'),(17,5,'Quantity of goods 2','Quantity of goods 2',999,'2023-11-30 00:32:57','2023-11-30 00:32:57'),(18,5,'Quantity of goods 3','Quantity of goods 3',999,'2023-11-30 00:32:57','2023-11-30 00:32:57'),(19,5,'Quantity of goods 4','Quantity of goods 4',999,'2023-11-30 00:32:57','2023-11-30 00:32:57'),(20,5,'Quantity of goods 4','Quantity of goods 4',999,'2023-11-30 00:32:57','2023-11-30 00:32:57'),(21,6,'Express Delivery (+$40)','Express Delivery (+$40)',999,'2023-11-30 00:32:57','2023-11-30 00:32:57'),(22,6,'Add Insurance (+$20)','Add Insurance (+$20)',999,'2023-11-30 00:32:57','2023-11-30 00:32:57'),(23,6,'Packaging (+$15)','Packaging (+$15)',999,'2023-11-30 00:32:57','2023-11-30 00:32:57');
/*!40000 ALTER TABLE `lg_custom_field_options` ENABLE KEYS */;
UNLOCK TABLES;

--
-- Table structure for table `lg_custom_field_options_translations`
--

DROP TABLE IF EXISTS `lg_custom_field_options_translations`;
/*!40101 SET @saved_cs_client     = @@character_set_client */;
/*!50503 SET character_set_client = utf8mb4 */;
CREATE TABLE `lg_custom_field_options_translations` (
  `lang_code` varchar(191) COLLATE utf8mb4_unicode_ci NOT NULL,
  `label` varchar(191) COLLATE utf8mb4_unicode_ci DEFAULT NULL,
  `value` varchar(191) COLLATE utf8mb4_unicode_ci DEFAULT NULL,
  `lg_custom_field_options_id` bigint unsigned NOT NULL,
  PRIMARY KEY (`lang_code`,`lg_custom_field_options_id`)
) ENGINE=InnoDB DEFAULT CHARSET=utf8mb4 COLLATE=utf8mb4_unicode_ci;
/*!40101 SET character_set_client = @saved_cs_client */;

--
-- Dumping data for table `lg_custom_field_options_translations`
--

LOCK TABLES `lg_custom_field_options_translations` WRITE;
/*!40000 ALTER TABLE `lg_custom_field_options_translations` DISABLE KEYS */;
/*!40000 ALTER TABLE `lg_custom_field_options_translations` ENABLE KEYS */;
UNLOCK TABLES;

--
-- Table structure for table `lg_custom_fields`
--

DROP TABLE IF EXISTS `lg_custom_fields`;
/*!40101 SET @saved_cs_client     = @@character_set_client */;
/*!50503 SET character_set_client = utf8mb4 */;
CREATE TABLE `lg_custom_fields` (
  `id` bigint unsigned NOT NULL AUTO_INCREMENT,
  `author_type` varchar(191) COLLATE utf8mb4_unicode_ci NOT NULL,
  `author_id` bigint unsigned NOT NULL,
  `name` varchar(255) COLLATE utf8mb4_unicode_ci NOT NULL,
  `placeholder` varchar(191) COLLATE utf8mb4_unicode_ci DEFAULT NULL,
  `required` tinyint(1) NOT NULL DEFAULT '0',
  `type` varchar(60) COLLATE utf8mb4_unicode_ci NOT NULL,
  `order` int NOT NULL DEFAULT '999',
  `status` varchar(191) COLLATE utf8mb4_unicode_ci NOT NULL DEFAULT 'published',
  `created_at` timestamp NULL DEFAULT NULL,
  `updated_at` timestamp NULL DEFAULT NULL,
  PRIMARY KEY (`id`),
  KEY `lg_custom_fields_author_type_author_id_index` (`author_type`,`author_id`)
) ENGINE=InnoDB AUTO_INCREMENT=7 DEFAULT CHARSET=utf8mb4 COLLATE=utf8mb4_unicode_ci;
/*!40101 SET character_set_client = @saved_cs_client */;

--
-- Dumping data for table `lg_custom_fields`
--

LOCK TABLES `lg_custom_fields` WRITE;
/*!40000 ALTER TABLE `lg_custom_fields` DISABLE KEYS */;
INSERT INTO `lg_custom_fields` VALUES (1,'Botble\\ACL\\Models\\User',1,'Service',NULL,1,'dropdown',999,'published','2023-11-30 00:32:57','2023-11-30 00:32:57'),(2,'Botble\\ACL\\Models\\User',1,'Commodities',NULL,0,'dropdown',999,'published','2023-11-30 00:32:57','2023-11-30 00:32:57'),(3,'Botble\\ACL\\Models\\User',1,'Delivery to',NULL,0,'dropdown',999,'published','2023-11-30 00:32:57','2023-11-30 00:32:57'),(4,'Botble\\ACL\\Models\\User',1,'Weight',NULL,0,'text',999,'published','2023-11-30 00:32:57','2023-11-30 00:32:57'),(5,'Botble\\ACL\\Models\\User',1,'Quantity of goods',NULL,0,'dropdown',999,'published','2023-11-30 00:32:57','2023-11-30 00:32:57'),(6,'Botble\\ACL\\Models\\User',1,'Extra Services',NULL,1,'checkbox',999,'published','2023-11-30 00:32:57','2023-11-30 00:32:57');
/*!40000 ALTER TABLE `lg_custom_fields` ENABLE KEYS */;
UNLOCK TABLES;

--
-- Table structure for table `lg_custom_fields_translations`
--

DROP TABLE IF EXISTS `lg_custom_fields_translations`;
/*!40101 SET @saved_cs_client     = @@character_set_client */;
/*!50503 SET character_set_client = utf8mb4 */;
CREATE TABLE `lg_custom_fields_translations` (
  `lang_code` varchar(191) COLLATE utf8mb4_unicode_ci NOT NULL,
  `name` varchar(191) COLLATE utf8mb4_unicode_ci DEFAULT NULL,
  `placeholder` varchar(191) COLLATE utf8mb4_unicode_ci DEFAULT NULL,
  `type` varchar(60) COLLATE utf8mb4_unicode_ci DEFAULT NULL,
  `lg_custom_fields_id` bigint unsigned NOT NULL,
  PRIMARY KEY (`lang_code`,`lg_custom_fields_id`)
) ENGINE=InnoDB DEFAULT CHARSET=utf8mb4 COLLATE=utf8mb4_unicode_ci;
/*!40101 SET character_set_client = @saved_cs_client */;

--
-- Dumping data for table `lg_custom_fields_translations`
--

LOCK TABLES `lg_custom_fields_translations` WRITE;
/*!40000 ALTER TABLE `lg_custom_fields_translations` DISABLE KEYS */;
/*!40000 ALTER TABLE `lg_custom_fields_translations` ENABLE KEYS */;
UNLOCK TABLES;

--
-- Table structure for table `lg_packages`
--

DROP TABLE IF EXISTS `lg_packages`;
/*!40101 SET @saved_cs_client     = @@character_set_client */;
/*!50503 SET character_set_client = utf8mb4 */;
CREATE TABLE `lg_packages` (
  `id` bigint unsigned NOT NULL AUTO_INCREMENT,
  `name` varchar(191) COLLATE utf8mb4_unicode_ci NOT NULL,
  `description` varchar(400) COLLATE utf8mb4_unicode_ci DEFAULT NULL,
  `price` varchar(191) COLLATE utf8mb4_unicode_ci NOT NULL,
  `annual_price` varchar(50) COLLATE utf8mb4_unicode_ci DEFAULT NULL,
  `duration` varchar(191) COLLATE utf8mb4_unicode_ci NOT NULL,
  `features` text COLLATE utf8mb4_unicode_ci,
  `status` varchar(191) COLLATE utf8mb4_unicode_ci NOT NULL DEFAULT 'published',
  `is_popular` tinyint(1) NOT NULL DEFAULT '0',
  `created_at` timestamp NULL DEFAULT NULL,
  `updated_at` timestamp NULL DEFAULT NULL,
  `content` text COLLATE utf8mb4_unicode_ci NOT NULL,
  PRIMARY KEY (`id`)
) ENGINE=InnoDB AUTO_INCREMENT=5 DEFAULT CHARSET=utf8mb4 COLLATE=utf8mb4_unicode_ci;
/*!40101 SET character_set_client = @saved_cs_client */;

--
-- Dumping data for table `lg_packages`
--

LOCK TABLES `lg_packages` WRITE;
/*!40000 ALTER TABLE `lg_packages` DISABLE KEYS */;
INSERT INTO `lg_packages` VALUES (1,'Premium','Advanced features for pros who need more customization.','$125','$1,500','monthly','+ 15-Days Shipping Worldwide\n+ 1 Kg Weight Max /Package\n+ Free Bubble Warp\n+ 24/7 Support','published',0,'2023-11-30 00:32:57','2023-11-30 00:32:57','<h3>Package Overview</h3>\n<p>Our Transportation Logistics Package includes a comprehensive set of services designed to optimize your supply chain and streamline your transportation operations. We understand that managing logistics can be complex and time-consuming, which is why our team of experts is here to assist you at every step.</p>\n<p>Whether you are a small business looking to expand your market reach or a large enterprise seeking to improve your transportation efficiency, our package is tailor-made to meet your specific needs. By entrusting us with your logistics requirements, you can focus on growing your business while we handle the intricacies of transportation.</p>\n\n<h3>Key Features</h3>\n<h4>1. Freight Management</h4>\n<p>Our team of experienced professionals will handle all aspects of freight management, ensuring a seamless flow of goods from origin to destination. We take care of the entire process, including freight booking, carrier selection, and freight consolidation, to optimize shipping costs and transit times.</p>\n<p>With our extensive network of trusted carriers and global partners, we can accommodate shipments of any size or complexity, ranging from small parcels to oversized cargo. No matter the destination, we will find the most efficient and reliable transportation solutions for your goods.</p>\n\n<h4>2. Warehousing and Distribution</h4>\n<p>Efficient warehousing and distribution are crucial components of a successful logistics strategy. Our state-of-the-art warehouses are strategically located to support your supply chain needs, providing flexible storage options and value-added services.</p>\n<p>Our team manages inventory, order fulfillment, and distribution, ensuring that your products are delivered to customers promptly. By utilizing our warehousing services, you can reduce operational costs, minimize inventory risks, and improve order accuracy and on-time delivery rates.</p>\n\n<h4>3. Route Optimization</h4>\n<p>Transportation costs can significantly impact your bottom line. Our route optimization services leverage advanced technology to analyze various factors, such as distance, traffic patterns, and fuel consumption, to identify the most efficient and cost-effective transportation routes.</p>\n<p>By optimizing routes, we can help you save on transportation expenses, reduce carbon emissions, and ensure timely deliveries. Whether your shipments are regional, national, or international, our route optimization solutions will maximize the efficiency of your transportation operations.</p>\n\n<h4>4. Tracking and Visibility</h4>\n<p>Real-time tracking and visibility are essential for effective supply chain management. Our advanced tracking systems allow you to monitor your shipments at every stage of the transportation process.</p>\n<p>With access to detailed shipment information, you can proactively address potential issues, respond to customer inquiries accurately, and make data-driven decisions to improve overall logistics performance.</p>\n\n<h4>5. Freight Insurance</h4>\n<p>We understand that protecting your cargo during transit is crucial. Our comprehensive freight insurance coverage offers peace of mind, safeguarding your goods against loss, damage, or theft while in transit.</p>\n<p>Our team will assist you in selecting the appropriate insurance coverage based on the nature of your shipments and the associated risks. This added layer of protection ensures that your goods are safe and secure throughout the transportation process.</p>\n\n<h4>6. Customized Solutions</h4>\n<p>We recognize that each business has unique logistics requirements. Our logistics experts will work closely with you to understand your specific needs and challenges, developing a customized transportation plan that aligns with your goals and budget.</p>\n<p>Whether you require specialized handling, time-sensitive deliveries, or value-added services, we have the expertise and resources to deliver tailor-made solutions that drive your business forward.</p>\n'),(2,'Essentials','All the basics for businesses that are just getting started.','$89','$1,068','monthly','+ 7-Days Shipping Worldwide\n+ 3 Kg Weight Max /Package\n+ Free Wood Crate\n+ Get in touch to discuss\n+ Use Personal And Commercial\n+ 24/7 Support','published',1,'2023-11-30 00:32:57','2023-11-30 00:32:57','<h3>Package Overview</h3>\n<p>Our Transportation Logistics Package includes a comprehensive set of services designed to optimize your supply chain and streamline your transportation operations. We understand that managing logistics can be complex and time-consuming, which is why our team of experts is here to assist you at every step.</p>\n<p>Whether you are a small business looking to expand your market reach or a large enterprise seeking to improve your transportation efficiency, our package is tailor-made to meet your specific needs. By entrusting us with your logistics requirements, you can focus on growing your business while we handle the intricacies of transportation.</p>\n\n<h3>Key Features</h3>\n<h4>1. Freight Management</h4>\n<p>Our team of experienced professionals will handle all aspects of freight management, ensuring a seamless flow of goods from origin to destination. We take care of the entire process, including freight booking, carrier selection, and freight consolidation, to optimize shipping costs and transit times.</p>\n<p>With our extensive network of trusted carriers and global partners, we can accommodate shipments of any size or complexity, ranging from small parcels to oversized cargo. No matter the destination, we will find the most efficient and reliable transportation solutions for your goods.</p>\n\n<h4>2. Warehousing and Distribution</h4>\n<p>Efficient warehousing and distribution are crucial components of a successful logistics strategy. Our state-of-the-art warehouses are strategically located to support your supply chain needs, providing flexible storage options and value-added services.</p>\n<p>Our team manages inventory, order fulfillment, and distribution, ensuring that your products are delivered to customers promptly. By utilizing our warehousing services, you can reduce operational costs, minimize inventory risks, and improve order accuracy and on-time delivery rates.</p>\n\n<h4>3. Route Optimization</h4>\n<p>Transportation costs can significantly impact your bottom line. Our route optimization services leverage advanced technology to analyze various factors, such as distance, traffic patterns, and fuel consumption, to identify the most efficient and cost-effective transportation routes.</p>\n<p>By optimizing routes, we can help you save on transportation expenses, reduce carbon emissions, and ensure timely deliveries. Whether your shipments are regional, national, or international, our route optimization solutions will maximize the efficiency of your transportation operations.</p>\n\n<h4>4. Tracking and Visibility</h4>\n<p>Real-time tracking and visibility are essential for effective supply chain management. Our advanced tracking systems allow you to monitor your shipments at every stage of the transportation process.</p>\n<p>With access to detailed shipment information, you can proactively address potential issues, respond to customer inquiries accurately, and make data-driven decisions to improve overall logistics performance.</p>\n\n<h4>5. Freight Insurance</h4>\n<p>We understand that protecting your cargo during transit is crucial. Our comprehensive freight insurance coverage offers peace of mind, safeguarding your goods against loss, damage, or theft while in transit.</p>\n<p>Our team will assist you in selecting the appropriate insurance coverage based on the nature of your shipments and the associated risks. This added layer of protection ensures that your goods are safe and secure throughout the transportation process.</p>\n\n<h4>6. Customized Solutions</h4>\n<p>We recognize that each business has unique logistics requirements. Our logistics experts will work closely with you to understand your specific needs and challenges, developing a customized transportation plan that aligns with your goals and budget.</p>\n<p>Whether you require specialized handling, time-sensitive deliveries, or value-added services, we have the expertise and resources to deliver tailor-made solutions that drive your business forward.</p>\n'),(3,'Enterprise','Advanced features for pros who need more customization.','$199','$2,388','monthly','+ 4-Days Shipping Worldwide\n+ 1 Kg Weight Max /Package\n+ Free Bubble Warp\n+ 24/7 Support','published',0,'2023-11-30 00:32:57','2023-11-30 00:32:57','<h3>Package Overview</h3>\n<p>Our Transportation Logistics Package includes a comprehensive set of services designed to optimize your supply chain and streamline your transportation operations. We understand that managing logistics can be complex and time-consuming, which is why our team of experts is here to assist you at every step.</p>\n<p>Whether you are a small business looking to expand your market reach or a large enterprise seeking to improve your transportation efficiency, our package is tailor-made to meet your specific needs. By entrusting us with your logistics requirements, you can focus on growing your business while we handle the intricacies of transportation.</p>\n\n<h3>Key Features</h3>\n<h4>1. Freight Management</h4>\n<p>Our team of experienced professionals will handle all aspects of freight management, ensuring a seamless flow of goods from origin to destination. We take care of the entire process, including freight booking, carrier selection, and freight consolidation, to optimize shipping costs and transit times.</p>\n<p>With our extensive network of trusted carriers and global partners, we can accommodate shipments of any size or complexity, ranging from small parcels to oversized cargo. No matter the destination, we will find the most efficient and reliable transportation solutions for your goods.</p>\n\n<h4>2. Warehousing and Distribution</h4>\n<p>Efficient warehousing and distribution are crucial components of a successful logistics strategy. Our state-of-the-art warehouses are strategically located to support your supply chain needs, providing flexible storage options and value-added services.</p>\n<p>Our team manages inventory, order fulfillment, and distribution, ensuring that your products are delivered to customers promptly. By utilizing our warehousing services, you can reduce operational costs, minimize inventory risks, and improve order accuracy and on-time delivery rates.</p>\n\n<h4>3. Route Optimization</h4>\n<p>Transportation costs can significantly impact your bottom line. Our route optimization services leverage advanced technology to analyze various factors, such as distance, traffic patterns, and fuel consumption, to identify the most efficient and cost-effective transportation routes.</p>\n<p>By optimizing routes, we can help you save on transportation expenses, reduce carbon emissions, and ensure timely deliveries. Whether your shipments are regional, national, or international, our route optimization solutions will maximize the efficiency of your transportation operations.</p>\n\n<h4>4. Tracking and Visibility</h4>\n<p>Real-time tracking and visibility are essential for effective supply chain management. Our advanced tracking systems allow you to monitor your shipments at every stage of the transportation process.</p>\n<p>With access to detailed shipment information, you can proactively address potential issues, respond to customer inquiries accurately, and make data-driven decisions to improve overall logistics performance.</p>\n\n<h4>5. Freight Insurance</h4>\n<p>We understand that protecting your cargo during transit is crucial. Our comprehensive freight insurance coverage offers peace of mind, safeguarding your goods against loss, damage, or theft while in transit.</p>\n<p>Our team will assist you in selecting the appropriate insurance coverage based on the nature of your shipments and the associated risks. This added layer of protection ensures that your goods are safe and secure throughout the transportation process.</p>\n\n<h4>6. Customized Solutions</h4>\n<p>We recognize that each business has unique logistics requirements. Our logistics experts will work closely with you to understand your specific needs and challenges, developing a customized transportation plan that aligns with your goals and budget.</p>\n<p>Whether you require specialized handling, time-sensitive deliveries, or value-added services, we have the expertise and resources to deliver tailor-made solutions that drive your business forward.</p>\n'),(4,'Unlimited','Advanced features for pros who need more customization.','$4,788','$1,500','monthly','+ 4-Days Shipping Worldwide\n+ 1 Kg Weight Max /Package\n+ Free Bubble Warp\n+ 24/7 Support','published',0,'2023-11-30 00:32:57','2023-11-30 00:32:57','<h3>Package Overview</h3>\n<p>Our Transportation Logistics Package includes a comprehensive set of services designed to optimize your supply chain and streamline your transportation operations. We understand that managing logistics can be complex and time-consuming, which is why our team of experts is here to assist you at every step.</p>\n<p>Whether you are a small business looking to expand your market reach or a large enterprise seeking to improve your transportation efficiency, our package is tailor-made to meet your specific needs. By entrusting us with your logistics requirements, you can focus on growing your business while we handle the intricacies of transportation.</p>\n\n<h3>Key Features</h3>\n<h4>1. Freight Management</h4>\n<p>Our team of experienced professionals will handle all aspects of freight management, ensuring a seamless flow of goods from origin to destination. We take care of the entire process, including freight booking, carrier selection, and freight consolidation, to optimize shipping costs and transit times.</p>\n<p>With our extensive network of trusted carriers and global partners, we can accommodate shipments of any size or complexity, ranging from small parcels to oversized cargo. No matter the destination, we will find the most efficient and reliable transportation solutions for your goods.</p>\n\n<h4>2. Warehousing and Distribution</h4>\n<p>Efficient warehousing and distribution are crucial components of a successful logistics strategy. Our state-of-the-art warehouses are strategically located to support your supply chain needs, providing flexible storage options and value-added services.</p>\n<p>Our team manages inventory, order fulfillment, and distribution, ensuring that your products are delivered to customers promptly. By utilizing our warehousing services, you can reduce operational costs, minimize inventory risks, and improve order accuracy and on-time delivery rates.</p>\n\n<h4>3. Route Optimization</h4>\n<p>Transportation costs can significantly impact your bottom line. Our route optimization services leverage advanced technology to analyze various factors, such as distance, traffic patterns, and fuel consumption, to identify the most efficient and cost-effective transportation routes.</p>\n<p>By optimizing routes, we can help you save on transportation expenses, reduce carbon emissions, and ensure timely deliveries. Whether your shipments are regional, national, or international, our route optimization solutions will maximize the efficiency of your transportation operations.</p>\n\n<h4>4. Tracking and Visibility</h4>\n<p>Real-time tracking and visibility are essential for effective supply chain management. Our advanced tracking systems allow you to monitor your shipments at every stage of the transportation process.</p>\n<p>With access to detailed shipment information, you can proactively address potential issues, respond to customer inquiries accurately, and make data-driven decisions to improve overall logistics performance.</p>\n\n<h4>5. Freight Insurance</h4>\n<p>We understand that protecting your cargo during transit is crucial. Our comprehensive freight insurance coverage offers peace of mind, safeguarding your goods against loss, damage, or theft while in transit.</p>\n<p>Our team will assist you in selecting the appropriate insurance coverage based on the nature of your shipments and the associated risks. This added layer of protection ensures that your goods are safe and secure throughout the transportation process.</p>\n\n<h4>6. Customized Solutions</h4>\n<p>We recognize that each business has unique logistics requirements. Our logistics experts will work closely with you to understand your specific needs and challenges, developing a customized transportation plan that aligns with your goals and budget.</p>\n<p>Whether you require specialized handling, time-sensitive deliveries, or value-added services, we have the expertise and resources to deliver tailor-made solutions that drive your business forward.</p>\n');
/*!40000 ALTER TABLE `lg_packages` ENABLE KEYS */;
UNLOCK TABLES;

--
-- Table structure for table `lg_packages_translations`
--

DROP TABLE IF EXISTS `lg_packages_translations`;
/*!40101 SET @saved_cs_client     = @@character_set_client */;
/*!50503 SET character_set_client = utf8mb4 */;
CREATE TABLE `lg_packages_translations` (
  `lang_code` varchar(191) COLLATE utf8mb4_unicode_ci NOT NULL,
  `lg_packages_id` bigint unsigned NOT NULL,
  `name` varchar(255) COLLATE utf8mb4_unicode_ci DEFAULT NULL,
  `description` varchar(400) COLLATE utf8mb4_unicode_ci DEFAULT NULL,
  `content` text COLLATE utf8mb4_unicode_ci,
  `price` varchar(191) COLLATE utf8mb4_unicode_ci DEFAULT NULL,
  `annual_price` varchar(191) COLLATE utf8mb4_unicode_ci DEFAULT NULL,
  `features` text COLLATE utf8mb4_unicode_ci,
  PRIMARY KEY (`lang_code`,`lg_packages_id`)
) ENGINE=InnoDB DEFAULT CHARSET=utf8mb4 COLLATE=utf8mb4_unicode_ci;
/*!40101 SET character_set_client = @saved_cs_client */;

--
-- Dumping data for table `lg_packages_translations`
--

LOCK TABLES `lg_packages_translations` WRITE;
/*!40000 ALTER TABLE `lg_packages_translations` DISABLE KEYS */;
/*!40000 ALTER TABLE `lg_packages_translations` ENABLE KEYS */;
UNLOCK TABLES;

--
-- Table structure for table `lg_quotes`
--

DROP TABLE IF EXISTS `lg_quotes`;
/*!40101 SET @saved_cs_client     = @@character_set_client */;
/*!50503 SET character_set_client = utf8mb4 */;
CREATE TABLE `lg_quotes` (
  `id` bigint unsigned NOT NULL AUTO_INCREMENT,
  `name` varchar(191) COLLATE utf8mb4_unicode_ci DEFAULT NULL,
  `email` varchar(191) COLLATE utf8mb4_unicode_ci DEFAULT NULL,
  `message` text COLLATE utf8mb4_unicode_ci NOT NULL,
  `fields` text COLLATE utf8mb4_unicode_ci,
  `status` varchar(191) COLLATE utf8mb4_unicode_ci NOT NULL DEFAULT 'read',
  `created_at` timestamp NULL DEFAULT NULL,
  `updated_at` timestamp NULL DEFAULT NULL,
  PRIMARY KEY (`id`)
) ENGINE=InnoDB DEFAULT CHARSET=utf8mb4 COLLATE=utf8mb4_unicode_ci;
/*!40101 SET character_set_client = @saved_cs_client */;

--
-- Dumping data for table `lg_quotes`
--

LOCK TABLES `lg_quotes` WRITE;
/*!40000 ALTER TABLE `lg_quotes` DISABLE KEYS */;
/*!40000 ALTER TABLE `lg_quotes` ENABLE KEYS */;
UNLOCK TABLES;

--
-- Table structure for table `lg_service_categories`
--

DROP TABLE IF EXISTS `lg_service_categories`;
/*!40101 SET @saved_cs_client     = @@character_set_client */;
/*!50503 SET character_set_client = utf8mb4 */;
CREATE TABLE `lg_service_categories` (
  `id` bigint unsigned NOT NULL AUTO_INCREMENT,
  `parent_id` bigint unsigned DEFAULT NULL,
  `name` varchar(191) COLLATE utf8mb4_unicode_ci NOT NULL,
  `description` varchar(400) COLLATE utf8mb4_unicode_ci DEFAULT NULL,
  `image` varchar(191) COLLATE utf8mb4_unicode_ci DEFAULT NULL,
  `order` tinyint NOT NULL DEFAULT '0',
  `status` varchar(191) COLLATE utf8mb4_unicode_ci NOT NULL DEFAULT 'published',
  `created_at` timestamp NULL DEFAULT NULL,
  `updated_at` timestamp NULL DEFAULT NULL,
  PRIMARY KEY (`id`),
  KEY `lg_service_categories_parent_id_index` (`parent_id`)
) ENGINE=InnoDB AUTO_INCREMENT=8 DEFAULT CHARSET=utf8mb4 COLLATE=utf8mb4_unicode_ci;
/*!40101 SET character_set_client = @saved_cs_client */;

--
-- Dumping data for table `lg_service_categories`
--

LOCK TABLES `lg_service_categories` WRITE;
/*!40000 ALTER TABLE `lg_service_categories` DISABLE KEYS */;
INSERT INTO `lg_service_categories` VALUES (1,NULL,'Sea Forwarding','Nihil excepturi nulla itaque voluptatibus ipsam. Tempore quia vero ea esse iste nihil. Quibusdam eveniet tenetur sapiente quo est a consequuntur. Voluptatem eos ut quod non molestiae consequatur iusto maiores. Atque mollitia dolorum quibusdam excepturi.','services/menu1.png',1,'published','2023-11-30 00:32:57','2023-11-30 00:32:57'),(2,NULL,'Air Freight Forwarding','Inventore possimus maxime hic qui unde dignissimos. Non dicta eius nisi aut iusto et non. Consequatur repudiandae iusto neque aut sed qui sunt. Voluptas accusantium aut et voluptatibus nostrum repellendus explicabo.','services/menu2.png',2,'published','2023-11-30 00:32:57','2023-11-30 00:32:57'),(3,NULL,'Land Transportation','Qui odio expedita quis qui est ipsam. Ea asperiores sed cupiditate voluptatem et. Aut consequatur vero necessitatibus nobis nulla. Natus ut voluptatem odit tempore molestiae occaecati sit. Et fugiat id rerum totam et et. Repellat culpa quo ratione temporibus. Quaerat et cupiditate voluptatem deserunt. Accusamus rem sunt et quidem dolorum ut quo. Impedit qui doloribus ad quo.','services/menu3.png',3,'published','2023-11-30 00:32:57','2023-11-30 00:32:57'),(4,NULL,'Railway Logistics','Est sed tempore quia perspiciatis. Perspiciatis dolor nesciunt maiores occaecati. Ipsam ut suscipit voluptates porro et pariatur doloremque error. Culpa voluptatibus animi aut reprehenderit. Eum explicabo ea quia eos. Tempora veritatis aut eveniet cum consectetur repellendus quis. Amet voluptatibus distinctio magnam neque et sed. In magnam placeat et. Assumenda quia nostrum accusamus vel a.','services/menu4.png',4,'published','2023-11-30 00:32:57','2023-11-30 00:32:57'),(5,NULL,'Warehouse','Maxime placeat blanditiis quaerat. Et ratione ducimus consequatur veniam facere sunt. Repudiandae accusamus autem dolorum sit unde. Eveniet ut ipsa error quidem qui. Rerum vero quis excepturi cumque temporibus sunt quam provident. Quos est aut quisquam autem at enim sit magnam. Vel eligendi reprehenderit qui ducimus omnis possimus sunt.','services/menu5.png',5,'published','2023-11-30 00:32:57','2023-11-30 00:32:57'),(6,NULL,'Cross Border','Voluptas labore itaque inventore hic deserunt. Architecto corrupti voluptas perferendis repudiandae. Dolor voluptatem laudantium fugiat voluptas. Recusandae quasi amet autem sit aut non consequatur voluptas. Aut quisquam et dolorum occaecati. Sit quisquam pariatur recusandae aut accusamus est est distinctio. Quod quia nihil nihil harum. Eius quis in temporibus voluptas voluptatibus sint laborum.','services/menu6.png',6,'published','2023-11-30 00:32:57','2023-11-30 00:32:57'),(7,NULL,'Customs Brokerages','Consequatur doloremque necessitatibus cupiditate tenetur voluptatem. In sed magni autem dolores ducimus. Consequatur aut eos eveniet laboriosam nobis iusto. Est sed sint tempora blanditiis et. Quis ducimus saepe aliquam nam illo nihil. Cumque officia et consequuntur rerum aut unde voluptas non. Consequatur debitis dolorem illum nobis id rerum dolor sit. Optio voluptas officia autem suscipit odit.','services/menu7.png',7,'published','2023-11-30 00:32:57','2023-11-30 00:32:57');
/*!40000 ALTER TABLE `lg_service_categories` ENABLE KEYS */;
UNLOCK TABLES;

--
-- Table structure for table `lg_service_categories_translations`
--

DROP TABLE IF EXISTS `lg_service_categories_translations`;
/*!40101 SET @saved_cs_client     = @@character_set_client */;
/*!50503 SET character_set_client = utf8mb4 */;
CREATE TABLE `lg_service_categories_translations` (
  `lang_code` varchar(191) COLLATE utf8mb4_unicode_ci NOT NULL,
  `lg_service_categories_id` bigint unsigned NOT NULL,
  `name` varchar(255) COLLATE utf8mb4_unicode_ci DEFAULT NULL,
  `description` varchar(400) COLLATE utf8mb4_unicode_ci DEFAULT NULL,
  PRIMARY KEY (`lang_code`,`lg_service_categories_id`)
) ENGINE=InnoDB DEFAULT CHARSET=utf8mb4 COLLATE=utf8mb4_unicode_ci;
/*!40101 SET character_set_client = @saved_cs_client */;

--
-- Dumping data for table `lg_service_categories_translations`
--

LOCK TABLES `lg_service_categories_translations` WRITE;
/*!40000 ALTER TABLE `lg_service_categories_translations` DISABLE KEYS */;
/*!40000 ALTER TABLE `lg_service_categories_translations` ENABLE KEYS */;
UNLOCK TABLES;

--
-- Table structure for table `lg_services`
--

DROP TABLE IF EXISTS `lg_services`;
/*!40101 SET @saved_cs_client     = @@character_set_client */;
/*!50503 SET character_set_client = utf8mb4 */;
CREATE TABLE `lg_services` (
  `id` bigint unsigned NOT NULL AUTO_INCREMENT,
  `category_id` bigint unsigned NOT NULL,
  `author_type` varchar(191) COLLATE utf8mb4_unicode_ci NOT NULL,
  `author_id` bigint unsigned NOT NULL,
  `title` varchar(191) COLLATE utf8mb4_unicode_ci NOT NULL,
  `description` varchar(400) COLLATE utf8mb4_unicode_ci DEFAULT NULL,
  `content` longtext COLLATE utf8mb4_unicode_ci,
  `is_featured` tinyint(1) NOT NULL DEFAULT '0',
  `thumbnail` varchar(191) COLLATE utf8mb4_unicode_ci DEFAULT NULL,
  `images` json DEFAULT NULL,
  `views` int NOT NULL DEFAULT '0',
  `status` varchar(60) COLLATE utf8mb4_unicode_ci NOT NULL DEFAULT 'published',
  `created_at` timestamp NULL DEFAULT NULL,
  `updated_at` timestamp NULL DEFAULT NULL,
  PRIMARY KEY (`id`),
  UNIQUE KEY `lg_services_title_unique` (`title`),
  KEY `lg_services_author_type_author_id_index` (`author_type`,`author_id`),
  KEY `lg_services_category_id_index` (`category_id`)
) ENGINE=InnoDB AUTO_INCREMENT=8 DEFAULT CHARSET=utf8mb4 COLLATE=utf8mb4_unicode_ci;
/*!40101 SET character_set_client = @saved_cs_client */;

--
-- Dumping data for table `lg_services`
--

LOCK TABLES `lg_services` WRITE;
/*!40000 ALTER TABLE `lg_services` DISABLE KEYS */;
INSERT INTO `lg_services` VALUES (1,1,'Botble\\ACL\\Models\\User',1,'Sea Freight Forwarding','TransP’s roots are in Sea Freight Forwarding! Whether it’s full containers, consolidations, roll-on/roll-<br>off equipment or entire projects, moving shipments by sea is our “flagship” service.','<strong class=\"font-md-bold color-grey-900 mb-25 d-block\">Sea freight forwarding, also known as ocean freight\n    forwarding, is a critical aspect of the global supply chain. It refers to the transportation of goods via cargo\n    ships or vessels from one port to another. This mode of transportation is preferred by many businesses due to its\n    cost-effectiveness, reliability, and ability to transport large quantities of goods. In this article, we will\n    discuss the basics of sea freight forwarding, including its benefits, modes of transportation, and key\n    players.</strong>\n<h3 class=\"color-brand-2\">Modes of Sea Freight Transportation</h3>\n<p class=\"font-md color-grey-900\">There are two primary modes of sea freight transportation: Full Container Load (FCL)\n    and Less than Container Load (LCL). FCL is used when the shipment is large enough to fill an entire container. On\n    the other hand, LCL is used when the shipment does not require a full container. In this case, the goods are\n    combined with other shipments to fill a container. Both modes have their advantages and disadvantages.</p>\n<p>\n    <img src=\"http://transp.test/storage/services/img3.png\" alt=\"Modes of Sea Freight Transportation\">\n</p>\n<p>There are two primary modes of sea freight transportation: Full Container Load (FCL) and Less than Container Load\n    (LCL). FCL is used when the shipment is large enough to fill an entire container. On the other hand, LCL is used\n    when the shipment does not require a full container. In this case, the goods are combined with other shipments to\n    fill a container. Both modes have their advantages and disadvantages.</p>\n<p>There are two primary modes of sea freight transportation: Full Container Load (FCL) and Less than Container Load\n    (LCL). FCL is used when the shipment is large enough to fill an entire container. On the other hand, LCL is used\n    when the shipment does not require a full container. In this case, the goods are combined with other shipments to\n    fill a container. Both modes have their advantages and disadvantages.</p>\n<h3>Benefits of Sea Freight Forwarding</h3>\n\n<div class=\"row align-items-center\">\n    <div class=\"col-lg-7\">\n        <p>Sea freight forwarding offers several benefits to businesses that use it to transport their goods. Some of\n            the benefits include: </p>\n        <p>Cost-Effectiveness: Sea freight forwarding is one of the most cost-effective modes of transportation,\n            especially for businesses that require the transportation of large quantities of goods. This is because\n            cargo ships can transport large volumes of goods at a lower cost compared to other modes of\n            transportation.</p>\n        <p>Sea freight forwarding is a reliable mode of transportation since it is not affected by traffic or weather\n            conditions. Additionally, cargo ships are designed to withstand harsh weather conditions, which reduces the\n            risk of damage or loss of goods.</p>\n    </div>\n    <div class=\"col-lg-5\">\n        <img src=\"http://transp.test/storage/services/img4.png\" alt=\"Modes of Sea Freight Transportation\">\n    </div>\n</div>\n<shortcode>[request-quote background_color=\"#FFFFFF\" style=\"style-1\" quantity=\"1\" form_title=\"Calculate Shipping\" form_description=\"Please Fill All Inquiry To Get Your Total Price.\" inner_background=\"shapes/bg-contact.png\" form_background=\"homepage/img-contact.png\" link_label=\"Contact Us\" link_url=\"/contact\"][/request-quote]</shortcode>\n<shortcode>[pricing title=\"Pricing Plan\" description=\"Pick your plan. Change whenever you want. No switching fees between packages\" style=\"style-2\" package_ids=\"1,2,3,4\" number_of_packages_per_line=\"4\"][/pricing]</shortcode>\n<div class=\"line-border\"></div>\n<shortcode>[our-services title=\"Other Services\" icon=\"general/favicon.png\" description=\"You choose the cities where you’d like to deliver. All deliveries are within a specific service area <br> and delivery services vary by location. Whatever the mode or requirement, we will find and book <br> the ideal expedited shipping solution to ensure a timely delivery.\" style=\"style-2\" service_ids=\"1,2,3,4\"][/our-services]</shortcode>\n',1,'services/service1.png','[\"services/img1.png\", \"services/img2.png\"]',7580,'published','2023-11-30 00:32:57','2023-11-30 00:32:57'),(2,2,'Botble\\ACL\\Models\\User',1,'Air Freight Forwarding','TransP’s roots are in Air Freight Forwarding! Whether it’s full containers, consolidations, roll-on/roll-<br>off equipment or entire projects, moving shipments by sea is our “flagship” service.','<strong class=\"font-md-bold color-grey-900 mb-25 d-block\">Sea freight forwarding, also known as ocean freight\n    forwarding, is a critical aspect of the global supply chain. It refers to the transportation of goods via cargo\n    ships or vessels from one port to another. This mode of transportation is preferred by many businesses due to its\n    cost-effectiveness, reliability, and ability to transport large quantities of goods. In this article, we will\n    discuss the basics of sea freight forwarding, including its benefits, modes of transportation, and key\n    players.</strong>\n<h3 class=\"color-brand-2\">Modes of Sea Freight Transportation</h3>\n<p class=\"font-md color-grey-900\">There are two primary modes of sea freight transportation: Full Container Load (FCL)\n    and Less than Container Load (LCL). FCL is used when the shipment is large enough to fill an entire container. On\n    the other hand, LCL is used when the shipment does not require a full container. In this case, the goods are\n    combined with other shipments to fill a container. Both modes have their advantages and disadvantages.</p>\n<p>\n    <img src=\"http://transp.test/storage/services/img3.png\" alt=\"Modes of Sea Freight Transportation\">\n</p>\n<p>There are two primary modes of sea freight transportation: Full Container Load (FCL) and Less than Container Load\n    (LCL). FCL is used when the shipment is large enough to fill an entire container. On the other hand, LCL is used\n    when the shipment does not require a full container. In this case, the goods are combined with other shipments to\n    fill a container. Both modes have their advantages and disadvantages.</p>\n<p>There are two primary modes of sea freight transportation: Full Container Load (FCL) and Less than Container Load\n    (LCL). FCL is used when the shipment is large enough to fill an entire container. On the other hand, LCL is used\n    when the shipment does not require a full container. In this case, the goods are combined with other shipments to\n    fill a container. Both modes have their advantages and disadvantages.</p>\n<h3>Benefits of Sea Freight Forwarding</h3>\n\n<div class=\"row align-items-center\">\n    <div class=\"col-lg-7\">\n        <p>Sea freight forwarding offers several benefits to businesses that use it to transport their goods. Some of\n            the benefits include: </p>\n        <p>Cost-Effectiveness: Sea freight forwarding is one of the most cost-effective modes of transportation,\n            especially for businesses that require the transportation of large quantities of goods. This is because\n            cargo ships can transport large volumes of goods at a lower cost compared to other modes of\n            transportation.</p>\n        <p>Sea freight forwarding is a reliable mode of transportation since it is not affected by traffic or weather\n            conditions. Additionally, cargo ships are designed to withstand harsh weather conditions, which reduces the\n            risk of damage or loss of goods.</p>\n    </div>\n    <div class=\"col-lg-5\">\n        <img src=\"http://transp.test/storage/services/img4.png\" alt=\"Modes of Sea Freight Transportation\">\n    </div>\n</div>\n<shortcode>[request-quote background_color=\"#FFFFFF\" style=\"style-1\" quantity=\"1\" form_title=\"Calculate Shipping\" form_description=\"Please Fill All Inquiry To Get Your Total Price.\" inner_background=\"shapes/bg-contact.png\" form_background=\"homepage/img-contact.png\" link_label=\"Contact Us\" link_url=\"/contact\"][/request-quote]</shortcode>\n<shortcode>[pricing title=\"Pricing Plan\" description=\"Pick your plan. Change whenever you want. No switching fees between packages\" style=\"style-2\" package_ids=\"1,2,3,4\" number_of_packages_per_line=\"4\"][/pricing]</shortcode>\n<div class=\"line-border\"></div>\n<shortcode>[our-services title=\"Other Services\" icon=\"general/favicon.png\" description=\"You choose the cities where you’d like to deliver. All deliveries are within a specific service area <br> and delivery services vary by location. Whatever the mode or requirement, we will find and book <br> the ideal expedited shipping solution to ensure a timely delivery.\" style=\"style-2\" service_ids=\"1,2,3,4\"][/our-services]</shortcode>\n',1,'services/service2.png','[\"services/img1.png\", \"services/img2.png\"]',1245,'published','2023-11-30 00:32:57','2023-11-30 00:32:57'),(3,3,'Botble\\ACL\\Models\\User',1,'Land Transportation','TransP’s roots are in Land Transportation! Whether it’s full containers, consolidations, roll-on/roll-<br>off equipment or entire projects, moving shipments by sea is our “flagship” service.','<strong class=\"font-md-bold color-grey-900 mb-25 d-block\">Sea freight forwarding, also known as ocean freight\n    forwarding, is a critical aspect of the global supply chain. It refers to the transportation of goods via cargo\n    ships or vessels from one port to another. This mode of transportation is preferred by many businesses due to its\n    cost-effectiveness, reliability, and ability to transport large quantities of goods. In this article, we will\n    discuss the basics of sea freight forwarding, including its benefits, modes of transportation, and key\n    players.</strong>\n<h3 class=\"color-brand-2\">Modes of Sea Freight Transportation</h3>\n<p class=\"font-md color-grey-900\">There are two primary modes of sea freight transportation: Full Container Load (FCL)\n    and Less than Container Load (LCL). FCL is used when the shipment is large enough to fill an entire container. On\n    the other hand, LCL is used when the shipment does not require a full container. In this case, the goods are\n    combined with other shipments to fill a container. Both modes have their advantages and disadvantages.</p>\n<p>\n    <img src=\"http://transp.test/storage/services/img3.png\" alt=\"Modes of Sea Freight Transportation\">\n</p>\n<p>There are two primary modes of sea freight transportation: Full Container Load (FCL) and Less than Container Load\n    (LCL). FCL is used when the shipment is large enough to fill an entire container. On the other hand, LCL is used\n    when the shipment does not require a full container. In this case, the goods are combined with other shipments to\n    fill a container. Both modes have their advantages and disadvantages.</p>\n<p>There are two primary modes of sea freight transportation: Full Container Load (FCL) and Less than Container Load\n    (LCL). FCL is used when the shipment is large enough to fill an entire container. On the other hand, LCL is used\n    when the shipment does not require a full container. In this case, the goods are combined with other shipments to\n    fill a container. Both modes have their advantages and disadvantages.</p>\n<h3>Benefits of Sea Freight Forwarding</h3>\n\n<div class=\"row align-items-center\">\n    <div class=\"col-lg-7\">\n        <p>Sea freight forwarding offers several benefits to businesses that use it to transport their goods. Some of\n            the benefits include: </p>\n        <p>Cost-Effectiveness: Sea freight forwarding is one of the most cost-effective modes of transportation,\n            especially for businesses that require the transportation of large quantities of goods. This is because\n            cargo ships can transport large volumes of goods at a lower cost compared to other modes of\n            transportation.</p>\n        <p>Sea freight forwarding is a reliable mode of transportation since it is not affected by traffic or weather\n            conditions. Additionally, cargo ships are designed to withstand harsh weather conditions, which reduces the\n            risk of damage or loss of goods.</p>\n    </div>\n    <div class=\"col-lg-5\">\n        <img src=\"http://transp.test/storage/services/img4.png\" alt=\"Modes of Sea Freight Transportation\">\n    </div>\n</div>\n<shortcode>[request-quote background_color=\"#FFFFFF\" style=\"style-1\" quantity=\"1\" form_title=\"Calculate Shipping\" form_description=\"Please Fill All Inquiry To Get Your Total Price.\" inner_background=\"shapes/bg-contact.png\" form_background=\"homepage/img-contact.png\" link_label=\"Contact Us\" link_url=\"/contact\"][/request-quote]</shortcode>\n<shortcode>[pricing title=\"Pricing Plan\" description=\"Pick your plan. Change whenever you want. No switching fees between packages\" style=\"style-2\" package_ids=\"1,2,3,4\" number_of_packages_per_line=\"4\"][/pricing]</shortcode>\n<div class=\"line-border\"></div>\n<shortcode>[our-services title=\"Other Services\" icon=\"general/favicon.png\" description=\"You choose the cities where you’d like to deliver. All deliveries are within a specific service area <br> and delivery services vary by location. Whatever the mode or requirement, we will find and book <br> the ideal expedited shipping solution to ensure a timely delivery.\" style=\"style-2\" service_ids=\"1,2,3,4\"][/our-services]</shortcode>\n',0,'services/service3.png','[\"services/img2.png\", \"services/img1.png\"]',3133,'published','2023-11-30 00:32:57','2023-11-30 00:32:57'),(4,4,'Botble\\ACL\\Models\\User',1,'Railway Logistics','TransP’s roots are in Railway Logistics! Whether it’s full containers, consolidations, roll-on/roll-<br>off equipment or entire projects, moving shipments by sea is our “flagship” service.','<strong class=\"font-md-bold color-grey-900 mb-25 d-block\">Sea freight forwarding, also known as ocean freight\n    forwarding, is a critical aspect of the global supply chain. It refers to the transportation of goods via cargo\n    ships or vessels from one port to another. This mode of transportation is preferred by many businesses due to its\n    cost-effectiveness, reliability, and ability to transport large quantities of goods. In this article, we will\n    discuss the basics of sea freight forwarding, including its benefits, modes of transportation, and key\n    players.</strong>\n<h3 class=\"color-brand-2\">Modes of Sea Freight Transportation</h3>\n<p class=\"font-md color-grey-900\">There are two primary modes of sea freight transportation: Full Container Load (FCL)\n    and Less than Container Load (LCL). FCL is used when the shipment is large enough to fill an entire container. On\n    the other hand, LCL is used when the shipment does not require a full container. In this case, the goods are\n    combined with other shipments to fill a container. Both modes have their advantages and disadvantages.</p>\n<p>\n    <img src=\"http://transp.test/storage/services/img3.png\" alt=\"Modes of Sea Freight Transportation\">\n</p>\n<p>There are two primary modes of sea freight transportation: Full Container Load (FCL) and Less than Container Load\n    (LCL). FCL is used when the shipment is large enough to fill an entire container. On the other hand, LCL is used\n    when the shipment does not require a full container. In this case, the goods are combined with other shipments to\n    fill a container. Both modes have their advantages and disadvantages.</p>\n<p>There are two primary modes of sea freight transportation: Full Container Load (FCL) and Less than Container Load\n    (LCL). FCL is used when the shipment is large enough to fill an entire container. On the other hand, LCL is used\n    when the shipment does not require a full container. In this case, the goods are combined with other shipments to\n    fill a container. Both modes have their advantages and disadvantages.</p>\n<h3>Benefits of Sea Freight Forwarding</h3>\n\n<div class=\"row align-items-center\">\n    <div class=\"col-lg-7\">\n        <p>Sea freight forwarding offers several benefits to businesses that use it to transport their goods. Some of\n            the benefits include: </p>\n        <p>Cost-Effectiveness: Sea freight forwarding is one of the most cost-effective modes of transportation,\n            especially for businesses that require the transportation of large quantities of goods. This is because\n            cargo ships can transport large volumes of goods at a lower cost compared to other modes of\n            transportation.</p>\n        <p>Sea freight forwarding is a reliable mode of transportation since it is not affected by traffic or weather\n            conditions. Additionally, cargo ships are designed to withstand harsh weather conditions, which reduces the\n            risk of damage or loss of goods.</p>\n    </div>\n    <div class=\"col-lg-5\">\n        <img src=\"http://transp.test/storage/services/img4.png\" alt=\"Modes of Sea Freight Transportation\">\n    </div>\n</div>\n<shortcode>[request-quote background_color=\"#FFFFFF\" style=\"style-1\" quantity=\"1\" form_title=\"Calculate Shipping\" form_description=\"Please Fill All Inquiry To Get Your Total Price.\" inner_background=\"shapes/bg-contact.png\" form_background=\"homepage/img-contact.png\" link_label=\"Contact Us\" link_url=\"/contact\"][/request-quote]</shortcode>\n<shortcode>[pricing title=\"Pricing Plan\" description=\"Pick your plan. Change whenever you want. No switching fees between packages\" style=\"style-2\" package_ids=\"1,2,3,4\" number_of_packages_per_line=\"4\"][/pricing]</shortcode>\n<div class=\"line-border\"></div>\n<shortcode>[our-services title=\"Other Services\" icon=\"general/favicon.png\" description=\"You choose the cities where you’d like to deliver. All deliveries are within a specific service area <br> and delivery services vary by location. Whatever the mode or requirement, we will find and book <br> the ideal expedited shipping solution to ensure a timely delivery.\" style=\"style-2\" service_ids=\"1,2,3,4\"][/our-services]</shortcode>\n',1,'services/service4.png','[\"services/img1.png\", \"services/img2.png\"]',3956,'published','2023-11-30 00:32:57','2023-11-30 00:32:57'),(5,5,'Botble\\ACL\\Models\\User',1,'Warehouse & Distribution','TransP’s roots are in Warehouse & Distribution! Whether it’s full containers, consolidations, roll-on/roll-<br>off equipment or entire projects, moving shipments by sea is our “flagship” service.','<strong class=\"font-md-bold color-grey-900 mb-25 d-block\">Sea freight forwarding, also known as ocean freight\n    forwarding, is a critical aspect of the global supply chain. It refers to the transportation of goods via cargo\n    ships or vessels from one port to another. This mode of transportation is preferred by many businesses due to its\n    cost-effectiveness, reliability, and ability to transport large quantities of goods. In this article, we will\n    discuss the basics of sea freight forwarding, including its benefits, modes of transportation, and key\n    players.</strong>\n<h3 class=\"color-brand-2\">Modes of Sea Freight Transportation</h3>\n<p class=\"font-md color-grey-900\">There are two primary modes of sea freight transportation: Full Container Load (FCL)\n    and Less than Container Load (LCL). FCL is used when the shipment is large enough to fill an entire container. On\n    the other hand, LCL is used when the shipment does not require a full container. In this case, the goods are\n    combined with other shipments to fill a container. Both modes have their advantages and disadvantages.</p>\n<p>\n    <img src=\"http://transp.test/storage/services/img3.png\" alt=\"Modes of Sea Freight Transportation\">\n</p>\n<p>There are two primary modes of sea freight transportation: Full Container Load (FCL) and Less than Container Load\n    (LCL). FCL is used when the shipment is large enough to fill an entire container. On the other hand, LCL is used\n    when the shipment does not require a full container. In this case, the goods are combined with other shipments to\n    fill a container. Both modes have their advantages and disadvantages.</p>\n<p>There are two primary modes of sea freight transportation: Full Container Load (FCL) and Less than Container Load\n    (LCL). FCL is used when the shipment is large enough to fill an entire container. On the other hand, LCL is used\n    when the shipment does not require a full container. In this case, the goods are combined with other shipments to\n    fill a container. Both modes have their advantages and disadvantages.</p>\n<h3>Benefits of Sea Freight Forwarding</h3>\n\n<div class=\"row align-items-center\">\n    <div class=\"col-lg-7\">\n        <p>Sea freight forwarding offers several benefits to businesses that use it to transport their goods. Some of\n            the benefits include: </p>\n        <p>Cost-Effectiveness: Sea freight forwarding is one of the most cost-effective modes of transportation,\n            especially for businesses that require the transportation of large quantities of goods. This is because\n            cargo ships can transport large volumes of goods at a lower cost compared to other modes of\n            transportation.</p>\n        <p>Sea freight forwarding is a reliable mode of transportation since it is not affected by traffic or weather\n            conditions. Additionally, cargo ships are designed to withstand harsh weather conditions, which reduces the\n            risk of damage or loss of goods.</p>\n    </div>\n    <div class=\"col-lg-5\">\n        <img src=\"http://transp.test/storage/services/img4.png\" alt=\"Modes of Sea Freight Transportation\">\n    </div>\n</div>\n<shortcode>[request-quote background_color=\"#FFFFFF\" style=\"style-1\" quantity=\"1\" form_title=\"Calculate Shipping\" form_description=\"Please Fill All Inquiry To Get Your Total Price.\" inner_background=\"shapes/bg-contact.png\" form_background=\"homepage/img-contact.png\" link_label=\"Contact Us\" link_url=\"/contact\"][/request-quote]</shortcode>\n<shortcode>[pricing title=\"Pricing Plan\" description=\"Pick your plan. Change whenever you want. No switching fees between packages\" style=\"style-2\" package_ids=\"1,2,3,4\" number_of_packages_per_line=\"4\"][/pricing]</shortcode>\n<div class=\"line-border\"></div>\n<shortcode>[our-services title=\"Other Services\" icon=\"general/favicon.png\" description=\"You choose the cities where you’d like to deliver. All deliveries are within a specific service area <br> and delivery services vary by location. Whatever the mode or requirement, we will find and book <br> the ideal expedited shipping solution to ensure a timely delivery.\" style=\"style-2\" service_ids=\"1,2,3,4\"][/our-services]</shortcode>\n',0,'services/service5.png','[\"services/img2.png\", \"services/img1.png\"]',9680,'published','2023-11-30 00:32:57','2023-11-30 00:32:57'),(6,6,'Botble\\ACL\\Models\\User',1,'Cross Border','TransP’s roots are in Cross Border! Whether it’s full containers, consolidations, roll-on/roll-<br>off equipment or entire projects, moving shipments by sea is our “flagship” service.','<strong class=\"font-md-bold color-grey-900 mb-25 d-block\">Sea freight forwarding, also known as ocean freight\n    forwarding, is a critical aspect of the global supply chain. It refers to the transportation of goods via cargo\n    ships or vessels from one port to another. This mode of transportation is preferred by many businesses due to its\n    cost-effectiveness, reliability, and ability to transport large quantities of goods. In this article, we will\n    discuss the basics of sea freight forwarding, including its benefits, modes of transportation, and key\n    players.</strong>\n<h3 class=\"color-brand-2\">Modes of Sea Freight Transportation</h3>\n<p class=\"font-md color-grey-900\">There are two primary modes of sea freight transportation: Full Container Load (FCL)\n    and Less than Container Load (LCL). FCL is used when the shipment is large enough to fill an entire container. On\n    the other hand, LCL is used when the shipment does not require a full container. In this case, the goods are\n    combined with other shipments to fill a container. Both modes have their advantages and disadvantages.</p>\n<p>\n    <img src=\"http://transp.test/storage/services/img3.png\" alt=\"Modes of Sea Freight Transportation\">\n</p>\n<p>There are two primary modes of sea freight transportation: Full Container Load (FCL) and Less than Container Load\n    (LCL). FCL is used when the shipment is large enough to fill an entire container. On the other hand, LCL is used\n    when the shipment does not require a full container. In this case, the goods are combined with other shipments to\n    fill a container. Both modes have their advantages and disadvantages.</p>\n<p>There are two primary modes of sea freight transportation: Full Container Load (FCL) and Less than Container Load\n    (LCL). FCL is used when the shipment is large enough to fill an entire container. On the other hand, LCL is used\n    when the shipment does not require a full container. In this case, the goods are combined with other shipments to\n    fill a container. Both modes have their advantages and disadvantages.</p>\n<h3>Benefits of Sea Freight Forwarding</h3>\n\n<div class=\"row align-items-center\">\n    <div class=\"col-lg-7\">\n        <p>Sea freight forwarding offers several benefits to businesses that use it to transport their goods. Some of\n            the benefits include: </p>\n        <p>Cost-Effectiveness: Sea freight forwarding is one of the most cost-effective modes of transportation,\n            especially for businesses that require the transportation of large quantities of goods. This is because\n            cargo ships can transport large volumes of goods at a lower cost compared to other modes of\n            transportation.</p>\n        <p>Sea freight forwarding is a reliable mode of transportation since it is not affected by traffic or weather\n            conditions. Additionally, cargo ships are designed to withstand harsh weather conditions, which reduces the\n            risk of damage or loss of goods.</p>\n    </div>\n    <div class=\"col-lg-5\">\n        <img src=\"http://transp.test/storage/services/img4.png\" alt=\"Modes of Sea Freight Transportation\">\n    </div>\n</div>\n<shortcode>[request-quote background_color=\"#FFFFFF\" style=\"style-1\" quantity=\"1\" form_title=\"Calculate Shipping\" form_description=\"Please Fill All Inquiry To Get Your Total Price.\" inner_background=\"shapes/bg-contact.png\" form_background=\"homepage/img-contact.png\" link_label=\"Contact Us\" link_url=\"/contact\"][/request-quote]</shortcode>\n<shortcode>[pricing title=\"Pricing Plan\" description=\"Pick your plan. Change whenever you want. No switching fees between packages\" style=\"style-2\" package_ids=\"1,2,3,4\" number_of_packages_per_line=\"4\"][/pricing]</shortcode>\n<div class=\"line-border\"></div>\n<shortcode>[our-services title=\"Other Services\" icon=\"general/favicon.png\" description=\"You choose the cities where you’d like to deliver. All deliveries are within a specific service area <br> and delivery services vary by location. Whatever the mode or requirement, we will find and book <br> the ideal expedited shipping solution to ensure a timely delivery.\" style=\"style-2\" service_ids=\"1,2,3,4\"][/our-services]</shortcode>\n',1,'services/service6.png','[\"services/img1.png\", \"services/img2.png\"]',9747,'published','2023-11-30 00:32:57','2023-11-30 00:32:57'),(7,7,'Botble\\ACL\\Models\\User',1,'Customs Brokerages','TransP’s roots are in Customs Brokerages! Whether it’s full containers, consolidations, roll-on/roll-<br>off equipment or entire projects, moving shipments by sea is our “flagship” service.','<strong class=\"font-md-bold color-grey-900 mb-25 d-block\">Sea freight forwarding, also known as ocean freight\n    forwarding, is a critical aspect of the global supply chain. It refers to the transportation of goods via cargo\n    ships or vessels from one port to another. This mode of transportation is preferred by many businesses due to its\n    cost-effectiveness, reliability, and ability to transport large quantities of goods. In this article, we will\n    discuss the basics of sea freight forwarding, including its benefits, modes of transportation, and key\n    players.</strong>\n<h3 class=\"color-brand-2\">Modes of Sea Freight Transportation</h3>\n<p class=\"font-md color-grey-900\">There are two primary modes of sea freight transportation: Full Container Load (FCL)\n    and Less than Container Load (LCL). FCL is used when the shipment is large enough to fill an entire container. On\n    the other hand, LCL is used when the shipment does not require a full container. In this case, the goods are\n    combined with other shipments to fill a container. Both modes have their advantages and disadvantages.</p>\n<p>\n    <img src=\"http://transp.test/storage/services/img3.png\" alt=\"Modes of Sea Freight Transportation\">\n</p>\n<p>There are two primary modes of sea freight transportation: Full Container Load (FCL) and Less than Container Load\n    (LCL). FCL is used when the shipment is large enough to fill an entire container. On the other hand, LCL is used\n    when the shipment does not require a full container. In this case, the goods are combined with other shipments to\n    fill a container. Both modes have their advantages and disadvantages.</p>\n<p>There are two primary modes of sea freight transportation: Full Container Load (FCL) and Less than Container Load\n    (LCL). FCL is used when the shipment is large enough to fill an entire container. On the other hand, LCL is used\n    when the shipment does not require a full container. In this case, the goods are combined with other shipments to\n    fill a container. Both modes have their advantages and disadvantages.</p>\n<h3>Benefits of Sea Freight Forwarding</h3>\n\n<div class=\"row align-items-center\">\n    <div class=\"col-lg-7\">\n        <p>Sea freight forwarding offers several benefits to businesses that use it to transport their goods. Some of\n            the benefits include: </p>\n        <p>Cost-Effectiveness: Sea freight forwarding is one of the most cost-effective modes of transportation,\n            especially for businesses that require the transportation of large quantities of goods. This is because\n            cargo ships can transport large volumes of goods at a lower cost compared to other modes of\n            transportation.</p>\n        <p>Sea freight forwarding is a reliable mode of transportation since it is not affected by traffic or weather\n            conditions. Additionally, cargo ships are designed to withstand harsh weather conditions, which reduces the\n            risk of damage or loss of goods.</p>\n    </div>\n    <div class=\"col-lg-5\">\n        <img src=\"http://transp.test/storage/services/img4.png\" alt=\"Modes of Sea Freight Transportation\">\n    </div>\n</div>\n<shortcode>[request-quote background_color=\"#FFFFFF\" style=\"style-1\" quantity=\"1\" form_title=\"Calculate Shipping\" form_description=\"Please Fill All Inquiry To Get Your Total Price.\" inner_background=\"shapes/bg-contact.png\" form_background=\"homepage/img-contact.png\" link_label=\"Contact Us\" link_url=\"/contact\"][/request-quote]</shortcode>\n<shortcode>[pricing title=\"Pricing Plan\" description=\"Pick your plan. Change whenever you want. No switching fees between packages\" style=\"style-2\" package_ids=\"1,2,3,4\" number_of_packages_per_line=\"4\"][/pricing]</shortcode>\n<div class=\"line-border\"></div>\n<shortcode>[our-services title=\"Other Services\" icon=\"general/favicon.png\" description=\"You choose the cities where you’d like to deliver. All deliveries are within a specific service area <br> and delivery services vary by location. Whatever the mode or requirement, we will find and book <br> the ideal expedited shipping solution to ensure a timely delivery.\" style=\"style-2\" service_ids=\"1,2,3,4\"][/our-services]</shortcode>\n',1,'services/service7.png','[\"services/img2.png\", \"services/img1.png\"]',1025,'published','2023-11-30 00:32:57','2023-11-30 00:32:57');
/*!40000 ALTER TABLE `lg_services` ENABLE KEYS */;
UNLOCK TABLES;

--
-- Table structure for table `lg_services_translations`
--

DROP TABLE IF EXISTS `lg_services_translations`;
/*!40101 SET @saved_cs_client     = @@character_set_client */;
/*!50503 SET character_set_client = utf8mb4 */;
CREATE TABLE `lg_services_translations` (
  `lang_code` varchar(191) COLLATE utf8mb4_unicode_ci NOT NULL,
  `lg_services_id` bigint unsigned NOT NULL,
  `name` varchar(255) COLLATE utf8mb4_unicode_ci DEFAULT NULL,
  `description` varchar(400) COLLATE utf8mb4_unicode_ci DEFAULT NULL,
  `content` text COLLATE utf8mb4_unicode_ci,
  PRIMARY KEY (`lang_code`,`lg_services_id`)
) ENGINE=InnoDB DEFAULT CHARSET=utf8mb4 COLLATE=utf8mb4_unicode_ci;
/*!40101 SET character_set_client = @saved_cs_client */;

--
-- Dumping data for table `lg_services_translations`
--

LOCK TABLES `lg_services_translations` WRITE;
/*!40000 ALTER TABLE `lg_services_translations` DISABLE KEYS */;
/*!40000 ALTER TABLE `lg_services_translations` ENABLE KEYS */;
UNLOCK TABLES;

--
-- Table structure for table `media_files`
--

DROP TABLE IF EXISTS `media_files`;
/*!40101 SET @saved_cs_client     = @@character_set_client */;
/*!50503 SET character_set_client = utf8mb4 */;
CREATE TABLE `media_files` (
  `id` bigint unsigned NOT NULL AUTO_INCREMENT,
  `user_id` bigint unsigned NOT NULL,
  `name` varchar(255) COLLATE utf8mb4_unicode_ci NOT NULL,
  `alt` varchar(255) COLLATE utf8mb4_unicode_ci DEFAULT NULL,
  `folder_id` bigint unsigned NOT NULL DEFAULT '0',
  `mime_type` varchar(120) COLLATE utf8mb4_unicode_ci NOT NULL,
  `size` int NOT NULL,
  `url` varchar(255) COLLATE utf8mb4_unicode_ci NOT NULL,
  `options` text COLLATE utf8mb4_unicode_ci,
  `created_at` timestamp NULL DEFAULT NULL,
  `updated_at` timestamp NULL DEFAULT NULL,
  `deleted_at` timestamp NULL DEFAULT NULL,
  PRIMARY KEY (`id`),
  KEY `media_files_user_id_index` (`user_id`),
  KEY `media_files_index` (`folder_id`,`user_id`,`created_at`)
) ENGINE=InnoDB AUTO_INCREMENT=173 DEFAULT CHARSET=utf8mb4 COLLATE=utf8mb4_unicode_ci;
/*!40101 SET character_set_client = @saved_cs_client */;

--
-- Dumping data for table `media_files`
--

LOCK TABLES `media_files` WRITE;
/*!40000 ALTER TABLE `media_files` DISABLE KEYS */;
INSERT INTO `media_files` VALUES (1,0,'img-about-1-1','img-about-1-1',1,'image/png',198525,'about/img-about-1-1.png','[]','2023-11-30 00:32:49','2023-11-30 00:32:49',NULL),(2,0,'img-about-1-2','img-about-1-2',1,'image/png',192925,'about/img-about-1-2.png','[]','2023-11-30 00:32:49','2023-11-30 00:32:49',NULL),(3,0,'img-about-1-3','img-about-1-3',1,'image/png',461667,'about/img-about-1-3.png','[]','2023-11-30 00:32:49','2023-11-30 00:32:49',NULL),(4,0,'img-about-2-1','img-about-2-1',1,'image/png',1259758,'about/img-about-2-1.png','[]','2023-11-30 00:32:50','2023-11-30 00:32:50',NULL),(5,0,'img-about-2-2','img-about-2-2',1,'image/png',1508193,'about/img-about-2-2.png','[]','2023-11-30 00:32:50','2023-11-30 00:32:50',NULL),(6,0,'img-about-2-3','img-about-2-3',1,'image/png',1284352,'about/img-about-2-3.png','[]','2023-11-30 00:32:50','2023-11-30 00:32:50',NULL),(7,0,'banner','banner',2,'image/png',864337,'backgrounds/banner.png','[]','2023-11-30 00:32:50','2023-11-30 00:32:50',NULL),(8,0,'bg-get-quote','bg-get-quote',2,'image/png',7515,'backgrounds/bg-get-quote.png','[]','2023-11-30 00:32:50','2023-11-30 00:32:50',NULL),(9,0,'bg-how-it-work','bg-how-it-work',2,'image/png',16000,'backgrounds/bg-how-it-work.png','[]','2023-11-30 00:32:50','2023-11-30 00:32:50',NULL),(10,0,'bg-offer','bg-offer',2,'image/png',308237,'backgrounds/bg-offer.png','[]','2023-11-30 00:32:50','2023-11-30 00:32:50',NULL),(11,0,'bg-plan-left','bg-plan-left',2,'image/png',17567,'backgrounds/bg-plan-left.png','[]','2023-11-30 00:32:50','2023-11-30 00:32:50',NULL),(12,0,'bg-plan-right','bg-plan-right',2,'image/png',21258,'backgrounds/bg-plan-right.png','[]','2023-11-30 00:32:50','2023-11-30 00:32:50',NULL),(13,0,'bg-ship-banner','bg-ship-banner',2,'image/png',49977,'backgrounds/bg-ship-banner.png','[]','2023-11-30 00:32:51','2023-11-30 00:32:51',NULL),(14,0,'bg-testimonial-3','bg-testimonial-3',2,'image/png',16542,'backgrounds/bg-testimonial-3.png','[]','2023-11-30 00:32:51','2023-11-30 00:32:51',NULL),(15,0,'bg-whychooseus','bg-whychooseus',2,'image/png',450700,'backgrounds/bg-whychooseus.png','[]','2023-11-30 00:32:51','2023-11-30 00:32:51',NULL),(16,0,'requestaquote-banner','requestaquote-banner',2,'image/png',20885,'backgrounds/requestaquote-banner.png','[]','2023-11-30 00:32:51','2023-11-30 00:32:51',NULL),(17,0,'alea','alea',3,'image/png',579,'brands/alea.png','[]','2023-11-30 00:32:51','2023-11-30 00:32:51',NULL),(18,0,'creati','creati',3,'image/png',773,'brands/creati.png','[]','2023-11-30 00:32:51','2023-11-30 00:32:51',NULL),(19,0,'land','land',3,'image/png',651,'brands/land.png','[]','2023-11-30 00:32:51','2023-11-30 00:32:51',NULL),(20,0,'logis','logis',3,'image/png',646,'brands/logis.png','[]','2023-11-30 00:32:51','2023-11-30 00:32:51',NULL),(21,0,'saltos','saltos',3,'image/png',722,'brands/saltos.png','[]','2023-11-30 00:32:51','2023-11-30 00:32:51',NULL),(22,0,'truck','truck',3,'image/png',653,'brands/truck.png','[]','2023-11-30 00:32:51','2023-11-30 00:32:51',NULL),(23,0,'author1','author1',4,'image/png',3719,'homepage/author1.png','[]','2023-11-30 00:32:51','2023-11-30 00:32:51',NULL),(24,0,'author2','author2',4,'image/png',3719,'homepage/author2.png','[]','2023-11-30 00:32:51','2023-11-30 00:32:51',NULL),(25,0,'author3','author3',4,'image/png',3719,'homepage/author3.png','[]','2023-11-30 00:32:51','2023-11-30 00:32:51',NULL),(26,0,'author4','author4',4,'image/png',3036,'homepage/author4.png','[]','2023-11-30 00:32:51','2023-11-30 00:32:51',NULL),(27,0,'banner-2','banner-2',4,'image/png',15609,'homepage/banner-2.png','[]','2023-11-30 00:32:51','2023-11-30 00:32:51',NULL),(28,0,'banner-3','banner-3',4,'image/png',19204,'homepage/banner-3.png','[]','2023-11-30 00:32:51','2023-11-30 00:32:51',NULL),(29,0,'banner-4','banner-4',4,'image/png',24315,'homepage/banner-4.png','[]','2023-11-30 00:32:51','2023-11-30 00:32:51',NULL),(30,0,'banner-5','banner-5',4,'image/png',12623,'homepage/banner-5.png','[]','2023-11-30 00:32:51','2023-11-30 00:32:51',NULL),(31,0,'banner-ads','banner-ads',4,'image/png',8912,'homepage/banner-ads.png','[]','2023-11-30 00:32:51','2023-11-30 00:32:51',NULL),(32,0,'container','container',4,'image/png',26594,'homepage/container.png','[]','2023-11-30 00:32:51','2023-11-30 00:32:51',NULL),(33,0,'how-it-work','how-it-work',4,'image/png',13410,'homepage/how-it-work.png','[]','2023-11-30 00:32:51','2023-11-30 00:32:51',NULL),(34,0,'img-contact','img-contact',4,'image/png',8057,'homepage/img-contact.png','[]','2023-11-30 00:32:51','2023-11-30 00:32:51',NULL),(35,0,'img-faq1','img-faq1',4,'image/png',28514,'homepage/img-faq1.png','[]','2023-11-30 00:32:51','2023-11-30 00:32:51',NULL),(36,0,'img-faq2','img-faq2',4,'image/png',21028,'homepage/img-faq2.png','[]','2023-11-30 00:32:51','2023-11-30 00:32:51',NULL),(37,0,'img-faq3','img-faq3',4,'image/png',23290,'homepage/img-faq3.png','[]','2023-11-30 00:32:51','2023-11-30 00:32:51',NULL),(38,0,'img-info-2','img-info-2',4,'image/png',14406,'homepage/img-info-2.png','[]','2023-11-30 00:32:51','2023-11-30 00:32:51',NULL),(39,0,'img-info-3','img-info-3',4,'image/png',49894,'homepage/img-info-3.png','[]','2023-11-30 00:32:51','2023-11-30 00:32:51',NULL),(40,0,'img-info-4','img-info-4',4,'image/png',39696,'homepage/img-info-4.png','[]','2023-11-30 00:32:52','2023-11-30 00:32:52',NULL),(41,0,'img-info-5-2','img-info-5-2',4,'image/png',31957,'homepage/img-info-5-2.png','[]','2023-11-30 00:32:52','2023-11-30 00:32:52',NULL),(42,0,'img-info-5','img-info-5',4,'image/png',26596,'homepage/img-info-5.png','[]','2023-11-30 00:32:52','2023-11-30 00:32:52',NULL),(43,0,'img-info-6','img-info-6',4,'image/png',14568,'homepage/img-info-6.png','[]','2023-11-30 00:32:52','2023-11-30 00:32:52',NULL),(44,0,'img-info-7','img-info-7',4,'image/png',58551,'homepage/img-info-7.png','[]','2023-11-30 00:32:52','2023-11-30 00:32:52',NULL),(45,0,'img-testimonial-4','img-testimonial-4',4,'image/png',12442,'homepage/img-testimonial-4.png','[]','2023-11-30 00:32:52','2023-11-30 00:32:52',NULL),(46,0,'img-why','img-why',4,'image/png',54746,'homepage/img-why.png','[]','2023-11-30 00:32:52','2023-11-30 00:32:52',NULL),(47,0,'img','img',4,'image/png',20837,'homepage/img.png','[]','2023-11-30 00:32:52','2023-11-30 00:32:52',NULL),(48,0,'img1','img1',4,'image/png',57568,'homepage/img1.png','[]','2023-11-30 00:32:52','2023-11-30 00:32:52',NULL),(49,0,'img2','img2',4,'image/png',20837,'homepage/img2.png','[]','2023-11-30 00:32:52','2023-11-30 00:32:52',NULL),(50,0,'img3','img3',4,'image/png',20837,'homepage/img3.png','[]','2023-11-30 00:32:52','2023-11-30 00:32:52',NULL),(51,0,'img4','img4',4,'image/png',20837,'homepage/img4.png','[]','2023-11-30 00:32:52','2023-11-30 00:32:52',NULL),(52,0,'port','port',4,'image/png',15735,'homepage/port.png','[]','2023-11-30 00:32:52','2023-11-30 00:32:52',NULL),(53,0,'ship','ship',4,'image/png',28448,'homepage/ship.png','[]','2023-11-30 00:32:52','2023-11-30 00:32:52',NULL),(54,0,'img1','img1',5,'image/png',32154,'work-process/img1.png','[]','2023-11-30 00:32:53','2023-11-30 00:32:53',NULL),(55,0,'img2','img2',5,'image/png',32154,'work-process/img2.png','[]','2023-11-30 00:32:53','2023-11-30 00:32:53',NULL),(56,0,'img3','img3',5,'image/png',32154,'work-process/img3.png','[]','2023-11-30 00:32:53','2023-11-30 00:32:53',NULL),(57,0,'img4','img4',5,'image/png',32154,'work-process/img4.png','[]','2023-11-30 00:32:53','2023-11-30 00:32:53',NULL),(58,0,'branch1','branch1',6,'image/png',26576,'contact/branch1.png','[]','2023-11-30 00:32:53','2023-11-30 00:32:53',NULL),(59,0,'branch2','branch2',6,'image/png',26576,'contact/branch2.png','[]','2023-11-30 00:32:53','2023-11-30 00:32:53',NULL),(60,0,'branch3','branch3',6,'image/png',26576,'contact/branch3.png','[]','2023-11-30 00:32:53','2023-11-30 00:32:53',NULL),(61,0,'branch4','branch4',6,'image/png',26576,'contact/branch4.png','[]','2023-11-30 00:32:53','2023-11-30 00:32:53',NULL),(62,0,'1','1',7,'image/png',3279,'galleries/1.png','[]','2023-11-30 00:32:53','2023-11-30 00:32:53',NULL),(63,0,'2','2',7,'image/png',3219,'galleries/2.png','[]','2023-11-30 00:32:53','2023-11-30 00:32:53',NULL),(64,0,'3','3',7,'image/png',3279,'galleries/3.png','[]','2023-11-30 00:32:53','2023-11-30 00:32:53',NULL),(65,0,'4','4',7,'image/png',3240,'galleries/4.png','[]','2023-11-30 00:32:53','2023-11-30 00:32:53',NULL),(66,0,'5','5',7,'image/png',2855,'galleries/5.png','[]','2023-11-30 00:32:53','2023-11-30 00:32:53',NULL),(67,0,'6','6',7,'image/png',3240,'galleries/6.png','[]','2023-11-30 00:32:53','2023-11-30 00:32:53',NULL),(68,0,'7','7',7,'image/png',3279,'galleries/7.png','[]','2023-11-30 00:32:53','2023-11-30 00:32:53',NULL),(69,0,'8','8',7,'image/png',3219,'galleries/8.png','[]','2023-11-30 00:32:53','2023-11-30 00:32:53',NULL),(70,0,'9','9',7,'image/png',3279,'galleries/9.png','[]','2023-11-30 00:32:53','2023-11-30 00:32:53',NULL),(71,0,'news1','news1',8,'image/png',26145,'news/news1.png','[]','2023-11-30 00:32:54','2023-11-30 00:32:54',NULL),(72,0,'news2','news2',8,'image/png',26145,'news/news2.png','[]','2023-11-30 00:32:54','2023-11-30 00:32:54',NULL),(73,0,'news3','news3',8,'image/png',26145,'news/news3.png','[]','2023-11-30 00:32:54','2023-11-30 00:32:54',NULL),(74,0,'news4','news4',8,'image/png',24972,'news/news4.png','[]','2023-11-30 00:32:54','2023-11-30 00:32:54',NULL),(75,0,'news5','news5',8,'image/png',26145,'news/news5.png','[]','2023-11-30 00:32:54','2023-11-30 00:32:54',NULL),(76,0,'news6','news6',8,'image/png',26145,'news/news6.png','[]','2023-11-30 00:32:54','2023-11-30 00:32:54',NULL),(77,0,'404','404',9,'image/png',88408,'general/404.png','[]','2023-11-30 00:32:54','2023-11-30 00:32:54',NULL),(78,0,'appstore-btn','appstore-btn',9,'image/png',1045,'general/appstore-btn.png','[]','2023-11-30 00:32:54','2023-11-30 00:32:54',NULL),(79,0,'coming-soon','coming-soon',9,'image/png',66653,'general/coming-soon.png','[]','2023-11-30 00:32:54','2023-11-30 00:32:54',NULL),(80,0,'favicon','favicon',9,'image/png',627,'general/favicon.png','[]','2023-11-30 00:32:54','2023-11-30 00:32:54',NULL),(81,0,'google-play-btn','google-play-btn',9,'image/png',1045,'general/google-play-btn.png','[]','2023-11-30 00:32:54','2023-11-30 00:32:54',NULL),(82,0,'logo-footer','logo-footer',9,'image/png',1638,'general/logo-footer.png','[]','2023-11-30 00:32:54','2023-11-30 00:32:54',NULL),(83,0,'logo','logo',9,'image/png',1982,'general/logo.png','[]','2023-11-30 00:32:54','2023-11-30 00:32:54',NULL),(84,0,'world-map','world-map',9,'image/png',14104,'general/world-map.png','[]','2023-11-30 00:32:54','2023-11-30 00:32:54',NULL),(85,0,'24-hours','24-hours',10,'image/png',1652,'icons/24-hours.png','[]','2023-11-30 00:32:54','2023-11-30 00:32:54',NULL),(86,0,'address','address',10,'image/png',425,'icons/address.png','[]','2023-11-30 00:32:54','2023-11-30 00:32:54',NULL),(87,0,'cardboard','cardboard',10,'image/png',863,'icons/cardboard.png','[]','2023-11-30 00:32:54','2023-11-30 00:32:54',NULL),(88,0,'cargo-ship','cargo-ship',10,'image/png',1040,'icons/cargo-ship.png','[]','2023-11-30 00:32:55','2023-11-30 00:32:55',NULL),(89,0,'certified','certified',10,'image/png',3147,'icons/certified.png','[]','2023-11-30 00:32:55','2023-11-30 00:32:55',NULL),(90,0,'chart','chart',10,'image/png',245,'icons/chart.png','[]','2023-11-30 00:32:55','2023-11-30 00:32:55',NULL),(91,0,'cities','cities',10,'image/png',557,'icons/cities.png','[]','2023-11-30 00:32:55','2023-11-30 00:32:55',NULL),(92,0,'client','client',10,'image/png',431,'icons/client.png','[]','2023-11-30 00:32:55','2023-11-30 00:32:55',NULL),(93,0,'company','company',10,'image/png',507,'icons/company.png','[]','2023-11-30 00:32:55','2023-11-30 00:32:55',NULL),(94,0,'container','container',10,'image/png',1177,'icons/container.png','[]','2023-11-30 00:32:55','2023-11-30 00:32:55',NULL),(95,0,'delivery-2','delivery-2',10,'image/png',673,'icons/delivery-2.png','[]','2023-11-30 00:32:55','2023-11-30 00:32:55',NULL),(96,0,'delivery','delivery',10,'image/png',1140,'icons/delivery.png','[]','2023-11-30 00:32:55','2023-11-30 00:32:55',NULL),(97,0,'fb','fb',10,'image/png',266,'icons/fb.png','[]','2023-11-30 00:32:55','2023-11-30 00:32:55',NULL),(98,0,'feature','feature',10,'image/png',344,'icons/feature.png','[]','2023-11-30 00:32:55','2023-11-30 00:32:55',NULL),(99,0,'feature2','feature2',10,'image/png',340,'icons/feature2.png','[]','2023-11-30 00:32:55','2023-11-30 00:32:55',NULL),(100,0,'feature3','feature3',10,'image/png',369,'icons/feature3.png','[]','2023-11-30 00:32:55','2023-11-30 00:32:55',NULL),(101,0,'forklift','forklift',10,'image/png',1465,'icons/forklift.png','[]','2023-11-30 00:32:55','2023-11-30 00:32:55',NULL),(102,0,'handover','handover',10,'image/png',452,'icons/handover.png','[]','2023-11-30 00:32:55','2023-11-30 00:32:55',NULL),(103,0,'icon1','icon1',10,'image/png',380,'icons/icon1.png','[]','2023-11-30 00:32:55','2023-11-30 00:32:55',NULL),(104,0,'icon2','icon2',10,'image/png',340,'icons/icon2.png','[]','2023-11-30 00:32:55','2023-11-30 00:32:55',NULL),(105,0,'in','in',10,'image/png',579,'icons/in.png','[]','2023-11-30 00:32:55','2023-11-30 00:32:55',NULL),(106,0,'inst','inst',10,'image/png',521,'icons/inst.png','[]','2023-11-30 00:32:55','2023-11-30 00:32:55',NULL),(107,0,'order','order',10,'image/png',770,'icons/order.png','[]','2023-11-30 00:32:55','2023-11-30 00:32:55',NULL),(108,0,'pallet-2','pallet-2',10,'image/png',782,'icons/pallet-2.png','[]','2023-11-30 00:32:55','2023-11-30 00:32:55',NULL),(109,0,'pallet','pallet',10,'image/png',1000,'icons/pallet.png','[]','2023-11-30 00:32:55','2023-11-30 00:32:55',NULL),(110,0,'parachute','parachute',10,'image/png',1039,'icons/parachute.png','[]','2023-11-30 00:32:55','2023-11-30 00:32:55',NULL),(111,0,'payment','payment',10,'image/png',1005,'icons/payment.png','[]','2023-11-30 00:32:55','2023-11-30 00:32:55',NULL),(112,0,'phone','phone',10,'image/png',535,'icons/phone.png','[]','2023-11-30 00:32:55','2023-11-30 00:32:55',NULL),(113,0,'picked','picked',10,'image/png',956,'icons/picked.png','[]','2023-11-30 00:32:55','2023-11-30 00:32:55',NULL),(114,0,'plane-2','plane-2',10,'image/png',1048,'icons/plane-2.png','[]','2023-11-30 00:32:55','2023-11-30 00:32:55',NULL),(115,0,'plane','plane',10,'image/png',1541,'icons/plane.png','[]','2023-11-30 00:32:55','2023-11-30 00:32:55',NULL),(116,0,'play-icon','play-icon',10,'image/png',822,'icons/play-icon.png','[]','2023-11-30 00:32:55','2023-11-30 00:32:55',NULL),(117,0,'play','play',10,'image/png',1549,'icons/play.png','[]','2023-11-30 00:32:55','2023-11-30 00:32:55',NULL),(118,0,'quotation','quotation',10,'image/png',372,'icons/quotation.png','[]','2023-11-30 00:32:55','2023-11-30 00:32:55',NULL),(119,0,'quote-2','quote-2',10,'image/png',448,'icons/quote-2.png','[]','2023-11-30 00:32:55','2023-11-30 00:32:55',NULL),(120,0,'quote','quote',10,'image/png',498,'icons/quote.png','[]','2023-11-30 00:32:55','2023-11-30 00:32:55',NULL),(121,0,'shape-icon','shape-icon',10,'image/png',380,'icons/shape-icon.png','[]','2023-11-30 00:32:55','2023-11-30 00:32:55',NULL),(122,0,'skype','skype',10,'image/png',540,'icons/skype.png','[]','2023-11-30 00:32:55','2023-11-30 00:32:55',NULL),(123,0,'stopwatch','stopwatch',10,'image/png',1630,'icons/stopwatch.png','[]','2023-11-30 00:32:55','2023-11-30 00:32:55',NULL),(124,0,'support','support',10,'image/png',329,'icons/support.png','[]','2023-11-30 00:32:55','2023-11-30 00:32:55',NULL),(125,0,'train','train',10,'image/png',1310,'icons/train.png','[]','2023-11-30 00:32:55','2023-11-30 00:32:55',NULL),(126,0,'tw','tw',10,'image/png',408,'icons/tw.png','[]','2023-11-30 00:32:55','2023-11-30 00:32:55',NULL),(127,0,'vespa','vespa',10,'image/png',1820,'icons/vespa.png','[]','2023-11-30 00:32:55','2023-11-30 00:32:55',NULL),(128,0,'warehouse','warehouse',10,'image/png',973,'icons/warehouse.png','[]','2023-11-30 00:32:55','2023-11-30 00:32:55',NULL),(129,0,'worldwide','worldwide',10,'image/png',1917,'icons/worldwide.png','[]','2023-11-30 00:32:55','2023-11-30 00:32:55',NULL),(130,0,'youtube','youtube',10,'image/png',393,'icons/youtube.png','[]','2023-11-30 00:32:55','2023-11-30 00:32:55',NULL),(131,0,'bg-banner','bg-banner',11,'image/png',412,'shapes/bg-banner.png','[]','2023-11-30 00:32:55','2023-11-30 00:32:55',NULL),(132,0,'bg-contact','bg-contact',11,'image/png',1696,'shapes/bg-contact.png','[]','2023-11-30 00:32:55','2023-11-30 00:32:55',NULL),(133,0,'bg-info-7','bg-info-7',11,'image/png',1801,'shapes/bg-info-7.png','[]','2023-11-30 00:32:55','2023-11-30 00:32:55',NULL),(134,0,'bg-newsletter-1','bg-newsletter-1',11,'image/png',1095,'shapes/bg-newsletter-1.png','[]','2023-11-30 00:32:55','2023-11-30 00:32:55',NULL),(135,0,'bg-newsletter-2','bg-newsletter-2',11,'image/png',189,'shapes/bg-newsletter-2.png','[]','2023-11-30 00:32:55','2023-11-30 00:32:55',NULL),(136,0,'bg-quote','bg-quote',11,'image/png',2235,'shapes/bg-quote.png','[]','2023-11-30 00:32:55','2023-11-30 00:32:55',NULL),(137,0,'bg-requestquote-3','bg-requestquote-3',11,'image/png',1330,'shapes/bg-requestquote-3.png','[]','2023-11-30 00:32:55','2023-11-30 00:32:55',NULL),(138,0,'bg-testimonial-4','bg-testimonial-4',11,'image/png',1861,'shapes/bg-testimonial-4.png','[]','2023-11-30 00:32:55','2023-11-30 00:32:55',NULL),(139,0,'bg-testimonial','bg-testimonial',11,'image/png',1653,'shapes/bg-testimonial.png','[]','2023-11-30 00:32:55','2023-11-30 00:32:55',NULL),(140,0,'bg-touch','bg-touch',11,'image/png',1935,'shapes/bg-touch.png','[]','2023-11-30 00:32:56','2023-11-30 00:32:56',NULL),(141,0,'bg-union','bg-union',11,'image/png',224,'shapes/bg-union.png','[]','2023-11-30 00:32:56','2023-11-30 00:32:56',NULL),(142,0,'bg-what-done','bg-what-done',11,'image/png',1218,'shapes/bg-what-done.png','[]','2023-11-30 00:32:56','2023-11-30 00:32:56',NULL),(143,0,'bg-why','bg-why',11,'image/png',2140,'shapes/bg-why.png','[]','2023-11-30 00:32:56','2023-11-30 00:32:56',NULL),(144,0,'subtract','subtract',11,'image/png',1268,'shapes/subtract.png','[]','2023-11-30 00:32:56','2023-11-30 00:32:56',NULL),(145,0,'slider-1','slider-1',12,'image/png',19734,'banners/slider-1.png','[]','2023-11-30 00:32:56','2023-11-30 00:32:56',NULL),(146,0,'slider-2','slider-2',12,'image/png',19734,'banners/slider-2.png','[]','2023-11-30 00:32:56','2023-11-30 00:32:56',NULL),(147,0,'1','1',13,'image/png',24898,'teams/1.png','[]','2023-11-30 00:32:56','2023-11-30 00:32:56',NULL),(148,0,'2','2',13,'image/png',24898,'teams/2.png','[]','2023-11-30 00:32:56','2023-11-30 00:32:56',NULL),(149,0,'3','3',13,'image/png',24898,'teams/3.png','[]','2023-11-30 00:32:56','2023-11-30 00:32:56',NULL),(150,0,'4','4',13,'image/png',24898,'teams/4.png','[]','2023-11-30 00:32:56','2023-11-30 00:32:56',NULL),(151,0,'5','5',13,'image/png',24898,'teams/5.png','[]','2023-11-30 00:32:56','2023-11-30 00:32:56',NULL),(152,0,'6','6',13,'image/png',24898,'teams/6.png','[]','2023-11-30 00:32:56','2023-11-30 00:32:56',NULL),(153,0,'7','7',13,'image/png',24898,'teams/7.png','[]','2023-11-30 00:32:56','2023-11-30 00:32:56',NULL),(154,0,'8','8',13,'image/png',24898,'teams/8.png','[]','2023-11-30 00:32:56','2023-11-30 00:32:56',NULL),(155,0,'img1','img1',14,'image/png',38603,'services/img1.png','[]','2023-11-30 00:32:56','2023-11-30 00:32:56',NULL),(156,0,'img2','img2',14,'image/png',38593,'services/img2.png','[]','2023-11-30 00:32:56','2023-11-30 00:32:56',NULL),(157,0,'img3','img3',14,'image/png',27261,'services/img3.png','[]','2023-11-30 00:32:57','2023-11-30 00:32:57',NULL),(158,0,'img4','img4',14,'image/png',18606,'services/img4.png','[]','2023-11-30 00:32:57','2023-11-30 00:32:57',NULL),(159,0,'menu1','menu1',14,'image/png',10098,'services/menu1.png','[]','2023-11-30 00:32:57','2023-11-30 00:32:57',NULL),(160,0,'menu2','menu2',14,'image/png',10098,'services/menu2.png','[]','2023-11-30 00:32:57','2023-11-30 00:32:57',NULL),(161,0,'menu3','menu3',14,'image/png',10098,'services/menu3.png','[]','2023-11-30 00:32:57','2023-11-30 00:32:57',NULL),(162,0,'menu4','menu4',14,'image/png',10098,'services/menu4.png','[]','2023-11-30 00:32:57','2023-11-30 00:32:57',NULL),(163,0,'menu5','menu5',14,'image/png',10098,'services/menu5.png','[]','2023-11-30 00:32:57','2023-11-30 00:32:57',NULL),(164,0,'menu6','menu6',14,'image/png',10098,'services/menu6.png','[]','2023-11-30 00:32:57','2023-11-30 00:32:57',NULL),(165,0,'menu7','menu7',14,'image/png',10098,'services/menu7.png','[]','2023-11-30 00:32:57','2023-11-30 00:32:57',NULL),(166,0,'service1','service1',14,'image/png',26576,'services/service1.png','[]','2023-11-30 00:32:57','2023-11-30 00:32:57',NULL),(167,0,'service2','service2',14,'image/png',26576,'services/service2.png','[]','2023-11-30 00:32:57','2023-11-30 00:32:57',NULL),(168,0,'service3','service3',14,'image/png',26576,'services/service3.png','[]','2023-11-30 00:32:57','2023-11-30 00:32:57',NULL),(169,0,'service4','service4',14,'image/png',26794,'services/service4.png','[]','2023-11-30 00:32:57','2023-11-30 00:32:57',NULL),(170,0,'service5','service5',14,'image/png',31686,'services/service5.png','[]','2023-11-30 00:32:57','2023-11-30 00:32:57',NULL),(171,0,'service6','service6',14,'image/png',31686,'services/service6.png','[]','2023-11-30 00:32:57','2023-11-30 00:32:57',NULL),(172,0,'service7','service7',14,'image/png',31686,'services/service7.png','[]','2023-11-30 00:32:57','2023-11-30 00:32:57',NULL);
/*!40000 ALTER TABLE `media_files` ENABLE KEYS */;
UNLOCK TABLES;

--
-- Table structure for table `media_folders`
--

DROP TABLE IF EXISTS `media_folders`;
/*!40101 SET @saved_cs_client     = @@character_set_client */;
/*!50503 SET character_set_client = utf8mb4 */;
CREATE TABLE `media_folders` (
  `id` bigint unsigned NOT NULL AUTO_INCREMENT,
  `user_id` bigint unsigned NOT NULL,
  `name` varchar(255) COLLATE utf8mb4_unicode_ci DEFAULT NULL,
  `slug` varchar(255) COLLATE utf8mb4_unicode_ci DEFAULT NULL,
  `parent_id` bigint unsigned NOT NULL DEFAULT '0',
  `created_at` timestamp NULL DEFAULT NULL,
  `updated_at` timestamp NULL DEFAULT NULL,
  `deleted_at` timestamp NULL DEFAULT NULL,
  PRIMARY KEY (`id`),
  KEY `media_folders_user_id_index` (`user_id`),
  KEY `media_folders_index` (`parent_id`,`user_id`,`created_at`)
) ENGINE=InnoDB AUTO_INCREMENT=15 DEFAULT CHARSET=utf8mb4 COLLATE=utf8mb4_unicode_ci;
/*!40101 SET character_set_client = @saved_cs_client */;

--
-- Dumping data for table `media_folders`
--

LOCK TABLES `media_folders` WRITE;
/*!40000 ALTER TABLE `media_folders` DISABLE KEYS */;
INSERT INTO `media_folders` VALUES (1,0,'about','about',0,'2023-11-30 00:32:49','2023-11-30 00:32:49',NULL),(2,0,'backgrounds','backgrounds',0,'2023-11-30 00:32:50','2023-11-30 00:32:50',NULL),(3,0,'brands','brands',0,'2023-11-30 00:32:51','2023-11-30 00:32:51',NULL),(4,0,'homepage','homepage',0,'2023-11-30 00:32:51','2023-11-30 00:32:51',NULL),(5,0,'work-process','work-process',0,'2023-11-30 00:32:53','2023-11-30 00:32:53',NULL),(6,0,'contact','contact',0,'2023-11-30 00:32:53','2023-11-30 00:32:53',NULL),(7,0,'galleries','galleries',0,'2023-11-30 00:32:53','2023-11-30 00:32:53',NULL),(8,0,'news','news',0,'2023-11-30 00:32:54','2023-11-30 00:32:54',NULL),(9,0,'general','general',0,'2023-11-30 00:32:54','2023-11-30 00:32:54',NULL),(10,0,'icons','icons',0,'2023-11-30 00:32:54','2023-11-30 00:32:54',NULL),(11,0,'shapes','shapes',0,'2023-11-30 00:32:55','2023-11-30 00:32:55',NULL),(12,0,'banners','banners',0,'2023-11-30 00:32:56','2023-11-30 00:32:56',NULL),(13,0,'teams','teams',0,'2023-11-30 00:32:56','2023-11-30 00:32:56',NULL),(14,0,'services','services',0,'2023-11-30 00:32:56','2023-11-30 00:32:56',NULL);
/*!40000 ALTER TABLE `media_folders` ENABLE KEYS */;
UNLOCK TABLES;

--
-- Table structure for table `media_settings`
--

DROP TABLE IF EXISTS `media_settings`;
/*!40101 SET @saved_cs_client     = @@character_set_client */;
/*!50503 SET character_set_client = utf8mb4 */;
CREATE TABLE `media_settings` (
  `id` bigint unsigned NOT NULL AUTO_INCREMENT,
  `key` varchar(120) COLLATE utf8mb4_unicode_ci NOT NULL,
  `value` text COLLATE utf8mb4_unicode_ci,
  `media_id` bigint unsigned DEFAULT NULL,
  `user_id` bigint unsigned DEFAULT NULL,
  `created_at` timestamp NULL DEFAULT NULL,
  `updated_at` timestamp NULL DEFAULT NULL,
  PRIMARY KEY (`id`)
) ENGINE=InnoDB DEFAULT CHARSET=utf8mb4 COLLATE=utf8mb4_unicode_ci;
/*!40101 SET character_set_client = @saved_cs_client */;

--
-- Dumping data for table `media_settings`
--

LOCK TABLES `media_settings` WRITE;
/*!40000 ALTER TABLE `media_settings` DISABLE KEYS */;
/*!40000 ALTER TABLE `media_settings` ENABLE KEYS */;
UNLOCK TABLES;

--
-- Table structure for table `menu_locations`
--

DROP TABLE IF EXISTS `menu_locations`;
/*!40101 SET @saved_cs_client     = @@character_set_client */;
/*!50503 SET character_set_client = utf8mb4 */;
CREATE TABLE `menu_locations` (
  `id` bigint unsigned NOT NULL AUTO_INCREMENT,
  `menu_id` bigint unsigned NOT NULL,
  `location` varchar(120) COLLATE utf8mb4_unicode_ci NOT NULL,
  `created_at` timestamp NULL DEFAULT NULL,
  `updated_at` timestamp NULL DEFAULT NULL,
  PRIMARY KEY (`id`),
  KEY `menu_locations_menu_id_created_at_index` (`menu_id`,`created_at`)
) ENGINE=InnoDB AUTO_INCREMENT=3 DEFAULT CHARSET=utf8mb4 COLLATE=utf8mb4_unicode_ci;
/*!40101 SET character_set_client = @saved_cs_client */;

--
-- Dumping data for table `menu_locations`
--

LOCK TABLES `menu_locations` WRITE;
/*!40000 ALTER TABLE `menu_locations` DISABLE KEYS */;
INSERT INTO `menu_locations` VALUES (1,1,'main-menu','2023-11-30 00:32:58','2023-11-30 00:32:58'),(2,5,'footer-menu','2023-11-30 00:32:58','2023-11-30 00:32:58');
/*!40000 ALTER TABLE `menu_locations` ENABLE KEYS */;
UNLOCK TABLES;

--
-- Table structure for table `menu_nodes`
--

DROP TABLE IF EXISTS `menu_nodes`;
/*!40101 SET @saved_cs_client     = @@character_set_client */;
/*!50503 SET character_set_client = utf8mb4 */;
CREATE TABLE `menu_nodes` (
  `id` bigint unsigned NOT NULL AUTO_INCREMENT,
  `menu_id` bigint unsigned NOT NULL,
  `parent_id` bigint unsigned NOT NULL DEFAULT '0',
  `reference_id` bigint unsigned DEFAULT NULL,
  `reference_type` varchar(255) COLLATE utf8mb4_unicode_ci DEFAULT NULL,
  `url` varchar(120) COLLATE utf8mb4_unicode_ci DEFAULT NULL,
  `icon_font` varchar(50) COLLATE utf8mb4_unicode_ci DEFAULT NULL,
  `position` tinyint unsigned NOT NULL DEFAULT '0',
  `title` varchar(120) COLLATE utf8mb4_unicode_ci DEFAULT NULL,
  `css_class` varchar(120) COLLATE utf8mb4_unicode_ci DEFAULT NULL,
  `target` varchar(20) COLLATE utf8mb4_unicode_ci NOT NULL DEFAULT '_self',
  `has_child` tinyint unsigned NOT NULL DEFAULT '0',
  `created_at` timestamp NULL DEFAULT NULL,
  `updated_at` timestamp NULL DEFAULT NULL,
  PRIMARY KEY (`id`),
  KEY `menu_nodes_menu_id_index` (`menu_id`),
  KEY `menu_nodes_parent_id_index` (`parent_id`),
  KEY `reference_id` (`reference_id`),
  KEY `reference_type` (`reference_type`)
) ENGINE=InnoDB AUTO_INCREMENT=44 DEFAULT CHARSET=utf8mb4 COLLATE=utf8mb4_unicode_ci;
/*!40101 SET character_set_client = @saved_cs_client */;

--
-- Dumping data for table `menu_nodes`
--

LOCK TABLES `menu_nodes` WRITE;
/*!40000 ALTER TABLE `menu_nodes` DISABLE KEYS */;
INSERT INTO `menu_nodes` VALUES (1,1,0,NULL,NULL,NULL,NULL,0,'Home',NULL,'_self',1,'2023-11-30 00:32:58','2023-11-30 00:32:58'),(2,1,1,1,'Botble\\Page\\Models\\Page','/',NULL,0,'Homepage 1',NULL,'_self',0,'2023-11-30 00:32:58','2023-11-30 00:32:58'),(3,1,1,2,'Botble\\Page\\Models\\Page','/homepage-2',NULL,1,'Homepage 2',NULL,'_self',0,'2023-11-30 00:32:58','2023-11-30 00:32:58'),(4,1,1,3,'Botble\\Page\\Models\\Page','/homepage-3',NULL,2,'Homepage 3',NULL,'_self',0,'2023-11-30 00:32:58','2023-11-30 00:32:58'),(5,1,1,4,'Botble\\Page\\Models\\Page','/homepage-4',NULL,3,'Homepage 4',NULL,'_self',0,'2023-11-30 00:32:58','2023-11-30 00:32:58'),(6,1,0,5,'Botble\\Page\\Models\\Page','/about-us',NULL,1,'About Us',NULL,'_self',0,'2023-11-30 00:32:58','2023-11-30 00:32:58'),(7,1,0,NULL,NULL,NULL,NULL,2,'Services',NULL,'_self',1,'2023-11-30 00:32:58','2023-11-30 00:32:58'),(8,1,7,6,'Botble\\Page\\Models\\Page','/services',NULL,0,'Services',NULL,'_self',0,'2023-11-30 00:32:58','2023-11-30 00:32:58'),(9,1,7,NULL,NULL,'/services/sea-freight-forwarding',NULL,1,'Service Details',NULL,'_self',0,'2023-11-30 00:32:58','2023-11-30 00:32:58'),(10,1,0,NULL,NULL,NULL,NULL,3,'Pages',NULL,'_self',1,'2023-11-30 00:32:58','2023-11-30 00:32:58'),(11,1,10,7,'Botble\\Page\\Models\\Page','/track-your-parcel',NULL,0,'Track Your Parcel',NULL,'_self',0,'2023-11-30 00:32:58','2023-11-30 00:32:58'),(12,1,10,8,'Botble\\Page\\Models\\Page','/work-process',NULL,1,'Work Process',NULL,'_self',0,'2023-11-30 00:32:58','2023-11-30 00:32:58'),(13,1,10,9,'Botble\\Page\\Models\\Page','/request-a-quote',NULL,2,'Request a quote',NULL,'_self',0,'2023-11-30 00:32:58','2023-11-30 00:32:58'),(14,1,10,10,'Botble\\Page\\Models\\Page','/our-team',NULL,3,'Our team',NULL,'_self',0,'2023-11-30 00:32:58','2023-11-30 00:32:58'),(15,1,10,11,'Botble\\Page\\Models\\Page','/faqs',NULL,4,'FAQ\'s',NULL,'_self',0,'2023-11-30 00:32:58','2023-11-30 00:32:58'),(16,1,10,15,'Botble\\Page\\Models\\Page','/coming-soon',NULL,5,'Coming soon',NULL,'_self',0,'2023-11-30 00:32:58','2023-11-30 00:32:58'),(17,1,10,12,'Botble\\Page\\Models\\Page','/newsletter',NULL,6,'Newsletter',NULL,'_self',0,'2023-11-30 00:32:58','2023-11-30 00:32:58'),(18,1,10,NULL,NULL,'/404',NULL,7,'Error 404',NULL,'_self',0,'2023-11-30 00:32:58','2023-11-30 00:32:58'),(19,1,0,NULL,NULL,NULL,NULL,4,'Blog',NULL,'_self',1,'2023-11-30 00:32:58','2023-11-30 00:32:58'),(20,1,19,13,'Botble\\Page\\Models\\Page','/blog',NULL,0,'Blog',NULL,'_self',0,'2023-11-30 00:32:58','2023-11-30 00:32:58'),(21,1,19,NULL,NULL,'/the-role-of-ai-in-transforming-logistics',NULL,1,'Blog Details',NULL,'_self',0,'2023-11-30 00:32:58','2023-11-30 00:32:58'),(22,1,0,14,'Botble\\Page\\Models\\Page','/contact-us',NULL,5,'Contact',NULL,'_self',0,'2023-11-30 00:32:58','2023-11-30 00:32:58'),(23,2,0,NULL,NULL,'/contact-us',NULL,0,'Mission & Vision',NULL,'_self',0,'2023-11-30 00:32:58','2023-11-30 00:32:58'),(24,2,0,NULL,NULL,'/our-team',NULL,1,'Our Team',NULL,'_self',0,'2023-11-30 00:32:58','2023-11-30 00:32:58'),(25,2,0,NULL,NULL,'/contact-us',NULL,2,'Careers',NULL,'_self',0,'2023-11-30 00:32:58','2023-11-30 00:32:58'),(26,2,0,NULL,NULL,'/services',NULL,3,'Press & Media',NULL,'_self',0,'2023-11-30 00:32:58','2023-11-30 00:32:58'),(27,2,0,NULL,NULL,'/contact-us',NULL,4,'Advertising',NULL,'_self',0,'2023-11-30 00:32:58','2023-11-30 00:32:58'),(28,2,0,NULL,NULL,'/contact-us',NULL,5,'Testimonials',NULL,'_self',0,'2023-11-30 00:32:58','2023-11-30 00:32:58'),(29,3,0,NULL,NULL,'/contact-us',NULL,0,'Global coverage',NULL,'_self',0,'2023-11-30 00:32:58','2023-11-30 00:32:58'),(30,3,0,NULL,NULL,'/contact-us',NULL,1,'Distribution',NULL,'_self',0,'2023-11-30 00:32:58','2023-11-30 00:32:58'),(31,3,0,NULL,NULL,'/contact-us',NULL,2,'Accounting Tools',NULL,'_self',0,'2023-11-30 00:32:58','2023-11-30 00:32:58'),(32,3,0,NULL,NULL,'/contact-us',NULL,3,'Freight Recovery',NULL,'_self',0,'2023-11-30 00:32:58','2023-11-30 00:32:58'),(33,3,0,NULL,NULL,'/contact-us',NULL,4,'Supply Chain',NULL,'_self',0,'2023-11-30 00:32:58','2023-11-30 00:32:58'),(34,3,0,NULL,NULL,'/contact-us',NULL,5,'Warehousing',NULL,'_self',0,'2023-11-30 00:32:58','2023-11-30 00:32:58'),(35,4,0,2,'Botble\\Logistics\\Models\\ServiceCategory','/service-categories/air-freight-forwarding',NULL,0,'Air Freight',NULL,'_self',0,'2023-11-30 00:32:58','2023-11-30 00:32:58'),(36,4,0,1,'Botble\\Logistics\\Models\\ServiceCategory','/service-categories/sea-forwarding',NULL,1,'Ocean Freight',NULL,'_self',0,'2023-11-30 00:32:58','2023-11-30 00:32:58'),(37,4,0,4,'Botble\\Logistics\\Models\\ServiceCategory','/service-categories/railway-logistics',NULL,2,'Railway Freight',NULL,'_self',0,'2023-11-30 00:32:58','2023-11-30 00:32:58'),(38,4,0,5,'Botble\\Logistics\\Models\\ServiceCategory','/service-categories/warehouse',NULL,3,'Warehousing',NULL,'_self',0,'2023-11-30 00:32:58','2023-11-30 00:32:58'),(39,4,0,3,'Botble\\Logistics\\Models\\ServiceCategory','/service-categories/land-transportation',NULL,4,'Distribution',NULL,'_self',0,'2023-11-30 00:32:58','2023-11-30 00:32:58'),(40,4,0,7,'Botble\\Logistics\\Models\\ServiceCategory','/service-categories/customs-brokerages',NULL,5,'Value added',NULL,'_self',0,'2023-11-30 00:32:58','2023-11-30 00:32:58'),(41,5,0,16,'Botble\\Page\\Models\\Page','/privacy-policy',NULL,0,'Privacy policy',NULL,'_self',0,'2023-11-30 00:32:58','2023-11-30 00:32:58'),(42,5,0,17,'Botble\\Page\\Models\\Page','/cookies',NULL,1,'Cookies',NULL,'_self',0,'2023-11-30 00:32:58','2023-11-30 00:32:58'),(43,5,0,18,'Botble\\Page\\Models\\Page','/terms-of-service',NULL,2,'Terms of service',NULL,'_self',0,'2023-11-30 00:32:58','2023-11-30 00:32:58');
/*!40000 ALTER TABLE `menu_nodes` ENABLE KEYS */;
UNLOCK TABLES;

--
-- Table structure for table `menus`
--

DROP TABLE IF EXISTS `menus`;
/*!40101 SET @saved_cs_client     = @@character_set_client */;
/*!50503 SET character_set_client = utf8mb4 */;
CREATE TABLE `menus` (
  `id` bigint unsigned NOT NULL AUTO_INCREMENT,
  `name` varchar(120) COLLATE utf8mb4_unicode_ci NOT NULL,
  `slug` varchar(120) COLLATE utf8mb4_unicode_ci DEFAULT NULL,
  `status` varchar(60) COLLATE utf8mb4_unicode_ci NOT NULL DEFAULT 'published',
  `created_at` timestamp NULL DEFAULT NULL,
  `updated_at` timestamp NULL DEFAULT NULL,
  PRIMARY KEY (`id`),
  UNIQUE KEY `menus_slug_unique` (`slug`)
) ENGINE=InnoDB AUTO_INCREMENT=6 DEFAULT CHARSET=utf8mb4 COLLATE=utf8mb4_unicode_ci;
/*!40101 SET character_set_client = @saved_cs_client */;

--
-- Dumping data for table `menus`
--

LOCK TABLES `menus` WRITE;
/*!40000 ALTER TABLE `menus` DISABLE KEYS */;
INSERT INTO `menus` VALUES (1,'Main menu','main-menu','published','2023-11-30 00:32:58','2023-11-30 00:32:58'),(2,'Company','company','published','2023-11-30 00:32:58','2023-11-30 00:32:58'),(3,'Industries','industries','published','2023-11-30 00:32:58','2023-11-30 00:32:58'),(4,'Services','services','published','2023-11-30 00:32:58','2023-11-30 00:32:58'),(5,'Footer menu','footer-menu','published','2023-11-30 00:32:58','2023-11-30 00:32:58');
/*!40000 ALTER TABLE `menus` ENABLE KEYS */;
UNLOCK TABLES;

--
-- Table structure for table `meta_boxes`
--

DROP TABLE IF EXISTS `meta_boxes`;
/*!40101 SET @saved_cs_client     = @@character_set_client */;
/*!50503 SET character_set_client = utf8mb4 */;
CREATE TABLE `meta_boxes` (
  `id` bigint unsigned NOT NULL AUTO_INCREMENT,
  `meta_key` varchar(255) COLLATE utf8mb4_unicode_ci NOT NULL,
  `meta_value` text COLLATE utf8mb4_unicode_ci,
  `reference_id` bigint unsigned NOT NULL,
  `reference_type` varchar(120) COLLATE utf8mb4_unicode_ci NOT NULL,
  `created_at` timestamp NULL DEFAULT NULL,
  `updated_at` timestamp NULL DEFAULT NULL,
  PRIMARY KEY (`id`),
  KEY `meta_boxes_reference_id_index` (`reference_id`)
) ENGINE=InnoDB AUTO_INCREMENT=63 DEFAULT CHARSET=utf8mb4 COLLATE=utf8mb4_unicode_ci;
/*!40101 SET character_set_client = @saved_cs_client */;

--
-- Dumping data for table `meta_boxes`
--

LOCK TABLES `meta_boxes` WRITE;
/*!40000 ALTER TABLE `meta_boxes` DISABLE KEYS */;
INSERT INTO `meta_boxes` VALUES (1,'hide_pre_footer_sidebar','[true]',1,'Botble\\Page\\Models\\Page','2023-11-30 00:32:53','2023-11-30 00:32:53'),(2,'header_style','[\"style-2\"]',3,'Botble\\Page\\Models\\Page','2023-11-30 00:32:53','2023-11-30 00:32:53'),(3,'breadcrumb','[\"style-2\"]',5,'Botble\\Page\\Models\\Page','2023-11-30 00:32:53','2023-11-30 00:32:53'),(4,'breadcrumb_color','[\"#034460\"]',5,'Botble\\Page\\Models\\Page','2023-11-30 00:32:53','2023-11-30 00:32:53'),(5,'breadcrumb_background','[\"backgrounds\\/bg-ship-banner.png\"]',5,'Botble\\Page\\Models\\Page','2023-11-30 00:32:53','2023-11-30 00:32:53'),(6,'breadcrumb','[\"style-1\"]',8,'Botble\\Page\\Models\\Page','2023-11-30 00:32:53','2023-11-30 00:32:53'),(7,'breadcrumb_color','[\"#e0f0f6\"]',8,'Botble\\Page\\Models\\Page','2023-11-30 00:32:53','2023-11-30 00:32:53'),(8,'breadcrumb_background','[\"general\\/world-map.png\"]',8,'Botble\\Page\\Models\\Page','2023-11-30 00:32:53','2023-11-30 00:32:53'),(9,'breadcrumb_image','[\"general\\/favicon.png\"]',8,'Botble\\Page\\Models\\Page','2023-11-30 00:32:53','2023-11-30 00:32:53'),(10,'breadcrumb','[\"style-1\"]',11,'Botble\\Page\\Models\\Page','2023-11-30 00:32:53','2023-11-30 00:32:53'),(11,'breadcrumb_color','[\"#e0f0f6\"]',11,'Botble\\Page\\Models\\Page','2023-11-30 00:32:53','2023-11-30 00:32:53'),(12,'breadcrumb_background','[\"general\\/world-map.png\"]',11,'Botble\\Page\\Models\\Page','2023-11-30 00:32:53','2023-11-30 00:32:53'),(13,'hide_pre_footer_sidebar','[true]',12,'Botble\\Page\\Models\\Page','2023-11-30 00:32:53','2023-11-30 00:32:53'),(14,'breadcrumb','[\"style-1\"]',16,'Botble\\Page\\Models\\Page','2023-11-30 00:32:53','2023-11-30 00:32:53'),(15,'breadcrumb_color','[\"#e0f0f6\"]',16,'Botble\\Page\\Models\\Page','2023-11-30 00:32:53','2023-11-30 00:32:53'),(16,'breadcrumb_background','[\"general\\/world-map.png\"]',16,'Botble\\Page\\Models\\Page','2023-11-30 00:32:53','2023-11-30 00:32:53'),(17,'breadcrumb_image','[\"general\\/favicon.png\"]',16,'Botble\\Page\\Models\\Page','2023-11-30 00:32:53','2023-11-30 00:32:53'),(18,'breadcrumb','[\"style-1\"]',17,'Botble\\Page\\Models\\Page','2023-11-30 00:32:53','2023-11-30 00:32:53'),(19,'breadcrumb_color','[\"#e0f0f6\"]',17,'Botble\\Page\\Models\\Page','2023-11-30 00:32:53','2023-11-30 00:32:53'),(20,'breadcrumb_background','[\"general\\/world-map.png\"]',17,'Botble\\Page\\Models\\Page','2023-11-30 00:32:53','2023-11-30 00:32:53'),(21,'breadcrumb_image','[\"general\\/favicon.png\"]',17,'Botble\\Page\\Models\\Page','2023-11-30 00:32:53','2023-11-30 00:32:53'),(22,'breadcrumb','[\"style-1\"]',18,'Botble\\Page\\Models\\Page','2023-11-30 00:32:53','2023-11-30 00:32:53'),(23,'breadcrumb_color','[\"#e0f0f6\"]',18,'Botble\\Page\\Models\\Page','2023-11-30 00:32:53','2023-11-30 00:32:53'),(24,'breadcrumb_background','[\"general\\/world-map.png\"]',18,'Botble\\Page\\Models\\Page','2023-11-30 00:32:53','2023-11-30 00:32:53'),(25,'breadcrumb_image','[\"general\\/favicon.png\"]',18,'Botble\\Page\\Models\\Page','2023-11-30 00:32:53','2023-11-30 00:32:53'),(26,'subtitle','[\"Logistics & Transportation\"]',1,'Botble\\SimpleSlider\\Models\\SimpleSliderItem','2023-11-30 00:32:56','2023-11-30 00:32:56'),(27,'button_label','[\"Contact Us\"]',1,'Botble\\SimpleSlider\\Models\\SimpleSliderItem','2023-11-30 00:32:56','2023-11-30 00:32:56'),(28,'link_label','[\"How It Works\"]',1,'Botble\\SimpleSlider\\Models\\SimpleSliderItem','2023-11-30 00:32:56','2023-11-30 00:32:56'),(29,'link_url','[\"https:\\/\\/www.youtube.com\\/watch?v=v2qeqkKgw7U\"]',1,'Botble\\SimpleSlider\\Models\\SimpleSliderItem','2023-11-30 00:32:56','2023-11-30 00:32:56'),(30,'link_icon','[\"icons\\/play.png\"]',1,'Botble\\SimpleSlider\\Models\\SimpleSliderItem','2023-11-30 00:32:56','2023-11-30 00:32:56'),(31,'subtitle','[\"Logistics & Transportation\"]',2,'Botble\\SimpleSlider\\Models\\SimpleSliderItem','2023-11-30 00:32:56','2023-11-30 00:32:56'),(32,'button_label','[\"Contact Us\"]',2,'Botble\\SimpleSlider\\Models\\SimpleSliderItem','2023-11-30 00:32:56','2023-11-30 00:32:56'),(33,'link_label','[\"How It Works\"]',2,'Botble\\SimpleSlider\\Models\\SimpleSliderItem','2023-11-30 00:32:56','2023-11-30 00:32:56'),(34,'link_url','[\"https:\\/\\/www.youtube.com\\/watch?v=v2qeqkKgw7U\"]',2,'Botble\\SimpleSlider\\Models\\SimpleSliderItem','2023-11-30 00:32:56','2023-11-30 00:32:56'),(35,'link_icon','[\"icons\\/play.png\"]',2,'Botble\\SimpleSlider\\Models\\SimpleSliderItem','2023-11-30 00:32:56','2023-11-30 00:32:56'),(36,'title','[\"Satisfied client testimonial\"]',1,'Botble\\Testimonial\\Models\\Testimonial','2023-11-30 00:32:56','2023-11-30 00:32:56'),(37,'star','[5]',1,'Botble\\Testimonial\\Models\\Testimonial','2023-11-30 00:32:56','2023-11-30 00:32:56'),(38,'title','[\"98% of residents recommend us\"]',2,'Botble\\Testimonial\\Models\\Testimonial','2023-11-30 00:32:56','2023-11-30 00:32:56'),(39,'star','[5]',2,'Botble\\Testimonial\\Models\\Testimonial','2023-11-30 00:32:56','2023-11-30 00:32:56'),(40,'title','[\"Our success stories\"]',3,'Botble\\Testimonial\\Models\\Testimonial','2023-11-30 00:32:56','2023-11-30 00:32:56'),(41,'star','[5]',3,'Botble\\Testimonial\\Models\\Testimonial','2023-11-30 00:32:56','2023-11-30 00:32:56'),(42,'title','[\"This is simply unbelievable\"]',4,'Botble\\Testimonial\\Models\\Testimonial','2023-11-30 00:32:56','2023-11-30 00:32:56'),(43,'star','[5]',4,'Botble\\Testimonial\\Models\\Testimonial','2023-11-30 00:32:56','2023-11-30 00:32:56'),(44,'description','[\"Sharing content online allows you to craft an online persona that reflects your personal values and professional skills. Even if you only use social media occasionally\"]',1,'Botble\\Team\\Models\\Team','2023-11-30 00:32:56','2023-11-30 00:32:56'),(45,'description','[\"Sharing content online allows you to craft an online persona that reflects your personal values and professional skills. Even if you only use social media occasionally\"]',2,'Botble\\Team\\Models\\Team','2023-11-30 00:32:56','2023-11-30 00:32:56'),(46,'description','[\"Sharing content online allows you to craft an online persona that reflects your personal values and professional skills. Even if you only use social media occasionally\"]',3,'Botble\\Team\\Models\\Team','2023-11-30 00:32:56','2023-11-30 00:32:56'),(47,'description','[\"Sharing content online allows you to craft an online persona that reflects your personal values and professional skills. Even if you only use social media occasionally\"]',4,'Botble\\Team\\Models\\Team','2023-11-30 00:32:56','2023-11-30 00:32:56'),(48,'icon','[\"\\/icons\\/cargo-ship.png\"]',1,'Botble\\Logistics\\Models\\ServiceCategory','2023-11-30 00:32:57','2023-11-30 00:32:57'),(49,'icon','[\"\\/icons\\/plane.png\"]',2,'Botble\\Logistics\\Models\\ServiceCategory','2023-11-30 00:32:57','2023-11-30 00:32:57'),(50,'icon','[\"\\/icons\\/delivery.png\"]',3,'Botble\\Logistics\\Models\\ServiceCategory','2023-11-30 00:32:57','2023-11-30 00:32:57'),(51,'icon','[\"\\/icons\\/train.png\"]',4,'Botble\\Logistics\\Models\\ServiceCategory','2023-11-30 00:32:57','2023-11-30 00:32:57'),(52,'icon','[\"\\/icons\\/pallet.png\"]',5,'Botble\\Logistics\\Models\\ServiceCategory','2023-11-30 00:32:57','2023-11-30 00:32:57'),(53,'icon','[\"\\/icons\\/worldwide.png\"]',6,'Botble\\Logistics\\Models\\ServiceCategory','2023-11-30 00:32:57','2023-11-30 00:32:57'),(54,'icon','[\"\\/icons\\/order.png\"]',7,'Botble\\Logistics\\Models\\ServiceCategory','2023-11-30 00:32:57','2023-11-30 00:32:57'),(55,'price_monthly','[125]',1,'Botble\\Logistics\\Models\\Package','2023-11-30 00:32:57','2023-11-30 00:32:57'),(56,'price_yearly','[1500]',1,'Botble\\Logistics\\Models\\Package','2023-11-30 00:32:57','2023-11-30 00:32:57'),(57,'price_monthly','[89]',2,'Botble\\Logistics\\Models\\Package','2023-11-30 00:32:57','2023-11-30 00:32:57'),(58,'price_yearly','[1068]',2,'Botble\\Logistics\\Models\\Package','2023-11-30 00:32:57','2023-11-30 00:32:57'),(59,'price_monthly','[19]',3,'Botble\\Logistics\\Models\\Package','2023-11-30 00:32:57','2023-11-30 00:32:57'),(60,'price_yearly','[2388]',3,'Botble\\Logistics\\Models\\Package','2023-11-30 00:32:57','2023-11-30 00:32:57'),(61,'price_monthly','[399]',4,'Botble\\Logistics\\Models\\Package','2023-11-30 00:32:57','2023-11-30 00:32:57'),(62,'price_yearly','[4788]',4,'Botble\\Logistics\\Models\\Package','2023-11-30 00:32:57','2023-11-30 00:32:57');
/*!40000 ALTER TABLE `meta_boxes` ENABLE KEYS */;
UNLOCK TABLES;

--
-- Table structure for table `migrations`
--

DROP TABLE IF EXISTS `migrations`;
/*!40101 SET @saved_cs_client     = @@character_set_client */;
/*!50503 SET character_set_client = utf8mb4 */;
CREATE TABLE `migrations` (
  `id` int unsigned NOT NULL AUTO_INCREMENT,
  `migration` varchar(191) COLLATE utf8mb4_unicode_ci NOT NULL,
  `batch` int NOT NULL,
  PRIMARY KEY (`id`)
) ENGINE=InnoDB AUTO_INCREMENT=67 DEFAULT CHARSET=utf8mb4 COLLATE=utf8mb4_unicode_ci;
/*!40101 SET character_set_client = @saved_cs_client */;

--
-- Dumping data for table `migrations`
--

LOCK TABLES `migrations` WRITE;
/*!40000 ALTER TABLE `migrations` DISABLE KEYS */;
INSERT INTO `migrations` VALUES (1,'2013_04_09_032329_create_base_tables',1),(2,'2013_04_09_062329_create_revisions_table',1),(3,'2014_10_12_000000_create_users_table',1),(4,'2014_10_12_100000_create_password_reset_tokens_table',1),(5,'2016_06_10_230148_create_acl_tables',1),(6,'2016_06_14_230857_create_menus_table',1),(7,'2016_06_28_221418_create_pages_table',1),(8,'2016_10_05_074239_create_setting_table',1),(9,'2016_11_28_032840_create_dashboard_widget_tables',1),(10,'2016_12_16_084601_create_widgets_table',1),(11,'2017_05_09_070343_create_media_tables',1),(12,'2017_11_03_070450_create_slug_table',1),(13,'2019_01_05_053554_create_jobs_table',1),(14,'2019_08_19_000000_create_failed_jobs_table',1),(15,'2019_12_14_000001_create_personal_access_tokens_table',1),(16,'2022_04_20_100851_add_index_to_media_table',1),(17,'2022_04_20_101046_add_index_to_menu_table',1),(18,'2022_07_10_034813_move_lang_folder_to_root',1),(19,'2022_08_04_051940_add_missing_column_expires_at',1),(20,'2022_09_01_000001_create_admin_notifications_tables',1),(21,'2022_10_14_024629_drop_column_is_featured',1),(22,'2022_11_18_063357_add_missing_timestamp_in_table_settings',1),(23,'2022_12_02_093615_update_slug_index_columns',1),(24,'2023_01_30_024431_add_alt_to_media_table',1),(25,'2023_02_16_042611_drop_table_password_resets',1),(26,'2023_04_23_005903_add_column_permissions_to_admin_notifications',1),(27,'2023_05_10_075124_drop_column_id_in_role_users_table',1),(28,'2023_08_21_090810_make_page_content_nullable',1),(29,'2023_09_14_021936_update_index_for_slugs_table',1),(30,'2015_06_29_025744_create_audit_history',2),(31,'2023_11_14_033417_change_request_column_in_table_audit_histories',2),(32,'2015_06_18_033822_create_blog_table',3),(33,'2021_02_16_092633_remove_default_value_for_author_type',3),(34,'2021_12_03_030600_create_blog_translations',3),(35,'2022_04_19_113923_add_index_to_table_posts',3),(36,'2023_08_29_074620_make_column_author_id_nullable',3),(37,'2016_06_17_091537_create_contacts_table',4),(38,'2023_11_10_080225_migrate_contact_blacklist_email_domains_to_core',4),(39,'2018_07_09_221238_create_faq_table',5),(40,'2021_12_03_082134_create_faq_translations',5),(41,'2023_11_17_063408_add_description_column_to_faq_categories_table',5),(42,'2016_10_13_150201_create_galleries_table',6),(43,'2021_12_03_082953_create_gallery_translations',6),(44,'2022_04_30_034048_create_gallery_meta_translations_table',6),(45,'2023_08_29_075308_make_column_user_id_nullable',6),(46,'2016_10_03_032336_create_languages_table',7),(47,'2023_09_14_022423_add_index_for_language_table',7),(48,'2021_10_25_021023_fix-priority-load-for-language-advanced',8),(49,'2021_12_03_075608_create_page_translations',8),(50,'2023_07_06_011444_create_slug_translations_table',8),(51,'2023_01_31_023233_create_lg_custom_fields_table',9),(52,'2023_07_25_072632_create_service_categories_table',9),(53,'2023_07_25_072639_create_services_table',9),(54,'2023_07_25_072654_create_packages_table',9),(55,'2023_07_25_073403_create_quotes_table',9),(56,'2023_08_08_022314_change_price_column_type_lg_packages_table',9),(57,'2023_08_08_023317_add_annual_price_to_packages_table',9),(58,'2023_09_22_050013_fix_missing_translation_tables',9),(59,'2023_09_22_061723_create_custom_fields_translations_table',9),(60,'2017_10_24_154832_create_newsletter_table',10),(61,'2017_07_11_140018_create_simple_slider_table',11),(62,'2022_11_02_092723_team_create_team_table',12),(63,'2023_08_11_094574_update_team_table',12),(64,'2018_07_09_214610_create_testimonial_table',13),(65,'2021_12_03_083642_create_testimonials_translations',13),(66,'2016_10_07_193005_create_translations_table',14);
/*!40000 ALTER TABLE `migrations` ENABLE KEYS */;
UNLOCK TABLES;

--
-- Table structure for table `newsletters`
--

DROP TABLE IF EXISTS `newsletters`;
/*!40101 SET @saved_cs_client     = @@character_set_client */;
/*!50503 SET character_set_client = utf8mb4 */;
CREATE TABLE `newsletters` (
  `id` bigint unsigned NOT NULL AUTO_INCREMENT,
  `email` varchar(120) COLLATE utf8mb4_unicode_ci NOT NULL,
  `name` varchar(120) COLLATE utf8mb4_unicode_ci DEFAULT NULL,
  `status` varchar(60) COLLATE utf8mb4_unicode_ci NOT NULL DEFAULT 'subscribed',
  `created_at` timestamp NULL DEFAULT NULL,
  `updated_at` timestamp NULL DEFAULT NULL,
  PRIMARY KEY (`id`)
) ENGINE=InnoDB DEFAULT CHARSET=utf8mb4 COLLATE=utf8mb4_unicode_ci;
/*!40101 SET character_set_client = @saved_cs_client */;

--
-- Dumping data for table `newsletters`
--

LOCK TABLES `newsletters` WRITE;
/*!40000 ALTER TABLE `newsletters` DISABLE KEYS */;
/*!40000 ALTER TABLE `newsletters` ENABLE KEYS */;
UNLOCK TABLES;

--
-- Table structure for table `pages`
--

DROP TABLE IF EXISTS `pages`;
/*!40101 SET @saved_cs_client     = @@character_set_client */;
/*!50503 SET character_set_client = utf8mb4 */;
CREATE TABLE `pages` (
  `id` bigint unsigned NOT NULL AUTO_INCREMENT,
  `name` varchar(120) COLLATE utf8mb4_unicode_ci NOT NULL,
  `content` longtext COLLATE utf8mb4_unicode_ci,
  `user_id` bigint unsigned DEFAULT NULL,
  `image` varchar(255) COLLATE utf8mb4_unicode_ci DEFAULT NULL,
  `template` varchar(60) COLLATE utf8mb4_unicode_ci DEFAULT NULL,
  `description` varchar(400) COLLATE utf8mb4_unicode_ci DEFAULT NULL,
  `status` varchar(60) COLLATE utf8mb4_unicode_ci NOT NULL DEFAULT 'published',
  `created_at` timestamp NULL DEFAULT NULL,
  `updated_at` timestamp NULL DEFAULT NULL,
  PRIMARY KEY (`id`),
  KEY `pages_user_id_index` (`user_id`)
) ENGINE=InnoDB AUTO_INCREMENT=19 DEFAULT CHARSET=utf8mb4 COLLATE=utf8mb4_unicode_ci;
/*!40101 SET character_set_client = @saved_cs_client */;

--
-- Dumping data for table `pages`
--

LOCK TABLES `pages` WRITE;
/*!40000 ALTER TABLE `pages` DISABLE KEYS */;
INSERT INTO `pages` VALUES (1,'Homepage 1','[simple-slider key=\"home-slider\"][/simple-slider][brands title=\"We are trusted by major global brands\" highlight_text=\"trusted\" background_color=\"#E0F0F6\" quantity=\"6\" name_1=\"Alea\" image_1=\"brands/alea.png\" link_1=\"/contact-us\" name_2=\"Creati\" image_2=\"brands/creati.png\" link_2=\"/contact-us\" name_3=\"Land Ship\" image_3=\"brands/land.png\" link_3=\"/contact-us\" name_4=\"Logis Delivery\" image_4=\"brands/logis.png\" link_4=\"/contact-us\" name_5=\"Santos Logistic\" image_5=\"brands/saltos.png\" link_5=\"/contact-us\" name_6=\"Truck\" image_6=\"brands/truck.png\" link_6=\"/contact-us\"][/brands][services title=\"What We Offer\" description=\"Welcome to our transportation services agency. We are the best at our transportation service ever.\" button_label=\"Get a quote\" button_link=\"/contact-us\" background=\"backgrounds/bg-offer.png\" left_shape_image=\"icons/quote.png\" style=\"style-1\" quantity=\"6\" name_1=\"Sea Forwarding\" image_1=\"icons/cargo-ship.png\" description_1=\"We are professional in ocean freight with more than 12 years of experience and have shipped more than 100k shipments.\" link_1=\"/contact-us\" name_2=\"Air Freight Forwarding\" image_2=\"icons/plane.png\" description_2=\"We are professional in ocean freight with more than 12 years of experience and have shipped more than 100k shipments.\" link_2=\"/contact-us\" name_3=\"Land Transportation\" image_3=\"icons/delivery.png\" description_3=\"We are professional in ocean freight with more than 12 years of experience and have shipped more than 100k shipments.\" link_3=\"/contact-us\" name_4=\"Warehouse & Distribution\" image_4=\"icons/forklift.png\" description_4=\"We are professional in ocean freight with more than 12 years of experience and have shipped more than 100k shipments.\" link_4=\"/contact-us\" name_5=\"Railway Logistics\" image_5=\"icons/train.png\" description_5=\"We are professional in ocean freight with more than 12 years of experience and have shipped more than 100k shipments.\" link_5=\"/contact-us\" name_6=\"Cross Border\" image_6=\"icons/worldwide.png\" description_6=\"We are professional in ocean freight with more than 12 years of experience and have shipped more than 100k shipments.\" link_6=\"/contact-us\"][/services][information-1 title=&quot;We are proud of our workforce &lt;br&gt; and have worked hard.&quot; subtitle=&quot;Delivering Results for Industry Leaders&quot; icon=&quot;general/favicon.png&quot; left_background=&quot;homepage/img1.png&quot; shape_image_horizontal=&quot;icons/icon1.png&quot; shape_image_vertical=&quot;shapes/subtract.png&quot; right_title=&quot;Fast shipping with the most modern technology&quot; right_description=&quot;Over the years, we have worked together to expand our network of partners to deliver reliability and consistency. We&rsquo;ve also made significant strides to tightly integrate technology with our processes, giving our clients greater visibility into every engagement.&quot; feature_1=&quot;Task tracking&quot; feature_2=&quot;Create task dependencies&quot; feature_3=&quot;Task visualization&quot; feature_4=&quot;Hare files, discuss&quot; feature_5=&quot;Meet deadlines faster&quot; feature_6=&quot; Track time spent on project&quot; button_label_1=&quot;Apple Store&quot; button_url_1=&quot;https://apps.apple.com/us/app/&quot; button_image_1=&quot;general/appstore-btn.png&quot; button_label_2=&quot;Google Play&quot; button_url_2=&quot;https://play.google.com/store/apps&quot; button_image_2=&quot;general/google-play-btn.png&quot; style=&quot;style-1&quot; quantity=&quot;6&quot;][/information-1][information-2 left_background=&quot;shapes/bg-touch.png&quot; right_background=&quot;homepage/port.png&quot; title=&quot;Proud to Deliver &lt;br&gt; Excellence Every Time&quot; badge_text=&quot;Get in touch&quot; description=&quot;Excepteur sint occaecat cupidatat non proident, sunt in culpa qui officia deserunt mollit laborum &mdash; semper quis lectus nulla. Interactively transform magnetic growth strategies whereas prospective &lsquo;&lsquo;outside the box&rsquo;&rsquo; thinking.&quot; button_label=&quot;Contact Us&quot; button_url=&quot;/contact-us&quot; link_label=&quot;Learn More&quot; link_url=&quot;/contact-us&quot; style=&quot;style-1&quot; quantity=&quot;2&quot; title_1=&quot;Boost your sale&quot; image_1=&quot;icons/chart.png&quot; description_1=&quot;The latest design trends meet hand-crafted templates.&quot; title_2=&quot;Introducing New Features&quot; image_2=&quot;icons/feature3.png&quot; description_2=&quot;The latest design trends meet hand-crafted templates.&quot;][/information-2][how-it-works title=\"How It Works\" description=\"You choose the cities where you’d like to deliver. All deliveries are within a specific service area and delivery services vary by location. Whatever the mode or requirement, we will find and book the ideal expedited shipping solution to ensure a timely delivery.\" background_color=\"#034460\" title_direction=\"center\" youtube_video_url=\"https://www.youtube.com/watch?v=Y1t6rjWYNro\" icon=\"general/favicon.png\" inner_background=\"general/world-map.png\" left_background=\"homepage/how-it-work.png\" left_title=\"We have 25 years experience in this passion\" left_description=\"There are many variations of passages of Lorem Ipsum available, but the majority have suffered alteration in some form, by injected humour\" left_icon=\"icons/play.png\" style=\"style-1\" quantity=\"5\" title_1=\" Customer places order\" description_1=\"Inspection and quality check of goods\" image_1=\"icons/order.png\" title_2=\"Payment successful\" description_2=\"Payoneer, Paypal, or Visa master card\" image_2=\"icons/payment.png\" title_3=\"Warehouse receives order\" description_3=\"Check the accuracy of the goods.\" image_3=\"icons/warehouse.png\" title_4=\"Item picked, packed & shipped\" description_4=\"Ship the goods to a local carrier\" image_4=\"icons/picked.png\" title_5=\"Delivered & Measure success\" description_5=\"Update order status on the system\" image_5=\"icons/delivery.png\"][/how-it-works][testimonials title=&quot;What our customers are saying&quot; description=&quot;Hear from our users who have saved thousands on their &lt;br&gt; Startup and SaaS solution spend.&quot; limit=&quot;4&quot; background=&quot;homepage/ship.png&quot; right_background=&quot;shapes/bg-testimonial.png&quot; shape_image=&quot;icons/quotation.png&quot;][/testimonials][projects title=\"What We Have Done\" description=\"Check out some of the projects we’ve completed with our amazing partners.\" button_label=\"View All Projects\" button_url=\"/contact-us\" background=\"shapes/bg-what-done.png\" style=\"style-1\" quantity=\"4\" name_1=\"Air Freight\" description_1=\"Our Air Freight project soared above expectations, showcasing our expertise in urgent deliveries. We provided rapid, global air transportation solutions that met critical timelines. When time is of the essence.\" image_1=\"homepage/img.png\" url_1=\"/contact-us\" name_2=\"Sea Freight\" description_2=\"Our Sea Freight project stands as a testament to our proficiency in navigating international waters. Seamlessly managing complex logistics, we delivered goods across continents with efficiency and reliability.\" image_2=\"homepage/img2.png\" url_2=\"/contact-us\" name_3=\"Trucking\" description_3=\"In our Trucking project, we transformed roadways into avenues of precision and punctuality. With a fleet of modern vehicles and a team of skilled drivers, we ensured swift and secure deliveries nationwide. Your cargo’s journey.\" image_3=\"homepage/img3.png\" url_3=\"/contact-us\" name_4=\"Warehouse\" description_4=\"In our Warehouse project, we excelled in storage and distribution. With state-of-the-art facilities and meticulous inventory management, we safeguarded your assets while streamlining the supply chain. Your goods found.\" image_4=\"homepage/img4.png\" url_4=\"/contact-us\"][/projects][request-quote title=&quot;World&rsquo;s Leading Companies &lt;br&gt; For Over 80 Years.&quot; description=&quot;A big opportunity for your business growth. Delivering Results for Industry Leaders. We are &lt;br&gt; proud of our work for and have worked hard.&quot; background=&quot;homepage/container.png&quot; quantity=&quot;4&quot; image_1=&quot;icons/handover.png&quot; number_1=&quot;+ 380,000&quot; title_1=&quot;Parcels Shipped Safely&quot; image_2=&quot;icons/cities.png&quot; number_2=&quot;+ 120,000&quot; title_2=&quot;Cities Served Worldwide&quot; image_3=&quot;icons/client.png&quot; number_3=&quot;+2280&quot; title_3=&quot;Satisfied Clients&quot; image_4=&quot;icons/company.png&quot; number_4=&quot;+ 1200&quot; title_4=&quot;Company We Help&quot; form_title=&quot;Calculate Shipping&quot; form_description=&quot;Please Fill All Inquiry To Get Your Total Price.&quot; inner_background=&quot;shapes/bg-contact.png&quot; form_background=&quot;homepage/img-contact.png&quot; link_label=&quot;Contact Us&quot; link_url=&quot;/contact-us&quot;][/request-quote][pricing title=&quot;Choose The Best Plan&quot; description=&quot;Pick your plan. Change whenever you want.&lt;br&gt;No switching fees between packages&quot; style=&quot;style-1&quot; package_ids=&quot;1,2,4&quot; number_of_packages_per_line=&quot;3&quot; left_background=&quot;backgrounds/bg-plan-left.png&quot; right_background=&quot;backgrounds/bg-plan-right.png&quot;][/pricing][faqs title=\"FAQs\" description=\"Feeling inquisitive? Have a read through some of our FAQs or contact our supporters for help.\" gallery_id=\"7\" category_ids=\"1,2\" expand_first_time=\"1\" bottom_title=\"Need more help?\" button_label=\"Contact Us\" button_url=\"/contact-us\" link_label=\"Learn More\" link_url=\"/contact-us\"][/faqs][call-to-action title=\"Create your next Project with Us\" subtitle=\"Have any ideas in your mind?\" background=\"backgrounds/bg-get-quote.png\" button_label=\"GET A QUOTE\" button_url=\"/contact-us\"][/call-to-action][news title=\"Latest News\" description=\"The latest information about shipping services and our promotions.\" type=\"latest\"][/news][map logo=\"general/logo.png\" address=\"4517 Washington Ave. Manchester, Kentucky 39495\" phone=\"+01-246-357 (Any time 24/7)\" email=\"contact@transp.eu.com\" opening_hours=\"Hours: 8:00 - 17:00, Mon - Sat\"][/map]',1,NULL,'default',NULL,'published','2023-11-30 00:32:53','2023-11-30 00:32:53'),(2,'Homepage 2','[hero-banner title=&quot;Taking Logistics to &lt;br&gt; Another Leve&quot; subtitle=&quot;Full Sustainable Cargo Solutions&quot; description=&quot;Representative logistics operator providing full range of service in the sphere of customs &lt;br&gt; clearance and transportation worldwide.&quot; banner_image=&quot;homepage/banner-2.png&quot; platform_google_play_url=&quot;https://play.google.com/&quot; platform_google_play_logo=&quot;general/google-play-btn.png&quot; platform_apple_store_url=&quot;https://www.apple.com/store&quot; platform_apple_store_logo=&quot;general/appstore-btn.png&quot; style=&quot;style-2&quot; quantity=&quot;3&quot; title_1=&quot;Air Freight Forwarding&quot; description_1=&quot;We are professional in ocean freight with more than 12 years of experience and have shipped more than 100k shipments.&quot; image_1=&quot;icons/plane.png&quot; label_1=&quot;View detail&quot; action_1=&quot;/contact-us&quot; title_2=&quot;Land Transportation&quot; description_2=&quot;We are professional in ocean freight with more than 12 years of experience and have shipped more than 100k shipments.&quot; image_2=&quot;icons/delivery.png&quot; label_2=&quot;View detail&quot; action_2=&quot;/contact-us&quot; title_3=&quot;Sea Forwarding&quot; description_3=&quot;We are professional in ocean freight with more than 12 years of experience and have shipped more than 100k shipments.&quot; image_3=&quot;icons/cargo-ship.png&quot; label_3=&quot;View detail&quot; action_3=&quot;/contact-us&quot;][/hero-banner][site-statistics title=\"Why Choose Us\" subtitle=\"Let the numbers speak for themselves.\" image=\"homepage/img-why.png\" background_icon=\"shapes/bg-why.png\" mini_icon_bottom=\"icons/quote.png\" button_label=\"View All Projects\" button_url=\"/contact-us\" style=\"style-1\" quantity=\"4\" title_1=\"Delivered packages.\" data_1=\"380\" unit_1=\"K\" description_1=\"We strongly support best practice sharing across our operations around the world and across various industrial sectors.\" title_2=\"Countries covered\" data_2=\"150\" unit_2=\"+\" description_2=\"We strongly support best practice sharing across our operations around the world and across various industrial sectors.\" title_3=\"Satisfied Clients\" data_3=\"6800\" description_3=\"We strongly support best practice sharing across our operations around the world and across various industrial sectors.\" title_4=\"Tons of goods\" data_4=\"120\" unit_4=\"K\" description_4=\"We strongly support best practice sharing across our operations around the world and across various industrial sectors.\"][/site-statistics][request-quote title=\"Fast shipping with the most modern technology\" description=\"Over the years, we have worked together to expand our network of partners to deliver reliability and consistency. We’ve also made significant strides to tightly integrate technology with our processes, giving our clients greater visibility into every engagement.\" background=\"shapes/bg-quote.png\" background_color=\"#E0F0F6\" style=\"style-5\" quantity=\"4\" image_1=\"icons/chart.png\" title_1=\"Boost your sale\" description_1=\"The latest design trends meet hand-crafted templates.\" image_2=\"icons/chart.png\" title_2=\"Boost your sale\" description_2=\"The latest design trends meet hand-crafted templates.\" image_3=\"icons/feature.png\" title_3=\"Introducing New Features\" description_3=\"The latest design trends meet hand-crafted templates.\" image_4=\"icons/feature2.png\" title_4=\"Introducing New Features\" description_4=\"The latest design trends meet hand-crafted templates.\" form_title=\"Request a Quote\" form_description=\"Please Fill All Inquiry To Get Your Total Price.\"][/request-quote][get-in-touch-with-us title=\"We take care about transportation for your business\" subtitle=\"GET IN TOUCH WITH US\" image=\"homepage/img-info-3.png\" box_info_left_title=\"Warehousing\" box_info_left_description=\"We are professional in ocean freight with more than 12 years of experience and have shipped more than 100k shipments.\" box_info_left_button_label=\"View Details\" box_info_left_button_url=\"/contact-us\" box_info_bottom_title=\"We have 25 years experience in this passion\" box_info_bottom_description=\"There are many variations of passages of Lorem Ipsum available, but the majority have suffered alteration in some form, by injected humour\" box_info_bottom_icon=\"icons/play.png\" quantity=\"2\" title_1=\"Great support 24/7\" image_1=\"icons/chart.png\" description_1=\"The latest design trends meet hand-crafted templates.\" title_2=\"Safe Packing\" image_2=\"homepage/feature2.png\" description_2=\"The latest design trends meet hand-crafted templates.\"][/get-in-touch-with-us][pricing title=\"Pricing Plan\" description=\"Pick your plan. Change whenever you want. No switching fees between packages\" style=\"style-2\" package_ids=\"1,2,3,4\" number_of_packages_per_line=\"4\" left_background=\"backgrounds/bg-plan-left.png\" right_background=\"backgrounds/bg-plan-right.png\"][/pricing]<div class=\"line-border\"></div>[teams title=\"Meet Our Team\" description=\"Welcome to our transportation services agency. We are the best at our trans-deportation service ever.\" team_ids=\"1,2,3,4\"][/teams][brands title=\"We are trusted by major global brands\" highlight_text=\"trusted\" quantity=\"6\" name_1=\"Alea\" image_1=\"brands/alea.png\" link_1=\"https://alea.gov\" name_2=\"Creati\" image_2=\"brands/creati.png\" link_2=\"/contact-us\" name_3=\"Land Ship\" image_3=\"brands/land.png\" link_3=\"/contact-us\" name_4=\"Logis Delivery\" image_4=\"brands/logis.png\" link_4=\"/contact-us\" name_5=\"Santos Logistic\" image_5=\"brands/saltos.png\" link_5=\"/contact-us\" name_6=\"Truck\" image_6=\"brands/truck.png\" link_6=\"/contact-us\"][/brands][testimonials title=&quot;Testimonials&quot; description=&quot;Hear from our users who have saved thousands on their &lt;br&gt; Startup and SaaS solution spend.&quot; limit=&quot;4&quot; background_color=&quot;#FFFFFF&quot; prefix_title_icon=&quot;general/favicon.png&quot; style=&quot;style-4&quot;][/testimonials][our-features title_primary=&quot;Global Shipping Partner To World&rsquo;s &lt;br&gt; Famous Companies&quot; title=&quot;Why choose us&quot; subtitle=&quot;Our Features&quot; description=&quot;Sustainability is an increasingly important factor for many customers when choosing a shipping company. Your shipping company can stand out by demonstrating a commitment to sustainable practices, such as using energy-efficient vehicles, reducing waste, and offsetting carbon emissions.&quot; background_color=&quot;#E0F0F6&quot; image=&quot;homepage/img-info-4.png&quot; button_primary_label=&quot;Contact Us&quot; button_primary_url=&quot;/contact-us&quot; button_secondary_label=&quot;Learn More&quot; button_secondary_url=&quot;/about-us&quot; quantity=&quot;8&quot; title_1=&quot;Reliable and Timely Deliveries&quot; title_2=&quot;Cost-Effective Shipping Options&quot; title_3=&quot;Exceptional Customer Service&quot; title_4=&quot;Flexibility and Customization&quot; title_5=&quot;Advanced Tracking Systems&quot; title_6=&quot;Commitment to Sustainability&quot; title_7=&quot;International Shipping Expertise&quot; title_8=&quot;Insurance and Liability Coverage&quot;][/our-features][news title=\"Our Blog & Insights\" description=\"The latest information about shipping services and our promotions\" type=\"featured\" limit=\"4\"][/news]',1,NULL,'default',NULL,'published','2023-11-30 00:32:53','2023-11-30 00:32:53'),(3,'Homepage 3','[hero-banner title=\"Moving Your Products Across All Borders\" description=\"Over the years, we have worked together to expand our network of partners to deliver reliability and consistency. We’ve also made significant strides to tightly integrate technology with our processes, giving our clients greater visibility into every engagement.\" background_color=\"#E0F0F6\" banner_image=\"homepage/banner-3.png\" shape_icon=\"shapes/bg-union.png\" youtube_video_url=\"https://www.youtube.com/watch?v=Y1t6rjWYNro\" button_label=\"How it works?\" button_primary_url=\"/contact-us\" button_primary_label=\"Contact Us\" style=\"style-3\" quantity=\"3\" title_1=\"Parcels Shipped\" data_1=\" 380,000\" image_1=\"icons/delivery.png\" title_2=\"Cities Worldwide\" data_2=\"12,000\" image_2=\"icons/forklift.png\" title_3=\"Satisfied Clients\" data_3=\" 2280\" unit_3=\"K\" image_3=\"icons/cargo-ship.png\"][/hero-banner][information-2 left_background=&quot;homepage/img-info-5.png&quot; right_background=&quot;homepage/img-info-5-2.png&quot; center_icon=&quot;icons/certified.png&quot; title=&quot;Proud to Deliver &lt;br&gt; Excellence Every Time&quot; badge_text=&quot;Get in touch&quot; description=&quot;Excepteur sint occaecat cupidatat non proident, sunt in culpa qui officia deserunt mollit laborum &mdash; semper quis lectus nulla. Interactively transform magnetic growth strategies whereas prospective &lsquo;&lsquo;outside the box&rsquo;&rsquo; thinking.&quot; button_label=&quot;Contact Us&quot; button_url=&quot;/contact-us&quot; link_label=&quot;Learn More&quot; link_url=&quot;/contact-us&quot; style=&quot;style-2&quot; quantity=&quot;2&quot; title_1=&quot;Boost your sale&quot; image_1=&quot;icons/chart.png&quot; description_1=&quot;The latest design trends meet hand-crafted templates.&quot; title_2=&quot;Introducing New Features&quot; image_2=&quot;icons/feature3.png&quot; description_2=&quot;The latest design trends meet hand-crafted templates.&quot;][/information-2][brands title=\"We are trusted by major global brands\" highlight_text=\"trusted\" background_color=\"#E0F0F6\" quantity=\"6\" name_1=\"Alea\" image_1=\"brands/alea.png\" link_1=\"/contact-us\" name_2=\"Creati\" image_2=\"brands/creati.png\" link_2=\"/contact-us\" name_3=\"Land Ship\" image_3=\"brands/land.png\" link_3=\"/contact-us\" name_4=\"Logis Delivery\" image_4=\"brands/logis.png\" link_4=\"/contact-us\" name_5=\"Santos Logistic\" image_5=\"brands/saltos.png\" link_5=\"/contact-us\" name_6=\"Truck\" image_6=\"brands/truck.png\" link_6=\"/contact-us\"][/brands][what-we-offer title=\"What We Offer\" description=\"Welcome to our transportation services agency. We are the best at our transportation service ever.\" button_label=\"Get a quote\" button_url=\"/contact-us\" quantity=\"4\" title_1=\"Sea Forwarding\" image_1=\"services/service1.png\" icon_1=\"icons/delivery.png\" description_1=\"We offer specialized departments for continental transports.\" title_2=\"Air Freight Forwarding\" image_2=\"services/service2.png\" icon_2=\"icons/delivery.png\" description_2=\"We offer specialized departments for continental transports.\" title_3=\"Land Transportation\" image_3=\"services/service3.png\" icon_3=\"icons/plane.png\" description_3=\"We offer specialized departments for continental transports.\" title_4=\"Railway Logistics\" image_4=\"services/service4.png\" icon_4=\"icons/train.png\" description_4=\"We offer specialized departments for continental transports.\"][/what-we-offer][site-statistics title=\"We take care about transportation for your business\" highlight_text=\"transportation\" image=\"backgrounds/bg-whychooseus.png\" button_label=\"View All Projects\" button_url=\"/contact-us\" style=\"style-2\" quantity=\"4\" title_1=\"Delivered packages.\" data_1=\"380\" unit_1=\"K\" title_2=\"Countries covered\" data_2=\"150\" unit_2=\"+\" title_3=\"Satisfied Clients\" data_3=\"6800\" title_4=\"Tons of goods\" data_4=\"120\" unit_4=\"K\"][/site-statistics][who-we-are title=\"We’re the world’s leading shipping service provider\" subtitle=\"Who We Are?\" description=\"Over the years, we have worked together to expand our network of partners to deliver reliability and consistency. We’ve also made significant strides to tightly integrate technology with our processes, giving our clients greater visibility into every engagement.\" image=\"homepage/img-info-6.png\" youtube_video_url=\"https://www.youtube.com/watch?v=v2qeqkKgw7U\" button_label=\"How it works ? Watch video tour\" button_icon=\"icons/play.png\" style=\"style-1\" quantity=\"4\" title_1=\"Boost your sale\" icon_1=\"icons/chart.png\" description_1=\"The latest design trends meet hand-crafted templates.\" title_2=\"Boost your sale\" icon_2=\"icons/chart.png\" description_2=\"The latest design trends meet hand-crafted templates.\" title_3=\"Introducing New Features\" icon_3=\"icons/feature.png\" description_3=\"The latest design trends meet hand-crafted templates.\" title_4=\"Introducing New Features\" icon_4=\"icons/feature2.png\" description_4=\"The latest design trends meet hand-crafted templates.\"][/who-we-are][projects title=&quot;Our latest completed and &lt;br&gt; running projects&quot; description=&quot;Delivering Results for Industry Leaders&quot; button_label=&quot;View All Projects&quot; button_url=&quot;/contact-us&quot; prefix_title_icon=&quot;general/favicon.png&quot; style=&quot;style-2&quot; quantity=&quot;4&quot; name_1=&quot;Air Freight&quot; description_1=&quot;Our Air Freight project soared above expectations, showcasing our expertise in urgent deliveries. We provided rapid, global air transportation solutions that met critical timelines. When time is of the essence.&quot; image_1=&quot;homepage/img.png&quot; url_1=&quot;/contact-us&quot; name_2=&quot;Sea Freight&quot; description_2=&quot;Our Sea Freight project stands as a testament to our proficiency in navigating international waters. Seamlessly managing complex logistics, we delivered goods across continents with efficiency and reliability.&quot; image_2=&quot;homepage/img2.png&quot; url_2=&quot;/contact-us&quot; name_3=&quot;Trucking&quot; description_3=&quot;In our Trucking project, we transformed roadways into avenues of precision and punctuality. With a fleet of modern vehicles and a team of skilled drivers, we ensured swift and secure deliveries nationwide. Your cargo&rsquo;s journey.&quot; image_3=&quot;homepage/img3.png&quot; url_3=&quot;/contact-us&quot; name_4=&quot;Warehouse&quot; description_4=&quot;In our Warehouse project, we excelled in storage and distribution. With state-of-the-art facilities and meticulous inventory management, we safeguarded your assets while streamlining the supply chain. Your goods found.&quot; image_4=&quot;homepage/img4.png&quot; url_4=&quot;/contact-us&quot;][/projects][testimonials title=\"Testimonials\" description=\"Hear from our users who have saved thousands on their Startup and SaaS solution spend. Quo nostrum praesentium At ratione iusto qui labore nesciunt ad architecto dolor est odio molestias non molestiae incidunt in praesentium odit.\" limit=\"4\" background=\"backgrounds/bg-testimonial-3.png\" prefix_title_icon=\"general/favicon.png\" button_primary_url=\"/contact-us\" button_primary_label=\"Contact Us\" button_secondary_url=\"/about-us\" button_secondary_label=\"Learn More\" style=\"style-2\"][/testimonials][request-quote background_color=\"#E0F0F6\" style=\"style-3\" quantity=\"6\" image_1=\"icons/order.png\" title_1=\"Customer places order\" description_1=\"Inspection and quality check of goods\" image_2=\"icons/payment.png\" title_2=\"Payment successful\" description_2=\"Payoneer, Paypal, or Visa master card\" image_3=\"icons/warehouse.png\" title_3=\"Warehouse receives order\" description_3=\"Check the accuracy of the goods.\" image_4=\"icons/vespa.png\" title_4=\"Item picked, packed & shipped\" description_4=\"Ship the goods to a local carrier\" image_5=\"icons/delivery.png\" title_5=\" Delivered & Measure success\" description_5=\"Update order status on the system\" form_title=\"Request a Quote\" form_description=\"Please Fill All Inquiry To Get Your Total Price.\" link_label=\"Contact Us\" link_url=\"/contact-us\"][/request-quote][faqs title=\"FAQs\" description=\"Feeling inquisitive? Have a read through some of our FAQs or contact our supporters for help.\" gallery_id=\"7\" category_ids=\"1,2\" expand_first_time=\"1\" bottom_title=\"Need more help?\" button_label=\"Contact Us\" button_url=\"/contact-us\" link_label=\"Learn More\" link_url=\"/contact-us\"][/faqs][news title=\"Our Blog & Insights\" description=\"The latest information about shipping services and our promotions\" type=\"featured\" limit=\"3\"][/news]',1,NULL,'default',NULL,'published','2023-11-30 00:32:53','2023-11-30 00:32:53'),(4,'Homepage 4','[hero-banner title=&quot;Worldwide shipping and &lt;br&gt; professional solutions&quot; subtitle=&quot;Logistics &amp; Transportation&quot; description=&quot;Our experienced team of problem solvers and a commitment to always align with &lt;br&gt; our client&rsquo;s business goals and objectives is what drives mutual success.&quot; background_color=&quot;#E0F0F6&quot; banner_image=&quot;homepage/banner-4.png&quot; youtube_video_url=&quot;https://www.youtube.com/watch?v=Y1t6rjWYNro&amp;t=1s&quot; button_label=&quot;How it works?&quot; button_primary_url=&quot;/contact-us&quot; button_primary_label=&quot;Calculate Package&quot; style=&quot;style-4&quot; quantity=&quot;4&quot; title_1=&quot;Air Freight Forwarding&quot; description_1=&quot;We are professional in ocean freight with more than 12 years of experience and have shipped more than 100k shipments.&quot; image_1=&quot;icons/plane.png&quot; label_1=&quot;View detail&quot; action_1=&quot;/contact-us&quot; title_2=&quot;Land Transportation&quot; description_2=&quot;We are professional in ocean freight with more than 12 years of experience and have shipped more than 100k shipments.&quot; image_2=&quot;icons/delivery.png&quot; label_2=&quot;View detail&quot; action_2=&quot;/contact-us&quot; title_3=&quot;Sea Forwarding&quot; description_3=&quot;We are professional in ocean freight with more than 12 years of experience and have shipped more than 100k shipments.&quot; image_3=&quot;icons/cargo-ship.png&quot; label_3=&quot;View detail&quot; action_3=&quot;/contact-us&quot; title_4=&quot;Air Freight Forwarding&quot; description_4=&quot;We are professional in ocean freight with more than 12 years of experience and have shipped more than 100k shipments.&quot; image_4=&quot;icons/plane.png&quot;][/hero-banner][information-1 title=&quot;Globally Connected by &lt;br&gt; Large Network&quot; subtitle=&quot;Who We Are?&quot; description=&quot;We strive to become pioneers in the field, providing first quality and cost-effective service, and smart solutions to the market. Our 30 years&rsquo; experience in the shipping, transport and logistics industry is our strength, which support us to deliver our promises to our customers.&quot; left_background=&quot;homepage/img-info-7.png&quot; shape_image_horizontal=&quot;icons/shape-icon.png&quot; shape_image_vertical=&quot;shapes/bg-info-7.png&quot; button_label_1=&quot;Apple Store&quot; button_url_1=&quot;https://apps.apple.com/us/app/&quot; button_image_1=&quot;general/appstore-btn.png&quot; button_label_2=&quot;Google Play&quot; button_url_2=&quot;https://play.google.com/store/apps&quot; button_image_2=&quot;general/google-play-btn.png&quot; style=&quot;style-2&quot; quantity=&quot;2&quot; title_1=&quot;Tracking Moving&quot; icon_1=&quot;icons/chart.png&quot; description_1=&quot;The latest design trends meet hand-crafted templates.&quot; title_2=&quot;24/7 Support&quot; icon_2=&quot;icons/support.png&quot; description_2=&quot;The latest design trends meet hand-crafted templates.&quot;][/information-1][testimonial-single title=\"Testimonials\" description=\"Hear from our users who have saved thousands on their Startup and SaaS solution spend.\" image=\"homepage/img-testimonial-4.png\" background_shape=\"shapes/bg-testimonial-4.png\" box_info_title=\"Satisfieds\" box_info_description=\"We always strive to serve our customers in the best way. \" box_info_label=\"View Details\" box_info_action=\"/contact-us\" testimonial_id=\"1\"][/testimonial-single][how-it-works title=&quot;How It Works&quot; description=&quot;You choose the cities where you&rsquo;d like to deliver. All deliveries are within a specific service area and delivery services vary by location. Whatever the mode or requirement, we will find and book the ideal expedited shipping solution to ensure a timely delivery.&quot; background_color=&quot;#034460&quot; title_direction=&quot;start&quot; youtube_video_url=&quot;https://www.youtube.com/watch?v=v2qeqkKgw7U&quot; button_label=&quot;How it works ? &lt;br&gt; Watch video tour&quot; button_icon=&quot;icons/play-icon.png&quot; icon=&quot;general/favicon.png&quot; inner_background=&quot;backgrounds/bg-how-it-work.png&quot; left_background=&quot;homepage/how-it-work.png&quot; left_title=&quot;We have 25 years experience in this passion&quot; left_description=&quot;There are many variations of passages of Lorem Ipsum available, but the majority have suffered alteration in some form, by injected humour&quot; left_icon=&quot;icons/play.png&quot; style=&quot;style-2&quot; quantity=&quot;5&quot; title_1=&quot; Customer places order&quot; description_1=&quot;Inspection and quality check of goods&quot; image_1=&quot;icons/order.png&quot; title_2=&quot;Payment successful&quot; description_2=&quot;Payoneer, Paypal, or Visa master card&quot; image_2=&quot;icons/payment.png&quot; title_3=&quot;Warehouse receives order&quot; description_3=&quot;Check the accuracy of the goods.&quot; image_3=&quot;icons/warehouse.png&quot; title_4=&quot;Item picked, packed &amp; shipped&quot; description_4=&quot;Ship the goods to a local carrier&quot; image_4=&quot;icons/picked.png&quot; title_5=&quot;Delivered &amp; Measure success&quot; description_5=&quot;Update order status on the system&quot; image_5=&quot;icons/delivery-2.png&quot;][/how-it-works][projects title=\"What We Have Done\" description=\"Check out some of the projects we’ve completed with our amazing partners.\" button_label=\"View All Projects\" button_url=\"/contact-us\" quantity=\"6\" name_1=\"Air Freight\" description_1=\"Our Air Freight project soared above expectations, showcasing our expertise in urgent deliveries. We provided rapid, global air transportation solutions that met critical timelines. When time is of the essence.\" image_1=\"homepage/img.png\" url_1=\"/contact-us\" name_2=\"Sea Freight\" description_2=\"Our Sea Freight project stands as a testament to our proficiency in navigating international waters. Seamlessly managing complex logistics, we delivered goods across continents with efficiency and reliability.\" image_2=\"homepage/img2.png\" url_2=\"/contact-us\" name_3=\"Trucking\" description_3=\"In our Trucking project, we transformed roadways into avenues of precision and punctuality. With a fleet of modern vehicles and a team of skilled drivers, we ensured swift and secure deliveries nationwide. Your cargo’s journey.\" image_3=\"homepage/img3.png\" url_3=\"/contact-us\" name_4=\"Warehouse\" description_4=\"In our Warehouse project, we excelled in storage and distribution. With state-of-the-art facilities and meticulous inventory management, we safeguarded your assets while streamlining the supply chain. Your goods found.\" image_4=\"homepage/img4.png\" url_4=\"/contact-us\"][/projects][who-we-are title=\"We are the world’s leading shipping service provider\" subtitle=\"Who We Are?\" description=\"Over the years, we have worked together to expand our network of partners to deliver reliability and consistency. We’ve also made significant strides to tightly integrate technology with our processes, giving our clients greater visibility into every engagement.\" image=\"homepage/img-info-6.png\" youtube_video_url=\"https://www.youtube.com/watch?v=v2qeqkKgw7U\" button_label=\"How it works ? Watch video tour\" button_icon=\"icons/play.png\" style=\"style-1\" quantity=\"4\" title_1=\"Boost your sale\" icon_1=\"icons/chart.png\" description_1=\"The latest design trends meet hand-crafted templates.\" title_2=\"Boost your sale\" icon_2=\"icons/chart.png\" description_2=\"The latest design trends meet hand-crafted templates.\" title_3=\"Introducing New Features\" icon_3=\"icons/feature.png\" description_3=\"The latest design trends meet hand-crafted templates.\" title_4=\"Introducing New Features\" icon_4=\"icons/feature2.png\" description_4=\"The latest design trends meet hand-crafted templates.\"][/who-we-are]<div class=\"line-border mb-30 mt-70\"></div>[request-quote title=\"Fast shipping with the most modern technology\" description=\"Over the years, we have worked together to expand our network of partners to deliver reliability and consistency. We’ve also made significant strides to tightly integrate technology with our processes, giving our clients greater visibility into every engagement.\" background=\"shapes/bg-quote.png\" background_color=\"#E0F0F6\" style=\"style-5\" quantity=\"4\" image_1=\"icons/chart.png\" title_1=\"Boost your sale\" description_1=\"The latest design trends meet hand-crafted templates.\" image_2=\"icons/chart.png\" title_2=\"Boost your sale\" description_2=\"The latest design trends meet hand-crafted templates.\" image_3=\"icons/feature.png\" title_3=\"Introducing New Features\" description_3=\"The latest design trends meet hand-crafted templates.\" image_4=\"icons/feature2.png\" title_4=\"Introducing New Features\" description_4=\"The latest design trends meet hand-crafted templates.\" form_title=\"Request a Quote\" form_description=\"Please Fill All Inquiry To Get Your Total Price.\"][/request-quote][why-choose-us title=\"Why choose us\" subtitle=\"Our Features\" description=\"Sustainability is an increasingly important factor for many customers when choosing a shipping company. Your shipping company can stand out by demonstrating a commitment to sustainable practices, such as using energy-efficient vehicles, reducing waste, and offsetting carbon emissions.\" ticked_line=\"Reliable and Timely Deliveries, Advanced Tracking Systems, Cost-Effective Shipping Options, Commitment to Sustainability, Exceptional Customer Service, International Shipping Expertise, Flexibility and Customization, Insurance and Liability Coverage\" button_primary_label=\"Contact Us\" button_primary_url=\"/contact-us\" button_secondary_label=\"Learn More\" button_secondary_url=\"/contact-us\" style=\"style-1\" quantity=\"4\" title_1=\"Shipping Options\" icon_1=\"icons/container.png\" description_1=\"Tailored routes for versatile shipments, offering expedited and budget-friendly choices.\" title_2=\"Timely Deliveries\" icon_2=\"icons/stopwatch.png\" description_2=\"Precision planning and monitoring ensure on-time deliveries, a competitive edge for you.\" title_3=\"Customer Service\" icon_3=\"icons/24-hours.png\" description_3=\"Proactive solutions from our team, transforming challenges into satisfaction and support.\" title_4=\"Tracking Systems\" icon_4=\"icons/pallet.png\" description_4=\"Visibility at every stage, bridging distance through real-time insights for peace of mind.\"][/why-choose-us][brands title=\"We are trusted by major global brands\" highlight_text=\"trusted\" quantity=\"6\" name_1=\"Alea\" image_1=\"brands/alea.png\" link_1=\"https://alea.gov\" name_2=\"Creati\" image_2=\"brands/creati.png\" link_2=\"https://creati.com\" name_3=\"Land Ship\" image_3=\"brands/land.png\" link_3=\"https://landship.com\" name_4=\"Logis Delivery\" image_4=\"brands/logis.png\" link_4=\"http://logisdelivery.com\" name_5=\"Santos Logistic\" image_5=\"brands/saltos.png\" link_5=\"http://santoslogistic.com\" name_6=\"Truck\" image_6=\"brands/truck.png\" link_6=\"https://truck.com\"][/brands][pricing title=\"Pricing Plan\" description=\"Pick your plan. Change whenever you want. No switching fees between packages\" style=\"style-2\" package_ids=\"1,2,3,4\" number_of_packages_per_line=\"4\" left_background=\"backgrounds/bg-plan-left.png\" right_background=\"backgrounds/bg-plan-right.png\"][/pricing][news title=\"Our Blog & Insights\" description=\"The latest information about shipping services and our promotions.\" type=\"latest\"][/news]',1,NULL,'default',NULL,'published','2023-11-30 00:32:53','2023-11-30 00:32:53'),(5,'About Us','[about-information-1 title=\"Simplifying complex shipping challenges with innovative solutions\" description=\"Logistics companies are essential to the smooth functioning of global supply chains. They offer a range of services such as transportation, warehousing, inventory management, and distribution to businesses across different industries. The role of logistics companies has become increasingly important in recent years due to the growth of e-commerce and global trade.\" button_primary_label=\"Calculate Package\" button_primary_url=\"/contact-us\" icon=\"icons/play.png\" icon_url=\"https://www.youtube.com/watch?v=v2qeqkKgw7U\" image_1=\"about/img-about-1-1.png\" image_2=\"about/img-about-1-2.png\" image_3=\"about/img-about-1-3.png\" floating_icon=\"icons/quote-2.png\"][/about-information-1][about-information-2 quantity=\"3\" badge_1=\"Mission\" title_1=\"Globally Connected by Large Network\" description_1=\"At Logistic TransP, our mission is to provide our clients with exceptional transportation services that meet and exceed their expectations. We aim to be the most reliable, efficient, and cost-effective transportation provider in the industry.\" image_1=\"about/img-about-2-1.png\" icon_for_feature_1_1=\"icons/chart.png\" feature_1_1=\"Affordable Cost\" feature_description_1_1=\"The latest design trends meet hand-crafted templates.\" icon_for_feature_2_1=\"icons/feature3.png\" feature_2_1=\"Short Time Delivery\" feature_description_2_1=\"The latest design trends meet hand-crafted templates.\" badge_2=\"History\" title_2=\"Globally Connected by Large Network\" description_2=\"Logistic TransP was founded in 2005 by a group of transportation professionals who saw an opportunity to provide a better level of service to businesses. Since our founding, we have grown to become a leading transportation provider, with a presence in over 30 countries around the world.\" image_2=\"about/img-about-2-2.png\" button_primary_label_2=\"Contact Us\" button_primary_url_2=\"/contact-us\" button_secondary_label_2=\"Learn More\" button_secondary_url_2=\"/contact-us\" badge_3=\"Our Partners\" title_3=\"We have established strong relationships with our partners\" description_3=\"We strive to become pioneers in the field, providing first quality and cost-effective service, and smart solutions to the market. Our 30 years’ experience in the shipping, transport and logistics industry is our strength, which support us to deliver our promises to our customers.\" image_3=\"about/img-about-2-3.png\" platform_google_play_url_3=\"https://store.google.com/regionpicker\" platform_google_play_logo_3=\"general/google-play-btn.png\" platform_apple_store_url_3=\"https://www.apple.com/vn/app-store/\" platform_apple_store_logo_3=\"general/appstore-btn.png\"][/about-information-2][information-2 left_background=&quot;shapes/bg-touch.png&quot; right_background=&quot;homepage/img-info-2.png&quot; title=&quot;Proud to Deliver &lt;br&gt; Excellence Every Time&quot; badge_text=&quot;Get in touch&quot; description=&quot;Excepteur sint occaecat cupidatat non proident, sunt in culpa qui officia deserunt mollit laborum &mdash; semper quis lectus nulla. Interactively transform magnetic growth strategies whereas prospective &lsquo;&lsquo;outside the box&rsquo;&rsquo; thinking.&quot; button_label=&quot;Contact Us&quot; button_url=&quot;/contact-us&quot; link_label=&quot;Learn More&quot; link_url=&quot;/contact-us&quot; style=&quot;style-1&quot; quantity=&quot;2&quot; title_1=&quot;Boost your sale&quot; image_1=&quot;icons/chart.png&quot; description_1=&quot;The latest design trends meet hand-crafted templates.&quot; title_2=&quot;Introducing New Features&quot; image_2=&quot;icons/feature3.png&quot; description_2=&quot;The latest design trends meet hand-crafted templates.&quot;][/information-2][teams title=\"Meet Our Team\" description=\"Welcome to our transportation services agency. We are the best at our trans-deportation service ever.\" team_ids=\"1,2,3,4\"][/teams][brands title=\"We are trusted by major global brands\" highlight_text=\"trusted\" quantity=\"6\" name_1=\"Alea\" image_1=\"brands/alea.png\" link_1=\"https://alea.gov\" name_2=\"Creati\" image_2=\"brands/creati.png\" link_2=\"/contact-us\" name_3=\"Land Ship\" image_3=\"brands/land.png\" link_3=\"/contact-us\" name_4=\"Logis Delivery\" image_4=\"brands/logis.png\" link_4=\"/contact-us\" name_5=\"Santos Logistic\" image_5=\"brands/saltos.png\" link_5=\"/contact-us\" name_6=\"Truck\" image_6=\"brands/truck.png\" link_6=\"/contact-us\"][/brands][testimonials title=&quot;Testimonials&quot; description=&quot;Hear from our users who have saved thousands on their &lt;br&gt; Startup and SaaS solution spend.&quot; limit=&quot;4&quot; background_color=&quot;#034460&quot; style=&quot;style-4&quot;][/testimonials][call-to-action title=\"Create your next Project with Us\" subtitle=\"Have any ideas in your mind?\" background=\"backgrounds/bg-get-quote.png\" button_label=\"GET A QUOTE\" button_url=\"/request-a-quote\"][/call-to-action][news title=\"Our Blog & Insights\" description=\"The latest information about shipping services and our promotions\" type=\"latest\"][/news]',1,NULL,'default','We have been pioneering the industry in Europe for 20 years, and delivering value &lt;br&gt; products within given timeframe, every single time.','published','2023-11-30 00:32:53','2023-11-30 00:32:53'),(6,'Services','[our-services title=&quot;Our Services&quot; subtitle=&quot;What we offer&quot; description=&quot;We have been pioneering the industry in Europe for 20 years, and delivering value &lt;br&gt; products within given timeframe, every single time.&quot; service_ids=&quot;1,2,3,4,5,6,7&quot;][/our-services][information-2 left_background=&quot;homepage/img-info-5.png&quot; right_background=&quot;homepage/img-info-5-2.png&quot; center_icon=&quot;icons/certified.png&quot; title=&quot;Proud to Deliver &lt;br&gt; Excellence Every Time&quot; badge_text=&quot;Get in touch&quot; description=&quot;Excepteur sint occaecat cupidatat non proident, sunt in culpa qui officia deserunt mollit laborum &mdash; semper quis lectus nulla. Interactively transform magnetic growth strategies whereas prospective &lsquo;&lsquo;outside the box&rsquo;&rsquo; thinking.&quot; button_label=&quot;Contact Us&quot; button_url=&quot;/contact-us&quot; link_label=&quot;Learn More&quot; link_url=&quot;/contact-us&quot; style=&quot;style-2&quot; quantity=&quot;2&quot; title_1=&quot;Boost your sale&quot; image_1=&quot;icons/chart.png&quot; description_1=&quot;The latest design trends meet hand-crafted templates.&quot; title_2=&quot;Introducing New Features&quot; image_2=&quot;icons/feature3.png&quot; description_2=&quot;The latest design trends meet hand-crafted templates.&quot;][/information-2][site-statistics title=\"We take care about transportation for your business\" highlight_text=\"transportation\" image=\"backgrounds/bg-whychooseus.png\" button_label=\"View All Projects\" button_url=\"/contact-us\" style=\"style-2\" quantity=\"4\" title_1=\"Delivered packages.\" data_1=\"380,000\" title_2=\"Countries covered\" data_2=\"150,000\" title_3=\"Satisfied Clients\" data_3=\"68,000\" title_4=\"Tons of goods\" data_4=\"120,000\"][/site-statistics][request-quote title=&quot;World&rsquo;s Leading Companies &lt;br&gt; For Over 80 Years.&quot; description=&quot;A big opportunity for your business growth. Delivering Results for Industry Leaders. We are &lt;br&gt; proud of our work for and have worked hard.&quot; background=&quot;shapes/bg-requestquote-3.png&quot; background_color=&quot;#E0F0F6&quot; style=&quot;style-3&quot; quantity=&quot;5&quot; image_1=&quot;icons/order.png&quot; title_1=&quot;Customer places order&quot; description_1=&quot;Inspection and quality check of goods&quot; image_2=&quot;icons/payment.png&quot; title_2=&quot;Payment successful&quot; description_2=&quot;Payoneer, Paypal, or Visa master card&quot; image_3=&quot;icons/warehouse.png&quot; title_3=&quot;Warehouse receives order&quot; description_3=&quot;Check the accuracy of the goods.&quot; image_4=&quot;icons/picked.png&quot; title_4=&quot;Item picked, packed &amp; shipped&quot; description_4=&quot;Ship the goods to a local carrier&quot; image_5=&quot;icons/delivery.png&quot; title_5=&quot;Delivered &amp; Measure success&quot; description_5=&quot;Update order status on the system&quot; form_title=&quot;Request a Quote&quot; form_description=&quot;Please Fill All Inquiry To Get Your Total Price.&quot; inner_background=&quot;shapes/bg-contact.png&quot; form_background=&quot;homepage/img-contact.png&quot; link_label=&quot;Contact Us&quot; link_url=&quot;/contact-us&quot;][/request-quote][pricing title=&quot;Pricing Plan&quot; description=&quot;Pick your plan. Change whenever you want. No switching fees between packages&quot; style=&quot;style-2&quot; package_ids=&quot;1,2,3,4&quot; number_of_packages_per_line=&quot;4&quot;][/pricing]<div class=\"line-border\"></div>[faqs title=\"FAQs\" description=\"Feeling inquisitive? Have a read through some of our FAQs or contact our supporters for help.\" gallery_id=\"7\" category_ids=\"1,2\" expand_first_time=\"1\" bottom_title=\"Need more help?\" button_label=\"Contact Us\" button_url=\"/contact-us\" link_label=\"Learn More\" link_url=\"/contact-us\"][/faqs]',1,NULL,'default',NULL,'published','2023-11-30 00:32:53','2023-11-30 00:32:53'),(7,'Track Your Parcel','[track-your-parcel title=&quot; Package tracking is easy &lt;br&gt; with order number&quot; description=&quot;Track packages from China, US Post, Canada Post, Royal Mail, Deutsche Post, &lt;br&gt; Aliexpress, UPS, Shein, FedEx, Pitney Bowes, eBay, Amazon&quot; platform_google_play_url=&quot;https://play.google.com/&quot; platform_google_play_logo=&quot;general/google-play-btn.png&quot; platform_apple_store_url=&quot;https://www.apple.com/store&quot; platform_apple_store_logo=&quot;general/appstore-btn.png&quot;][/track-your-parcel][who-we-are title=\"Any post office tracking\" subtitle=\"International tracking for\" description=\"Our tracking system is updated in real-time, so you can rest assured that you are getting the most up-to-date information on your parcel’s progress. We also offer notifications via email or SMS, so you can receive updates on your parcel’s status right to your phone.\" image=\"general/img-info-7.png\" youtube_video_url=\"https://www.youtube.com/watch?v=v2qeqkKgw7U\" button_label=\"We have 25 years experience in this passion\" button_helper_text=\"There are many variations of passages of Lorem Ipsum available, but the majority have suffered alteration in some form, by injected humour\" button_icon=\"icons/play.png\" style=\"style-3\" quantity=\"4\" title_1=\"Boost your sale\" icon_1=\"icons/chart.png\" description_1=\"The latest design trends meet hand-crafted templates.\" title_2=\"Boost your sale\" icon_2=\"icons/chart.png\" description_2=\"The latest design trends meet hand-crafted templates.\" title_3=\"Introducing New Features\" icon_3=\"icons/feature.png\" description_3=\"The latest design trends meet hand-crafted templates.\" title_4=\"Introducing New Features\" icon_4=\"icons/feature2.png\" description_4=\"The latest design trends meet hand-crafted templates.\"][/who-we-are][brands title=\"We are trusted by major global brands\" highlight_text=\"trusted\" background_color=\"#E0F0F6\" quantity=\"6\" name_1=\"Alea\" image_1=\"brands/alea.png\" link_1=\"/contact-us\" name_2=\"Creati\" image_2=\"brands/creati.png\" link_2=\"/contact-us\" name_3=\"Land Ship\" image_3=\"brands/land.png\" link_3=\"/contact-us\" name_4=\"Logis Delivery\" image_4=\"brands/logis.png\" link_4=\"/contact-us\" name_5=\"Santos Logistic\" image_5=\"brands/saltos.png\" link_5=\"/contact-us\" name_6=\"Truck\" image_6=\"brands/truck.png\" link_6=\"/contact-us\"][/brands][why-choose-us title=\"Why choose us\" subtitle=\"Our Features\" style=\"style-2\" quantity=\"4\" title_1=\"Over 1200 couriers\" icon_1=\"icons/container.png\" description_1=\"Global reach, over 1200 couriers forming a seamless network for worldwide deliveries.\" title_2=\"Automatic courier\" icon_2=\"icons/24-hours.png\" description_2=\"Efficiency amplified through automation, reducing human intervention for accuracy.\" title_3=\"Real-time alert\" icon_3=\"icons/stopwatch.png\" description_3=\"Stay informed with instant updates, tracking your shipment’s progress as it happens.\" title_4=\"Email alerts\" icon_4=\"icons/pallet.png\" description_4=\"Essential information directly to your inbox, ensuring you’re always in the loop.\"][/why-choose-us][faqs title=\"FAQs\" description=\"Feeling inquisitive? Have a read through some of our FAQs or contact our supporters for help.\" gallery_id=\"7\" category_ids=\"1,2\" expand_first_time=\"1\" bottom_title=\"Need more help?\" button_label=\"Contact Us\" button_url=\"/contact-us\" link_label=\"Learn More\" link_url=\"/contact-us\"][/faqs][who-we-are title=&quot;We are the world&rsquo;s leading shipping service provider&quot; subtitle=&quot;Who We Are?&quot; description=&quot;Over the years, we have worked together to expand our network of partners to deliver reliability and consistency. We&rsquo;ve also made significant strides to tightly integrate technology with our processes, giving our clients greater visibility into every engagement.&quot; image=&quot;homepage/img-info-6.png&quot; youtube_video_url=&quot;https://www.youtube.com/watch?v=v2qeqkKgw7U&quot; button_label=&quot;How it works ? &lt;br&gt; Watch video tour&quot; button_icon=&quot;icons/play.png&quot; style=&quot;style-2&quot; quantity=&quot;4&quot; title_1=&quot;Boost your sale&quot; icon_1=&quot;icons/chart.png&quot; description_1=&quot;The latest design trends meet hand-crafted templates.&quot; title_2=&quot;Boost your sale&quot; icon_2=&quot;icons/chart.png&quot; description_2=&quot;The latest design trends meet hand-crafted templates.&quot; title_3=&quot;Introducing New Features&quot; icon_3=&quot;icons/feature.png&quot; description_3=&quot;The latest design trends meet hand-crafted templates.&quot; title_4=&quot;Introducing New Features&quot; icon_4=&quot;icons/feature2.png&quot; description_4=&quot;The latest design trends meet hand-crafted templates.&quot;][/who-we-are]<div class=\"mt-90\"></div>',1,NULL,'default',NULL,'published','2023-11-30 00:32:53','2023-11-30 00:32:53'),(8,'Work Process','[how-it-works background_color=\"#034460\" title_direction=\"start\" youtube_video_url=\"https://www.youtube.com/watch?v=c8aOBRC3tvs\" left_background=\"homepage/how-it-work.png\" left_title=\"We have 25 years experience in this passion\" left_description=\"There are many variations of passages of Lorem Ipsum available, but the majority have suffered alteration in some form, by injected humour\" left_icon=\"icons/play.png\" style=\"style-1\" quantity=\"5\" title_1=\" Customer places order\" description_1=\"Inspection and quality check of goods\" image_1=\"icons/order.png\" title_2=\"Payment successful\" description_2=\"Payoneer, Paypal, or Visa master card\" image_2=\"icons/payment.png\" title_3=\"Warehouse receives order\" description_3=\"Check the accuracy of the goods.\" image_3=\"icons/warehouse.png\" title_4=\"Item picked, packed & shipped\" description_4=\"Ship the goods to a local carrier\" image_4=\"icons/picked.png\" title_5=\"Delivered & Measure success\" description_5=\"Update order status on the system\" image_5=\"icons/delivery.png\"][/how-it-works][our-process title=\"Our Process\" description=\"We invest time and expertise to fully understand your business before designing plans to improve your supply chain. We take responsibility for the performance of all our suppliers and for ensuring the availability of resources and equipment needed to control the flow of goods under our charge.\" icon=\"general/favicon.png\" quantity=\"4\" title_1=\"Logistics Defined\" description_1=\"Logistics is the planning framework used by the management of an organization to facilitate the distribution of personnel, materiel, service, information and capital flows.\" image_1=\"work-process/img1.png\" icon_1=\"icons/parachute.png\" link_label_1=\"View Details\" link_url_1=\"/contact-us\" title_2=\"Logistical Processes\" description_2=\"Logistics is the planning framework used by the management of an organization to facilitate the distribution of personnel, materiel, service, information and capital flows.\" image_2=\"work-process/img2.png\" icon_2=\"icons/pallet-2.png\" link_label_2=\"View Details\" link_url_2=\"/contact-us\" title_3=\"Production Management\" description_3=\"Logistics is the planning framework used by the management of an organization to facilitate the distribution of personnel, materiel, service, information and capital flows.\" image_3=\"work-process/img3.png\" icon_3=\"icons/plane-2.png\" link_label_3=\"View Details\" link_url_3=\"/contact-us\" title_4=\"Assembly Processing\" description_4=\"Logistics is the planning framework used by the management of an organization to facilitate the distribution of personnel, materiel, service, information and capital flows.\" image_4=\"work-process/img4.png\" icon_4=\"icons/cardboard.png\" link_label_4=\"View Details\" link_url_4=\"/contact-us\"][/our-process]<div class=\"line-border mt-50\"></div>[pricing title=\"Pricing Plan\" description=\"Pick your plan. Change whenever you want. No switching fees between packages\" style=\"style-2\" package_ids=\"1,2,3,4\" number_of_packages_per_line=\"4\" left_background=\"backgrounds/bg-plan-left.png\" right_background=\"backgrounds/bg-plan-right.png\"][/pricing][projects title=\"What We Have Done\" description=\"Check out some of the projects we’ve completed with our amazing partners.\" button_label=\"View All Projects\" button_url=\"/contact-us\" background=\"shapes/bg-what-done.png\" quantity=\"4\" name_1=\"Air Freight\" description_1=\"Our Air Freight project soared above expectations, showcasing our expertise in urgent deliveries. We provided rapid, global air transportation solutions that met critical timelines. When time is of the essence.\" image_1=\"homepage/img.png\" url_1=\"/contact-us\" name_2=\"Sea Freight\" description_2=\"Our Sea Freight project stands as a testament to our proficiency in navigating international waters. Seamlessly managing complex logistics, we delivered goods across continents with efficiency and reliability.\" image_2=\"homepage/img2.png\" url_2=\"/contact-us\" name_3=\"Trucking\" description_3=\"In our Trucking project, we transformed roadways into avenues of precision and punctuality. With a fleet of modern vehicles and a team of skilled drivers, we ensured swift and secure deliveries nationwide. Your cargo’s journey.\" image_3=\"homepage/img3.png\" url_3=\"/contact-us\" name_4=\"Warehouse\" description_4=\"In our Warehouse project, we excelled in storage and distribution. With state-of-the-art facilities and meticulous inventory management, we safeguarded your assets while streamlining the supply chain. Your goods found.\" image_4=\"homepage/img4.png\" url_4=\"/contact-us\"][/projects][why-choose-us title=\"Why choose us\" subtitle=\"Our Features\" description=\"Sustainability is an increasingly important factor for many customers when choosing a shipping company. Your shipping company can stand out by demonstrating a commitment to sustainable practices, such as using energy-efficient vehicles, reducing waste, and offsetting carbon emissions.\" ticked_line=\"Reliable and Timely Deliveries, Advanced Tracking Systems, Cost-Effective Shipping Options, Commitment to Sustainability, Exceptional Customer Service, International Shipping Expertise, Flexibility and Customization, Insurance and Liability Coverage\" button_primary_label=\"Contact Us\" button_primary_url=\"/contact-us\" button_secondary_label=\"Learn More\" button_secondary_url=\"/contact-us\" style=\"style-1\" quantity=\"4\" title_1=\"Shipping Options\" icon_1=\"icons/container.png\" description_1=\"Tailored routes for versatile shipments, offering expedited and budget-friendly choices.\" title_2=\"Timely Deliveries\" icon_2=\"icons/stopwatch.png\" description_2=\"Precision planning and monitoring ensure on-time deliveries, a competitive edge for you.\" title_3=\"Customer Service\" icon_3=\"icons/24-hours.png\" description_3=\"Proactive solutions from our team, transforming challenges into satisfaction and support.\" title_4=\"Tracking Systems\" icon_4=\"icons/pallet.png\" description_4=\"Visibility at every stage, bridging distance through real-time insights for peace of mind.\"][/why-choose-us]',1,NULL,'default','You choose the cities where you’d like to deliver. All deliveries are within a specific service area and delivery services vary by location. Whatever the mode or requirement, we will find and book the ideal expedited shipping solution to ensure a timely delivery.','published','2023-11-30 00:32:53','2023-11-30 00:32:53'),(9,'Request a quote','[request-quote title=&quot;Request a quote for &lt;br&gt; shipping services&quot; description=&quot;A big opportunity for your business growth. Delivering Results for Industry Leaders. We are &lt;br&gt; proud of our work for and have worked hard.&quot; background=&quot;backgrounds/requestaquote-banner.png&quot; style=&quot;style-4&quot; primary_button_label=&quot;Calculate Package&quot; primary_button_url=&quot;/contact-us&quot; secondary_button_label=&quot;How it work ?&quot; secondary_button_icon=&quot;icons/play.png&quot; secondary_button_url=&quot;https://www.youtube.com/watch?v=v2qeqkKgw7U&quot; quantity=&quot;4&quot; image_1=&quot;icons/handover.png&quot; number_1=&quot;+ 380,000&quot; title_1=&quot;Parcels Shipped Safely&quot; image_2=&quot;icons/cities.png&quot; number_2=&quot;+ 120,000&quot; title_2=&quot;Cities Served Worldwide&quot; image_3=&quot;icons/client.png&quot; number_3=&quot;+2280&quot; title_3=&quot;Satisfied Clients&quot; image_4=&quot;icons/company.png&quot; number_4=&quot;+ 1200&quot; title_4=&quot;Company We Help&quot; form_title=&quot;Calculate Shipping&quot; form_description=&quot;Please Fill All Inquiry To Get Your Total Price.&quot; inner_background=&quot;shapes/bg-contact.png&quot; form_background=&quot;homepage/img-contact.png&quot; link_label=&quot;Contact Us&quot; link_url=&quot;/contact-us&quot;][/request-quote][branch-offices title=&quot;We have branches in many &lt;br&gt; regions of the world&quot; description=&quot;We have experience in handling the formalities and documentation required for your imports and exports. We work with all international station to guarantee that your load will safely reach without any delays.&quot; button_label=&quot;Get a quote&quot; button_url=&quot;/contact-us&quot; quantity=&quot;4&quot; image_1=&quot;contact/branch1.png&quot; icon_1=&quot;icons/delivery.png&quot; title_1=&quot;TransP Shipping Co. USA&quot; address_1=&quot;123 Main Street, Suite 500, New York, NY 10001, USA&quot; phone_number_1=&quot;+1-555-555-5555&quot; email_1=&quot;contact@transp.eu.com&quot; image_2=&quot;contact/branch2.png&quot; icon_2=&quot;icons/plane.png&quot; title_2=&quot;Shipping Co. Europe&quot; address_2=&quot;25 Avenue des Champs-&Eacute;lys&eacute;es, Paris, France&quot; phone_number_2=&quot;+33 1 55 73 70 00&quot; email_2=&quot;contact.eu@transp.eu.com&quot; image_3=&quot;contact/branch3.png&quot; icon_3=&quot;icons/delivery.png&quot; title_3=&quot;Shipping Co. Asia Pacific&quot; address_3=&quot;1-2-1 Otemachi, Chiyoda-ku, Tokyo, Japan&quot; phone_number_3=&quot;+81 3 5251 5300&quot; email_3=&quot;contact.jp@transp.eu.com&quot; image_4=&quot;contact/branch4.png&quot; icon_4=&quot;icons/plane.png&quot; title_4=&quot;Shipping Co. Middle East&quot; address_4=&quot;Dubai Logistics City, Building B, Office 203, Dubai, UAE&quot; phone_number_4=&quot;+971 4 887 8000&quot; email_4=&quot;contact@transp.eu.com&quot;][/branch-offices][how-it-works title=\"How It Works\" description=\"You choose the cities where you’d like to deliver. All deliveries are within a specific service area and delivery services vary by location. Whatever the mode or requirement, we will find and book the ideal expedited shipping solution to ensure a timely delivery.\" background_color=\"#034460\" title_direction=\"start\" youtube_video_url=\"https://www.youtube.com/watch?v=ldusxyoq0Y8\" icon=\"general/favicon.png\" inner_background=\"general/world-map.png\" left_background=\"homepage/how-it-work.png\" left_title=\"We have 25 years experience in this passion\" left_description=\"There are many variations of passages of Lorem Ipsum available, but the majority have suffered alteration in some form, by injected humour\" left_icon=\"icons/play.png\" style=\"style-1\" quantity=\"5\" title_1=\" Customer places order\" description_1=\"Inspection and quality check of goods\" image_1=\"icons/order.png\" title_2=\"Payment successful\" description_2=\"Payoneer, Paypal, or Visa master card\" image_2=\"icons/payment.png\" title_3=\"Warehouse receives order\" description_3=\"Check the accuracy of the goods.\" image_3=\"icons/warehouse.png\" title_4=\"Item picked, packed & shipped\" description_4=\"Ship the goods to a local carrier\" image_4=\"icons/picked.png\" title_5=\"Delivered & Measure success\" description_5=\"Update order status on the system\" image_5=\"icons/delivery.png\"][/how-it-works][pricing title=\"Pricing Plan\" description=\"Pick your plan. Change whenever you want. No switching fees between packages\" style=\"style-2\" package_ids=\"1,2,3,4\" number_of_packages_per_line=\"4\" left_background=\"backgrounds/bg-plan-left.png\" right_background=\"backgrounds/bg-plan-right.png\"][/pricing]<div class=\"line-border\"></div>[projects title=\"What We Have Done\" description=\"Check out some of the projects we’ve completed with our amazing partners\" button_label=\"View All Projects\" button_url=\"/contact-us\" style=\"style-1\" quantity=\"4\" name_1=\"Air Freight\" description_1=\"Our Air Freight project soared above expectations, showcasing our expertise in urgent deliveries. We provided rapid, global air transportation solutions that met critical timelines. When time is of the essence.\" image_1=\"homepage/img.png\" url_1=\"/contact-us\" name_2=\"Sea Freight\" description_2=\"Our Sea Freight project stands as a testament to our proficiency in navigating international waters. Seamlessly managing complex logistics, we delivered goods across continents with efficiency and reliability.\" image_2=\"homepage/img2.png\" url_2=\"/contact-us\" name_3=\"Trucking\" description_3=\"In our Trucking project, we transformed roadways into avenues of precision and punctuality. With a fleet of modern vehicles and a team of skilled drivers, we ensured swift and secure deliveries nationwide. Your cargo’s journey.\" image_3=\"homepage/img3.png\" url_3=\"/contact-us\" name_4=\"Warehouse\" description_4=\"In our Warehouse project, we excelled in storage and distribution. With state-of-the-art facilities and meticulous inventory management, we safeguarded your assets while streamlining the supply chain. Your goods found.\" image_4=\"homepage/img4.png\" url_4=\"/contact-us\"][/projects]<div class=\"mt-90\"></div>',1,NULL,'default',NULL,'published','2023-11-30 00:32:53','2023-11-30 00:32:53'),(10,'Our team','[hero-banner title=\"We’re excited to introduce you to the dedicated individuals who make up our logistics services company\" subtitle=\"Meet Our Team\" description=\"Excepteur sint occaecat cupidatat non proident, sunt in culpa qui officia deserunt mollit laborum semper quis lectus nulla. Interactively transform magnetic growth strategies whereas prospective ‘‘outside the box’’ thinking.\" background_color=\"#E0F0F6\" banner_image=\"homepage/img-testimonial-4.png\" shape_icon=\"shapes/bg-testimonial-4.png\" button_primary_url=\"/contact-us\" button_primary_label=\"Contact Us\" button_secondary_url=\"/about-us\" button_secondary_label=\"Learn More\" box_info_title=\"Satisfieds\" box_info_description=\"We always strive to serve our customers in the best way.\" box_info_button_label=\"View Details\" box_info_button_url=\"/contact-us\" style=\"style-6\" quantity=\"6\"][/hero-banner][teams title=\"Our Leadership Team\" description=\"Welcome to our transportation services agency. We are the best at our transportation service ever.\" button_label=\"Get a quote\" button_url=\"/contact-us\" team_ids=\"1,2,3,4\"][/teams][ads-banner title=&quot;Fast shipping with the &lt;br&gt; most modern technology&quot; url=&quot;/contact-us&quot; left_background=&quot;shapes/bg-banner.png&quot; right_background=&quot;backgrounds/banner.png&quot;][/ads-banner][teams title=\"Our Operations Team\" description=\"Welcome to our transportation services agency. We are the best at our transportation service ever.\" button_label=\"Get a quote\" button_url=\"/contact-us\" team_ids=\"1,2,3,4\"][/teams][who-we-are title=\"We are the world’s leading shipping service provider\" subtitle=\"Who We Are?\" description=\"Over the years, we have worked together to expand our network of partners to deliver reliability and consistency. We’ve also made significant strides to tightly integrate technology with our processes, giving our clients greater visibility into every engagement.\" image=\"homepage/img-info-6.png\" youtube_video_url=\"https://www.youtube.com/watch?v=v2qeqkKgw7U\" button_label=\"How it works ? Watch video tour\" button_icon=\"icons/play.png\" style=\"style-2\" quantity=\"4\" title_1=\"Boost your sale\" icon_1=\"icons/chart.png\" description_1=\"The latest design trends meet hand-crafted templates.\" title_2=\"Boost your sale\" icon_2=\"icons/chart.png\" description_2=\"The latest design trends meet hand-crafted templates.\" title_3=\"Introducing New Features\" icon_3=\"icons/feature.png\" description_3=\"The latest design trends meet hand-crafted templates.\" title_4=\"Introducing New Features\" icon_4=\"icons/feature2.png\" description_4=\"The latest design trends meet hand-crafted templates.\"][/who-we-are]<div class=\"mt-90\"></div>',1,NULL,'default',NULL,'published','2023-11-30 00:32:53','2023-11-30 00:32:53'),(11,'FAQ’s','[faqs title=\"Popular Topic\" description=\"Feeling inquisitive? Have a read through some of our FAQs or contact our supporters for help.\" gallery_id=\"7\" category_ids=\"1,2\" expand_first_time=\"1\" bottom_title=\"Need more help?\" button_label=\"Contact Us\" button_url=\"/contact-us\" link_label=\"Learn More\" link_url=\"/contact-us\" style=\"style-2\"][/faqs][faqs title=\"FAQ’s\" description=\"Feeling inquisitive? Have a read through some of our FAQs or contact our supporters for help.\" gallery_id=\"7\" category_ids=\"1,2\" expand_first_time=\"1\" bottom_title=\"Need more help?\" button_label=\"Contact Us\" button_url=\"/contact-us\" link_label=\"Learn More\" link_url=\"/contact-us\" style=\"style-1\"][/faqs][contact-form title=\"Still have question?\" description=\"Can’t find the answer you are looking for? Please chat to our friendly team.\" title_button=\"Submit Now\" subtitle=\"Headquarters\" open_time=\"Hours: 8:00 - 17:00, Mon - Sat\"][/contact-form][information-2 left_background=&quot;homepage/img-info-5.png&quot; right_background=&quot;homepage/img-info-5-2.png&quot; center_icon=&quot;icons/certified.png&quot; title=&quot;Proud to Deliver &lt;br&gt; Excellence Every Time&quot; badge_text=&quot;Get in touch&quot; description=&quot;Excepteur sint occaecat cupidatat non proident, sunt in culpa qui officia deserunt mollit laborum &mdash; semper quis lectus nulla. Interactively transform magnetic growth strategies whereas prospective &lsquo;&lsquo;outside the box&rsquo;&rsquo; thinking.&quot; button_label=&quot;Contact Us&quot; button_url=&quot;/contact-us&quot; link_label=&quot;Learn More&quot; link_url=&quot;/contact-us&quot; style=&quot;style-2&quot; quantity=&quot;2&quot; title_1=&quot;Boost your sale&quot; image_1=&quot;icons/chart.png&quot; description_1=&quot;The latest design trends meet hand-crafted templates.&quot; title_2=&quot;Introducing New Features&quot; image_2=&quot;icons/feature.png&quot; description_2=&quot;The latest design trends meet hand-crafted templates.&quot;][/information-2]',1,NULL,'default','Everything you need to know about the product and billing. Can not find the answer you are looking for? Please Contact our support team.','published','2023-11-30 00:32:53','2023-11-30 00:32:53'),(12,'Newsletter','[simple-slider key=\"home-slider\"][/simple-slider][services title=\"What We Offer\" style=\"style-1\" quantity=\"3\" name_1=\"Sea Forwarding\" image_1=\"icons/cargo-ship.png\" description_1=\"We are professional in ocean freight with more than 12 years of experience and have shipped more than 100k shipments.\" link_1=\"/contact-us\" name_2=\"Air Freight Forwarding\" image_2=\"icons/plane.png\" description_2=\"We are professional in ocean freight with more than 12 years of experience and have shipped more than 100k shipments.\" link_2=\"/contact-us\" name_3=\"Land Transportation\" image_3=\"icons/delivery.png\" description_3=\"We are professional in ocean freight with more than 12 years of experience and have shipped more than 100k shipments.\" link_3=\"/contact-us\"][/services][information-1 left_background=\"homepage/img1.png\" shape_image_horizontal=\"icons/icon1.png\" shape_image_vertical=\"shapes/subtract.png\" right_title=\"Fast shipping with the most modern technology\" right_description=\"Over the years, we have worked together to expand our network of partners to deliver reliability and consistency.\" feature_1=\"Task tracking\" feature_2=\"Create task dependencies\" feature_3=\"Task visualization\" feature_4=\"Hare files, discuss\" feature_5=\"Meet deadlines faster\" feature_6=\" Track time spent\" button_label_1=\"Apple Store\" button_url_1=\"https://apps.apple.com/us/app/\" button_image_1=\"general/appstore-btn.png\" button_label_2=\"Google Play\" button_url_2=\"https://play.google.com/store/apps\" button_image_2=\"general/google-play-btn.png\" style=\"style-1\" quantity=\"6\"][/information-1][information-2 left_background=&quot;homepage/img-info-5.png&quot; right_background=&quot;homepage/img-info-5-2.png&quot; center_icon=&quot;icons/certified.png&quot; title=&quot;Proud to Deliver &lt;br&gt; Excellence Every Time&quot; badge_text=&quot;Get in touch&quot; description=&quot;Excepteur sint occaecat cupidatat non proident, sunt in culpa qui officia deserunt mollit laborum &mdash; semper quis lectus nulla. Interactively transform magnetic growth strategies whereas prospective &lsquo;&lsquo;outside the box&rsquo;&rsquo; thinking.&quot; button_label=&quot;Contact Us&quot; button_url=&quot;/contact-us&quot; link_label=&quot;Learn More&quot; link_url=&quot;/contact-us&quot; style=&quot;style-2&quot; quantity=&quot;1&quot;][/information-2][services title=\"Why Choose Us\" style=\"style-2\" quantity=\"4\" name_1=\"Over 1200 couriers\" image_1=\"icons/container.png\" description_1=\"Global reach via 1200+ couriers, forming seamless worldwide delivery network for enhanced service.\" name_2=\"Automatic courier\" image_2=\"icons/24-hours.png\" description_2=\"Automated efficiency curbs intervention, upholding precision, speed & accuracy in worldwide deliveries.\" name_3=\"Real-time alert\" image_3=\"icons/stopwatch.png\" description_3=\"Stay updated with instant progress tracking, ensuring you‘re informed of developments as they unfold.\" name_4=\"Email alerts\" image_4=\"icons/pallet.png\" description_4=\"Essential updates sent directly, keeping you reliably informed and seamlessly connected at all times.\"][/services][information-2 left_background=&quot;shapes/bg-touch.png&quot; right_background=&quot;homepage/port.png&quot; title=&quot;Proud to Deliver &lt;br&gt; Excellence Every Time&quot; badge_text=&quot;Get in touch&quot; description=&quot;Excepteur sint occaecat cupidatat non proident, sunt in culpa qui officia deserunt mollit laborum &mdash; semper quis lectus nulla. Interactively transform magnetic growth strategies whereas prospective &lsquo;&lsquo;outside the box&rsquo;&rsquo; thinking.&quot; button_label=&quot;Contact Us&quot; button_url=&quot;/contact-us&quot; link_label=&quot;Learn More&quot; link_url=&quot;/contact-us&quot; style=&quot;style-1&quot; quantity=&quot;2&quot; title_1=&quot;Boost your sale&quot; image_1=&quot;icons/chart.png&quot; description_1=&quot;The latest design trends meet hand-crafted templates.&quot; title_2=&quot;Introducing New Features&quot; image_2=&quot;icons/feature3.png&quot; description_2=&quot;The latest design trends meet hand-crafted templates.&quot;][/information-2][teams title=\"Meet Our Team\" team_ids=\"1,2,3,4\"][/teams][testimonials title=\"Testimonials\" limit=\"4\" shape_image=\"icons/quotation.png\" style=\"style-3\"][/testimonials][request-quote style=\"style-2\" quantity=\"1\" form_title=\"Request a Quote\" form_description=\"Please Fill All Inquiry To Get Your Total Price.\" link_label=\"Contact Us\" link_url=\"/contact-us\"][/request-quote][news title=\"Our Blog & Insights\" type=\"popular\" limit=\"2\"][/news]',1,NULL,'default',NULL,'published','2023-11-30 00:32:53','2023-11-30 00:32:53'),(13,'Blog','[hero-banner title=\"Latest News & Blog\" subtitle=\"Don’t miss the trending\" description=\"Share discoveries on the world of Logistic, find curiosities about cargo services, produce insights on how intelligent agents work.\" banner_image=\"homepage/banner-5.png\" shape_icon=\"icons/quote.png\" style=\"style-5\" quantity=\"6\"][/hero-banner][blog-posts category_ids=\"2,3,4,5,7\"][/blog-posts][ads-banner title=&quot;Fast shipping with the &lt;br&gt; most modern technology&quot; url=&quot;/contact-us&quot; left_background=&quot;shapes/bg-banner.png&quot; right_background=&quot;homepage/banner-ads.png&quot;][/ads-banner][posts per_page=\"5\"][/posts]<div class=\"mt-70\"></div>[brands title=\"We are trusted by major global brands\" highlight_text=\"trusted\" background_color=\"#E0F0F6\" quantity=\"6\" name_1=\"Alea\" image_1=\"brands/alea.png\" link_1=\"/contact-us\" name_2=\"Creati\" image_2=\"brands/creati.png\" link_2=\"/contact-us\" name_3=\"Land Ship\" image_3=\"brands/land.png\" link_3=\"/contact-us\" name_4=\"Logis Delivery\" image_4=\"brands/logis.png\" link_4=\"/contact-us\" name_5=\"Santos Logistic\" image_5=\"brands/saltos.png\" link_5=\"/contact-us\" name_6=\"Truck\" image_6=\"brands/truck.png\" link_6=\"/contact-us\"][/brands]<div class=\"mt-100\"></div>',1,NULL,'default',NULL,'published','2023-11-30 00:32:53','2023-11-30 00:32:53'),(14,'Contact Us','[map style=\"style-2\"][/map][contact-form title=\"Still have question?\" description=\"Can’t find the answer you are looking for? Please chat to our friendly team.\" title_button=\"Submit Now\" subtitle=\"Headquarters\" address=\"4517 Washington Ave. Manchester, Kentucky 39495\" phone=\"+01-246-357 (Any time 24/7)\" email=\"contact@transp.eu.com\" open_time=\"Hours: 8:00 - 17:00, Mon - Sat\"][/contact-form][branch-offices title=&quot;We have branches in many &lt;br&gt; regions of the world&quot; description=&quot;We have experience in handling the formalities and documentation required for your imports and exports. We work with all international station to guarantee that your load will safely reach without any delays.&quot; button_label=&quot;Get a quote&quot; button_url=&quot;/contact-us&quot; quantity=&quot;4&quot; image_1=&quot;contact/branch1.png&quot; icon_1=&quot;icons/delivery.png&quot; title_1=&quot;TransP Shipping Co. USA&quot; address_1=&quot;123 Main Street, Suite 500, New York, NY 10001, USA&quot; phone_number_1=&quot;+1-555-555-5555&quot; email_1=&quot;contact@transp.eu.com&quot; image_2=&quot;contact/branch2.png&quot; icon_2=&quot;icons/plane.png&quot; title_2=&quot;Shipping Co. Europe&quot; address_2=&quot;25 Avenue des Champs-&Eacute;lys&eacute;es, Paris, France&quot; phone_number_2=&quot;+33 1 55 73 70 00&quot; email_2=&quot;contact.eu@transp.eu.com&quot; image_3=&quot;contact/branch3.png&quot; icon_3=&quot;icons/delivery.png&quot; title_3=&quot;Shipping Co. Asia Pacific&quot; address_3=&quot;1-2-1 Otemachi, Chiyoda-ku, Tokyo, Japan&quot; phone_number_3=&quot;+81 3 5251 5300&quot; email_3=&quot;contact.jp@transp.eu.com&quot; image_4=&quot;contact/branch4.png&quot; icon_4=&quot;icons/plane.png&quot; title_4=&quot;Shipping Co. Middle East&quot; address_4=&quot;Dubai Logistics City, Building B, Office 203, Dubai, UAE&quot; phone_number_4=&quot;+971 4 887 8000&quot; email_4=&quot;contact@transp.eu.com&quot;][/branch-offices][teams title=\"Meet Our Team\" description=\"Welcome to our transportation services agency. We are the best at our trans-deportation service ever.\" team_ids=\"1,2,3,4\"][/teams]',1,NULL,'default',NULL,'published','2023-11-30 00:32:53','2023-11-30 00:32:53'),(15,'Coming Soon','[coming-soon title=&quot;Get Notified &lt;br&gt; When We Launch&quot; time=&quot;2025-07-24&quot; phone=&quot;+01-246-357 (Any time 24/7)&quot; email=&quot;contact@transp.eu.com&quot; image=&quot;general/coming-soon.png&quot;][/coming-soon]',1,NULL,'default',NULL,'published','2023-11-30 00:32:53','2023-11-30 00:32:53'),(16,'Privacy policy','<section class=\"section mt-50\">\n    <div class=\"container\">\n        <div class=\"content-detail\">\n            <h3 class=\"color-brand-2\">EU Cookie Consent</h3>\n            <p class=\"font-md color-grey-900\">To use this website we are using Cookies and collecting some Data. To be compliant with the EU GDPR we give you to choose if you allow us to use certain Cookies and to collect some Data. .</p>\n            <p>There are two primary modes of sea freight transportation: Full Container Load (FCL) and Less than Container Load (LCL). FCL is used when the shipment is large enough to fill an entire container. On the other hand, LCL is used when the shipment does not require a full container. In this case, the goods are combined with other shipments to fill a container. Both modes have their advantages and disadvantages.</p>\n            <p>There are two primary modes of sea freight transportation: Full Container Load (FCL) and Less than Container Load (LCL). FCL is used when the shipment is large enough to fill an entire container. On the other hand, LCL is used when the shipment does not require a full container. In this case, the goods are combined with other shipments to fill a container. Both modes have their advantages and disadvantages.</p>\n            <h3>Essential Data</h3>\n            <div class=\"row align-items-center\">\n                <div class=\"col-lg-12\">\n                    <p>The Essential Data is needed to run the Site you are visiting technically. You can not deactivate them.</p>\n                    <p>Session Cookie: PHP uses a Cookie to identify user sessions. Without this Cookie the Website is not working.</p>\n                    <p>XSRF-Token Cookie: Laravel automatically generates a CSRF \"token\" for each active user session managed by the application. This token is used to verify that the authenticated user is the one actually making the requests to the application.</p>\n                </div>\n            </div>\n        </div>\n    </div>\n</section>\n',1,NULL,NULL,'We are committed to maintaining the accuracy, confidentiality, and security of your personally identifiable information Personal Information. As part of this commitment, our privacy policy governs our actions as they relate to the collection, use and disclosure of Personal Information.','published','2023-11-30 00:32:53','2023-11-30 00:32:53'),(17,'Cookies','<section class=\"section mt-50\">\n    <div class=\"container\">\n        <div class=\"content-detail\">\n            <h3 class=\"color-brand-2\">EU Cookie Consent</h3>\n            <p class=\"font-md color-grey-900\">To use this website we are using Cookies and collecting some Data. To be compliant with the EU GDPR we give you to choose if you allow us to use certain Cookies and to collect some Data. .</p>\n            <p>There are two primary modes of sea freight transportation: Full Container Load (FCL) and Less than Container Load (LCL). FCL is used when the shipment is large enough to fill an entire container. On the other hand, LCL is used when the shipment does not require a full container. In this case, the goods are combined with other shipments to fill a container. Both modes have their advantages and disadvantages.</p>\n            <p>There are two primary modes of sea freight transportation: Full Container Load (FCL) and Less than Container Load (LCL). FCL is used when the shipment is large enough to fill an entire container. On the other hand, LCL is used when the shipment does not require a full container. In this case, the goods are combined with other shipments to fill a container. Both modes have their advantages and disadvantages.</p>\n            <h3>Essential Data</h3>\n            <div class=\"row align-items-center\">\n                <div class=\"col-lg-12\">\n                    <p>The Essential Data is needed to run the Site you are visiting technically. You can not deactivate them.</p>\n                    <p>Session Cookie: PHP uses a Cookie to identify user sessions. Without this Cookie the Website is not working.</p>\n                    <p>XSRF-Token Cookie: Laravel automatically generates a CSRF \"token\" for each active user session managed by the application. This token is used to verify that the authenticated user is the one actually making the requests to the application.</p>\n                </div>\n            </div>\n        </div>\n    </div>\n</section>\n',1,NULL,NULL,'Cookies are small text files that websites place and store on the computers and mobile devices of their users. These files are generally used to improve the user experience, but may contain personal information about the user or their behavior on the website.','published','2023-11-30 00:32:53','2023-11-30 00:32:53'),(18,'Terms of service','<section class=\"section mt-50\">\n    <div class=\"container\">\n        <div class=\"content-detail\">\n            <h3 class=\"color-brand-2\">EU Cookie Consent</h3>\n            <p class=\"font-md color-grey-900\">To use this website we are using Cookies and collecting some Data. To be compliant with the EU GDPR we give you to choose if you allow us to use certain Cookies and to collect some Data. .</p>\n            <p>There are two primary modes of sea freight transportation: Full Container Load (FCL) and Less than Container Load (LCL). FCL is used when the shipment is large enough to fill an entire container. On the other hand, LCL is used when the shipment does not require a full container. In this case, the goods are combined with other shipments to fill a container. Both modes have their advantages and disadvantages.</p>\n            <p>There are two primary modes of sea freight transportation: Full Container Load (FCL) and Less than Container Load (LCL). FCL is used when the shipment is large enough to fill an entire container. On the other hand, LCL is used when the shipment does not require a full container. In this case, the goods are combined with other shipments to fill a container. Both modes have their advantages and disadvantages.</p>\n            <h3>Essential Data</h3>\n            <div class=\"row align-items-center\">\n                <div class=\"col-lg-12\">\n                    <p>The Essential Data is needed to run the Site you are visiting technically. You can not deactivate them.</p>\n                    <p>Session Cookie: PHP uses a Cookie to identify user sessions. Without this Cookie the Website is not working.</p>\n                    <p>XSRF-Token Cookie: Laravel automatically generates a CSRF \"token\" for each active user session managed by the application. This token is used to verify that the authenticated user is the one actually making the requests to the application.</p>\n                </div>\n            </div>\n        </div>\n    </div>\n</section>\n',1,NULL,NULL,'A well-written terms of service agreement can set the rules and guidelines for your users, prohibit or restrict certain behaviors and activities, limit your liabilities, and establish your property rights.','published','2023-11-30 00:32:53','2023-11-30 00:32:53');
/*!40000 ALTER TABLE `pages` ENABLE KEYS */;
UNLOCK TABLES;

--
-- Table structure for table `pages_translations`
--

DROP TABLE IF EXISTS `pages_translations`;
/*!40101 SET @saved_cs_client     = @@character_set_client */;
/*!50503 SET character_set_client = utf8mb4 */;
CREATE TABLE `pages_translations` (
  `lang_code` varchar(20) COLLATE utf8mb4_unicode_ci NOT NULL,
  `pages_id` bigint unsigned NOT NULL,
  `name` varchar(255) COLLATE utf8mb4_unicode_ci DEFAULT NULL,
  `description` varchar(400) COLLATE utf8mb4_unicode_ci DEFAULT NULL,
  `content` longtext COLLATE utf8mb4_unicode_ci,
  PRIMARY KEY (`lang_code`,`pages_id`)
) ENGINE=InnoDB DEFAULT CHARSET=utf8mb4 COLLATE=utf8mb4_unicode_ci;
/*!40101 SET character_set_client = @saved_cs_client */;

--
-- Dumping data for table `pages_translations`
--

LOCK TABLES `pages_translations` WRITE;
/*!40000 ALTER TABLE `pages_translations` DISABLE KEYS */;
/*!40000 ALTER TABLE `pages_translations` ENABLE KEYS */;
UNLOCK TABLES;

--
-- Table structure for table `password_reset_tokens`
--

DROP TABLE IF EXISTS `password_reset_tokens`;
/*!40101 SET @saved_cs_client     = @@character_set_client */;
/*!50503 SET character_set_client = utf8mb4 */;
CREATE TABLE `password_reset_tokens` (
  `email` varchar(191) COLLATE utf8mb4_unicode_ci NOT NULL,
  `token` varchar(191) COLLATE utf8mb4_unicode_ci NOT NULL,
  `created_at` timestamp NULL DEFAULT NULL,
  PRIMARY KEY (`email`)
) ENGINE=InnoDB DEFAULT CHARSET=utf8mb4 COLLATE=utf8mb4_unicode_ci;
/*!40101 SET character_set_client = @saved_cs_client */;

--
-- Dumping data for table `password_reset_tokens`
--

LOCK TABLES `password_reset_tokens` WRITE;
/*!40000 ALTER TABLE `password_reset_tokens` DISABLE KEYS */;
/*!40000 ALTER TABLE `password_reset_tokens` ENABLE KEYS */;
UNLOCK TABLES;

--
-- Table structure for table `personal_access_tokens`
--

DROP TABLE IF EXISTS `personal_access_tokens`;
/*!40101 SET @saved_cs_client     = @@character_set_client */;
/*!50503 SET character_set_client = utf8mb4 */;
CREATE TABLE `personal_access_tokens` (
  `id` bigint unsigned NOT NULL AUTO_INCREMENT,
  `tokenable_type` varchar(191) COLLATE utf8mb4_unicode_ci NOT NULL,
  `tokenable_id` bigint unsigned NOT NULL,
  `name` varchar(191) COLLATE utf8mb4_unicode_ci NOT NULL,
  `token` varchar(64) COLLATE utf8mb4_unicode_ci NOT NULL,
  `abilities` text COLLATE utf8mb4_unicode_ci,
  `last_used_at` timestamp NULL DEFAULT NULL,
  `expires_at` timestamp NULL DEFAULT NULL,
  `created_at` timestamp NULL DEFAULT NULL,
  `updated_at` timestamp NULL DEFAULT NULL,
  PRIMARY KEY (`id`),
  UNIQUE KEY `personal_access_tokens_token_unique` (`token`),
  KEY `personal_access_tokens_tokenable_type_tokenable_id_index` (`tokenable_type`,`tokenable_id`)
) ENGINE=InnoDB DEFAULT CHARSET=utf8mb4 COLLATE=utf8mb4_unicode_ci;
/*!40101 SET character_set_client = @saved_cs_client */;

--
-- Dumping data for table `personal_access_tokens`
--

LOCK TABLES `personal_access_tokens` WRITE;
/*!40000 ALTER TABLE `personal_access_tokens` DISABLE KEYS */;
/*!40000 ALTER TABLE `personal_access_tokens` ENABLE KEYS */;
UNLOCK TABLES;

--
-- Table structure for table `post_categories`
--

DROP TABLE IF EXISTS `post_categories`;
/*!40101 SET @saved_cs_client     = @@character_set_client */;
/*!50503 SET character_set_client = utf8mb4 */;
CREATE TABLE `post_categories` (
  `category_id` bigint unsigned NOT NULL,
  `post_id` bigint unsigned NOT NULL,
  KEY `post_categories_category_id_index` (`category_id`),
  KEY `post_categories_post_id_index` (`post_id`)
) ENGINE=InnoDB DEFAULT CHARSET=utf8mb4 COLLATE=utf8mb4_unicode_ci;
/*!40101 SET character_set_client = @saved_cs_client */;

--
-- Dumping data for table `post_categories`
--

LOCK TABLES `post_categories` WRITE;
/*!40000 ALTER TABLE `post_categories` DISABLE KEYS */;
INSERT INTO `post_categories` VALUES (3,1),(7,1),(1,2),(6,2),(4,3),(5,3),(4,4),(6,4),(1,5),(6,5),(3,6),(5,6),(1,7),(5,7),(3,8),(7,8),(1,9),(5,9),(3,10),(5,10),(4,11),(6,11),(4,12),(5,12),(4,13),(5,13);
/*!40000 ALTER TABLE `post_categories` ENABLE KEYS */;
UNLOCK TABLES;

--
-- Table structure for table `post_tags`
--

DROP TABLE IF EXISTS `post_tags`;
/*!40101 SET @saved_cs_client     = @@character_set_client */;
/*!50503 SET character_set_client = utf8mb4 */;
CREATE TABLE `post_tags` (
  `tag_id` bigint unsigned NOT NULL,
  `post_id` bigint unsigned NOT NULL,
  KEY `post_tags_tag_id_index` (`tag_id`),
  KEY `post_tags_post_id_index` (`post_id`)
) ENGINE=InnoDB DEFAULT CHARSET=utf8mb4 COLLATE=utf8mb4_unicode_ci;
/*!40101 SET character_set_client = @saved_cs_client */;

--
-- Dumping data for table `post_tags`
--

LOCK TABLES `post_tags` WRITE;
/*!40000 ALTER TABLE `post_tags` DISABLE KEYS */;
INSERT INTO `post_tags` VALUES (1,1),(2,1),(3,1),(4,1),(5,1),(1,2),(2,2),(3,2),(4,2),(5,2),(1,3),(2,3),(3,3),(4,3),(5,3),(1,4),(2,4),(3,4),(4,4),(5,4),(1,5),(2,5),(3,5),(4,5),(5,5),(1,6),(2,6),(3,6),(4,6),(5,6),(1,7),(2,7),(3,7),(4,7),(5,7),(1,8),(2,8),(3,8),(4,8),(5,8),(1,9),(2,9),(3,9),(4,9),(5,9),(1,10),(2,10),(3,10),(4,10),(5,10),(1,11),(2,11),(3,11),(4,11),(5,11),(1,12),(2,12),(3,12),(4,12),(5,12),(1,13),(2,13),(3,13),(4,13),(5,13);
/*!40000 ALTER TABLE `post_tags` ENABLE KEYS */;
UNLOCK TABLES;

--
-- Table structure for table `posts`
--

DROP TABLE IF EXISTS `posts`;
/*!40101 SET @saved_cs_client     = @@character_set_client */;
/*!50503 SET character_set_client = utf8mb4 */;
CREATE TABLE `posts` (
  `id` bigint unsigned NOT NULL AUTO_INCREMENT,
  `name` varchar(255) COLLATE utf8mb4_unicode_ci NOT NULL,
  `description` varchar(400) COLLATE utf8mb4_unicode_ci DEFAULT NULL,
  `content` longtext COLLATE utf8mb4_unicode_ci,
  `status` varchar(60) COLLATE utf8mb4_unicode_ci NOT NULL DEFAULT 'published',
  `author_id` bigint unsigned DEFAULT NULL,
  `author_type` varchar(255) COLLATE utf8mb4_unicode_ci NOT NULL DEFAULT 'Botble\\ACL\\Models\\User',
  `is_featured` tinyint unsigned NOT NULL DEFAULT '0',
  `image` varchar(255) COLLATE utf8mb4_unicode_ci DEFAULT NULL,
  `views` int unsigned NOT NULL DEFAULT '0',
  `format_type` varchar(30) COLLATE utf8mb4_unicode_ci DEFAULT NULL,
  `created_at` timestamp NULL DEFAULT NULL,
  `updated_at` timestamp NULL DEFAULT NULL,
  PRIMARY KEY (`id`),
  KEY `posts_status_index` (`status`),
  KEY `posts_author_id_index` (`author_id`),
  KEY `posts_author_type_index` (`author_type`),
  KEY `posts_created_at_index` (`created_at`)
) ENGINE=InnoDB AUTO_INCREMENT=14 DEFAULT CHARSET=utf8mb4 COLLATE=utf8mb4_unicode_ci;
/*!40101 SET character_set_client = @saved_cs_client */;

--
-- Dumping data for table `posts`
--

LOCK TABLES `posts` WRITE;
/*!40000 ALTER TABLE `posts` DISABLE KEYS */;
INSERT INTO `posts` VALUES (1,'China and Asia how to find reliable logistics company','Transportation services are a cornerstone of logistics, involving the movement of goods by road, air, sea, or rail. Freight forwarders and carriers ensure timely and reliable deliveries, coordinating intricate routes and handling various shipment typ...','<section class=\"section\">\n    <div class=\"container\">\n        <div class=\"content-detail\">\n            <h3 class=\"color-brand-2\">Modes of Sea Freight Transportation</h3>\n            <p class=\"font-md color-grey-900\">There are two primary modes of sea freight transportation: Full Container Load (FCL) and Less than Container Load (LCL). FCL is used when the shipment is large enough to fill an entire container. On the other hand, LCL is used when the shipment does not require a full container. In this case, the goods are combined with other shipments to fill a container. Both modes have their advantages and disadvantages.</p>\n            <p> <img src=\"http://transp.test/storage/news/news1.png\" alt=\"transp\"></p>\n            <p>There are two primary modes of sea freight transportation: Full Container Load (FCL) and Less than Container Load (LCL). FCL is used when the shipment is large enough to fill an entire container. On the other hand, LCL is used when the shipment does not require a full container. In this case, the goods are combined with other shipments to fill a container. Both modes have their advantages and disadvantages.</p>\n            <p>There are two primary modes of sea freight transportation: Full Container Load (FCL) and Less than Container Load (LCL). FCL is used when the shipment is large enough to fill an entire container. On the other hand, LCL is used when the shipment does not require a full container. In this case, the goods are combined with other shipments to fill a container. Both modes have their advantages and disadvantages.</p>\n            <h3>Benefits of Sea Freight Forwarding</h3>\n            <div class=\"row align-items-center\">\n                <div class=\"col-lg-7\">\n                    <p>Sea freight forwarding offers several benefits to businesses that use it to transport their goods. Some of the benefits include: </p>\n                    <p>Cost-Effectiveness: Sea freight forwarding is one of the most cost-effective modes of transportation, especially for businesses that require the transportation of large quantities of goods. This is because cargo ships can transport large volumes of goods at a lower cost compared to other modes of transportation.</p>\n                    <p>Sea freight forwarding is a reliable mode of transportation since it is not affected by traffic or weather conditions. Additionally, cargo ships are designed to withstand harsh weather conditions, which reduces the risk of damage or loss of goods.</p>\n                </div>\n                <div class=\"col-lg-5\"><img src=\"http://transp.test/storage/news/news2.png\" alt=\"transp\"></div>\n            </div>\n        </div>\n    </div>\n</section>\n','published',1,'Botble\\ACL\\Models\\User',1,'news/news3.png',2256,NULL,'2023-11-30 00:32:54','2023-11-30 00:32:54'),(2,'How to find reliable logistics company Asia','Value-added services are a significant aspect of modern logistic offerings. These services include product labeling, kitting, assembly, and customization, adding value to products before they reach the end consumers. By offering value-added services,...','<section class=\"section\">\n    <div class=\"container\">\n        <div class=\"content-detail\">\n            <h3 class=\"color-brand-2\">Modes of Sea Freight Transportation</h3>\n            <p class=\"font-md color-grey-900\">There are two primary modes of sea freight transportation: Full Container Load (FCL) and Less than Container Load (LCL). FCL is used when the shipment is large enough to fill an entire container. On the other hand, LCL is used when the shipment does not require a full container. In this case, the goods are combined with other shipments to fill a container. Both modes have their advantages and disadvantages.</p>\n            <p> <img src=\"http://transp.test/storage/news/news1.png\" alt=\"transp\"></p>\n            <p>There are two primary modes of sea freight transportation: Full Container Load (FCL) and Less than Container Load (LCL). FCL is used when the shipment is large enough to fill an entire container. On the other hand, LCL is used when the shipment does not require a full container. In this case, the goods are combined with other shipments to fill a container. Both modes have their advantages and disadvantages.</p>\n            <p>There are two primary modes of sea freight transportation: Full Container Load (FCL) and Less than Container Load (LCL). FCL is used when the shipment is large enough to fill an entire container. On the other hand, LCL is used when the shipment does not require a full container. In this case, the goods are combined with other shipments to fill a container. Both modes have their advantages and disadvantages.</p>\n            <h3>Benefits of Sea Freight Forwarding</h3>\n            <div class=\"row align-items-center\">\n                <div class=\"col-lg-7\">\n                    <p>Sea freight forwarding offers several benefits to businesses that use it to transport their goods. Some of the benefits include: </p>\n                    <p>Cost-Effectiveness: Sea freight forwarding is one of the most cost-effective modes of transportation, especially for businesses that require the transportation of large quantities of goods. This is because cargo ships can transport large volumes of goods at a lower cost compared to other modes of transportation.</p>\n                    <p>Sea freight forwarding is a reliable mode of transportation since it is not affected by traffic or weather conditions. Additionally, cargo ships are designed to withstand harsh weather conditions, which reduces the risk of damage or loss of goods.</p>\n                </div>\n                <div class=\"col-lg-5\"><img src=\"http://transp.test/storage/news/news2.png\" alt=\"transp\"></div>\n            </div>\n        </div>\n    </div>\n</section>\n','published',1,'Botble\\ACL\\Models\\User',1,'news/news1.png',607,NULL,'2023-11-30 00:32:54','2023-11-30 00:32:54'),(3,'Smooth Sailing: Tips for Shipping Internationally','Transportation services are a cornerstone of logistics, involving the movement of goods by road, air, sea, or rail. Freight forwarders and carriers ensure timely and reliable deliveries, coordinating intricate routes and handling various shipment typ...','<section class=\"section\">\n    <div class=\"container\">\n        <div class=\"content-detail\">\n            <h3 class=\"color-brand-2\">Modes of Sea Freight Transportation</h3>\n            <p class=\"font-md color-grey-900\">There are two primary modes of sea freight transportation: Full Container Load (FCL) and Less than Container Load (LCL). FCL is used when the shipment is large enough to fill an entire container. On the other hand, LCL is used when the shipment does not require a full container. In this case, the goods are combined with other shipments to fill a container. Both modes have their advantages and disadvantages.</p>\n            <p> <img src=\"http://transp.test/storage/news/news1.png\" alt=\"transp\"></p>\n            <p>There are two primary modes of sea freight transportation: Full Container Load (FCL) and Less than Container Load (LCL). FCL is used when the shipment is large enough to fill an entire container. On the other hand, LCL is used when the shipment does not require a full container. In this case, the goods are combined with other shipments to fill a container. Both modes have their advantages and disadvantages.</p>\n            <p>There are two primary modes of sea freight transportation: Full Container Load (FCL) and Less than Container Load (LCL). FCL is used when the shipment is large enough to fill an entire container. On the other hand, LCL is used when the shipment does not require a full container. In this case, the goods are combined with other shipments to fill a container. Both modes have their advantages and disadvantages.</p>\n            <h3>Benefits of Sea Freight Forwarding</h3>\n            <div class=\"row align-items-center\">\n                <div class=\"col-lg-7\">\n                    <p>Sea freight forwarding offers several benefits to businesses that use it to transport their goods. Some of the benefits include: </p>\n                    <p>Cost-Effectiveness: Sea freight forwarding is one of the most cost-effective modes of transportation, especially for businesses that require the transportation of large quantities of goods. This is because cargo ships can transport large volumes of goods at a lower cost compared to other modes of transportation.</p>\n                    <p>Sea freight forwarding is a reliable mode of transportation since it is not affected by traffic or weather conditions. Additionally, cargo ships are designed to withstand harsh weather conditions, which reduces the risk of damage or loss of goods.</p>\n                </div>\n                <div class=\"col-lg-5\"><img src=\"http://transp.test/storage/news/news2.png\" alt=\"transp\"></div>\n            </div>\n        </div>\n    </div>\n</section>\n','published',1,'Botble\\ACL\\Models\\User',1,'news/news3.png',206,NULL,'2023-11-30 00:32:54','2023-11-30 00:32:54'),(4,'Optimizing Supply Chain: A Guide to Logistics','Value-added services are a significant aspect of modern logistic offerings. These services include product labeling, kitting, assembly, and customization, adding value to products before they reach the end consumers. By offering value-added services,...','<section class=\"section\">\n    <div class=\"container\">\n        <div class=\"content-detail\">\n            <h3 class=\"color-brand-2\">Modes of Sea Freight Transportation</h3>\n            <p class=\"font-md color-grey-900\">There are two primary modes of sea freight transportation: Full Container Load (FCL) and Less than Container Load (LCL). FCL is used when the shipment is large enough to fill an entire container. On the other hand, LCL is used when the shipment does not require a full container. In this case, the goods are combined with other shipments to fill a container. Both modes have their advantages and disadvantages.</p>\n            <p> <img src=\"http://transp.test/storage/news/news1.png\" alt=\"transp\"></p>\n            <p>There are two primary modes of sea freight transportation: Full Container Load (FCL) and Less than Container Load (LCL). FCL is used when the shipment is large enough to fill an entire container. On the other hand, LCL is used when the shipment does not require a full container. In this case, the goods are combined with other shipments to fill a container. Both modes have their advantages and disadvantages.</p>\n            <p>There are two primary modes of sea freight transportation: Full Container Load (FCL) and Less than Container Load (LCL). FCL is used when the shipment is large enough to fill an entire container. On the other hand, LCL is used when the shipment does not require a full container. In this case, the goods are combined with other shipments to fill a container. Both modes have their advantages and disadvantages.</p>\n            <h3>Benefits of Sea Freight Forwarding</h3>\n            <div class=\"row align-items-center\">\n                <div class=\"col-lg-7\">\n                    <p>Sea freight forwarding offers several benefits to businesses that use it to transport their goods. Some of the benefits include: </p>\n                    <p>Cost-Effectiveness: Sea freight forwarding is one of the most cost-effective modes of transportation, especially for businesses that require the transportation of large quantities of goods. This is because cargo ships can transport large volumes of goods at a lower cost compared to other modes of transportation.</p>\n                    <p>Sea freight forwarding is a reliable mode of transportation since it is not affected by traffic or weather conditions. Additionally, cargo ships are designed to withstand harsh weather conditions, which reduces the risk of damage or loss of goods.</p>\n                </div>\n                <div class=\"col-lg-5\"><img src=\"http://transp.test/storage/news/news2.png\" alt=\"transp\"></div>\n            </div>\n        </div>\n    </div>\n</section>\n','published',1,'Botble\\ACL\\Models\\User',1,'news/news1.png',1744,NULL,'2023-11-30 00:32:54','2023-11-30 00:32:54'),(5,'The Future of Logistics: Embracing Technology','Warehousing services are integral to the storage and management of inventory. Logistic providers operate warehouses strategically positioned to reduce transit times and optimize supply chain flow. They employ modern warehouse management systems (WMS)...','<section class=\"section\">\n    <div class=\"container\">\n        <div class=\"content-detail\">\n            <h3 class=\"color-brand-2\">Modes of Sea Freight Transportation</h3>\n            <p class=\"font-md color-grey-900\">There are two primary modes of sea freight transportation: Full Container Load (FCL) and Less than Container Load (LCL). FCL is used when the shipment is large enough to fill an entire container. On the other hand, LCL is used when the shipment does not require a full container. In this case, the goods are combined with other shipments to fill a container. Both modes have their advantages and disadvantages.</p>\n            <p> <img src=\"http://transp.test/storage/news/news1.png\" alt=\"transp\"></p>\n            <p>There are two primary modes of sea freight transportation: Full Container Load (FCL) and Less than Container Load (LCL). FCL is used when the shipment is large enough to fill an entire container. On the other hand, LCL is used when the shipment does not require a full container. In this case, the goods are combined with other shipments to fill a container. Both modes have their advantages and disadvantages.</p>\n            <p>There are two primary modes of sea freight transportation: Full Container Load (FCL) and Less than Container Load (LCL). FCL is used when the shipment is large enough to fill an entire container. On the other hand, LCL is used when the shipment does not require a full container. In this case, the goods are combined with other shipments to fill a container. Both modes have their advantages and disadvantages.</p>\n            <h3>Benefits of Sea Freight Forwarding</h3>\n            <div class=\"row align-items-center\">\n                <div class=\"col-lg-7\">\n                    <p>Sea freight forwarding offers several benefits to businesses that use it to transport their goods. Some of the benefits include: </p>\n                    <p>Cost-Effectiveness: Sea freight forwarding is one of the most cost-effective modes of transportation, especially for businesses that require the transportation of large quantities of goods. This is because cargo ships can transport large volumes of goods at a lower cost compared to other modes of transportation.</p>\n                    <p>Sea freight forwarding is a reliable mode of transportation since it is not affected by traffic or weather conditions. Additionally, cargo ships are designed to withstand harsh weather conditions, which reduces the risk of damage or loss of goods.</p>\n                </div>\n                <div class=\"col-lg-5\"><img src=\"http://transp.test/storage/news/news2.png\" alt=\"transp\"></div>\n            </div>\n        </div>\n    </div>\n</section>\n','published',1,'Botble\\ACL\\Models\\User',1,'news/news6.png',2171,NULL,'2023-11-30 00:32:54','2023-11-30 00:32:54'),(6,'Green Logistics: Solutions for a Greener Future','Inventory management services focus on ensuring that the right products are available in the right quantities at the right time. Logistic providers employ advanced forecasting techniques and data analytics to anticipate demand patterns and avoid stoc...','<section class=\"section\">\n    <div class=\"container\">\n        <div class=\"content-detail\">\n            <h3 class=\"color-brand-2\">Modes of Sea Freight Transportation</h3>\n            <p class=\"font-md color-grey-900\">There are two primary modes of sea freight transportation: Full Container Load (FCL) and Less than Container Load (LCL). FCL is used when the shipment is large enough to fill an entire container. On the other hand, LCL is used when the shipment does not require a full container. In this case, the goods are combined with other shipments to fill a container. Both modes have their advantages and disadvantages.</p>\n            <p> <img src=\"http://transp.test/storage/news/news1.png\" alt=\"transp\"></p>\n            <p>There are two primary modes of sea freight transportation: Full Container Load (FCL) and Less than Container Load (LCL). FCL is used when the shipment is large enough to fill an entire container. On the other hand, LCL is used when the shipment does not require a full container. In this case, the goods are combined with other shipments to fill a container. Both modes have their advantages and disadvantages.</p>\n            <p>There are two primary modes of sea freight transportation: Full Container Load (FCL) and Less than Container Load (LCL). FCL is used when the shipment is large enough to fill an entire container. On the other hand, LCL is used when the shipment does not require a full container. In this case, the goods are combined with other shipments to fill a container. Both modes have their advantages and disadvantages.</p>\n            <h3>Benefits of Sea Freight Forwarding</h3>\n            <div class=\"row align-items-center\">\n                <div class=\"col-lg-7\">\n                    <p>Sea freight forwarding offers several benefits to businesses that use it to transport their goods. Some of the benefits include: </p>\n                    <p>Cost-Effectiveness: Sea freight forwarding is one of the most cost-effective modes of transportation, especially for businesses that require the transportation of large quantities of goods. This is because cargo ships can transport large volumes of goods at a lower cost compared to other modes of transportation.</p>\n                    <p>Sea freight forwarding is a reliable mode of transportation since it is not affected by traffic or weather conditions. Additionally, cargo ships are designed to withstand harsh weather conditions, which reduces the risk of damage or loss of goods.</p>\n                </div>\n                <div class=\"col-lg-5\"><img src=\"http://transp.test/storage/news/news2.png\" alt=\"transp\"></div>\n            </div>\n        </div>\n    </div>\n</section>\n','published',1,'Botble\\ACL\\Models\\User',1,'news/news6.png',1504,NULL,'2023-11-30 00:32:54','2023-11-30 00:32:54'),(7,'Last-Mile Delivery Revolution in Urban Logistics','Value-added services are a significant aspect of modern logistic offerings. These services include product labeling, kitting, assembly, and customization, adding value to products before they reach the end consumers. By offering value-added services,...','<section class=\"section\">\n    <div class=\"container\">\n        <div class=\"content-detail\">\n            <h3 class=\"color-brand-2\">Modes of Sea Freight Transportation</h3>\n            <p class=\"font-md color-grey-900\">There are two primary modes of sea freight transportation: Full Container Load (FCL) and Less than Container Load (LCL). FCL is used when the shipment is large enough to fill an entire container. On the other hand, LCL is used when the shipment does not require a full container. In this case, the goods are combined with other shipments to fill a container. Both modes have their advantages and disadvantages.</p>\n            <p> <img src=\"http://transp.test/storage/news/news1.png\" alt=\"transp\"></p>\n            <p>There are two primary modes of sea freight transportation: Full Container Load (FCL) and Less than Container Load (LCL). FCL is used when the shipment is large enough to fill an entire container. On the other hand, LCL is used when the shipment does not require a full container. In this case, the goods are combined with other shipments to fill a container. Both modes have their advantages and disadvantages.</p>\n            <p>There are two primary modes of sea freight transportation: Full Container Load (FCL) and Less than Container Load (LCL). FCL is used when the shipment is large enough to fill an entire container. On the other hand, LCL is used when the shipment does not require a full container. In this case, the goods are combined with other shipments to fill a container. Both modes have their advantages and disadvantages.</p>\n            <h3>Benefits of Sea Freight Forwarding</h3>\n            <div class=\"row align-items-center\">\n                <div class=\"col-lg-7\">\n                    <p>Sea freight forwarding offers several benefits to businesses that use it to transport their goods. Some of the benefits include: </p>\n                    <p>Cost-Effectiveness: Sea freight forwarding is one of the most cost-effective modes of transportation, especially for businesses that require the transportation of large quantities of goods. This is because cargo ships can transport large volumes of goods at a lower cost compared to other modes of transportation.</p>\n                    <p>Sea freight forwarding is a reliable mode of transportation since it is not affected by traffic or weather conditions. Additionally, cargo ships are designed to withstand harsh weather conditions, which reduces the risk of damage or loss of goods.</p>\n                </div>\n                <div class=\"col-lg-5\"><img src=\"http://transp.test/storage/news/news2.png\" alt=\"transp\"></div>\n            </div>\n        </div>\n    </div>\n</section>\n','published',1,'Botble\\ACL\\Models\\User',0,'news/news4.png',2284,NULL,'2023-11-30 00:32:54','2023-11-30 00:32:54'),(8,'Navigating Global Trade Challenges for Logistics','Reverse logistics services deal with the efficient handling of product returns and managing the flow of goods back into the supply chain. Logistic providers develop streamlined processes for product inspection, refurbishment, recycling, or disposal,...','<section class=\"section\">\n    <div class=\"container\">\n        <div class=\"content-detail\">\n            <h3 class=\"color-brand-2\">Modes of Sea Freight Transportation</h3>\n            <p class=\"font-md color-grey-900\">There are two primary modes of sea freight transportation: Full Container Load (FCL) and Less than Container Load (LCL). FCL is used when the shipment is large enough to fill an entire container. On the other hand, LCL is used when the shipment does not require a full container. In this case, the goods are combined with other shipments to fill a container. Both modes have their advantages and disadvantages.</p>\n            <p> <img src=\"http://transp.test/storage/news/news1.png\" alt=\"transp\"></p>\n            <p>There are two primary modes of sea freight transportation: Full Container Load (FCL) and Less than Container Load (LCL). FCL is used when the shipment is large enough to fill an entire container. On the other hand, LCL is used when the shipment does not require a full container. In this case, the goods are combined with other shipments to fill a container. Both modes have their advantages and disadvantages.</p>\n            <p>There are two primary modes of sea freight transportation: Full Container Load (FCL) and Less than Container Load (LCL). FCL is used when the shipment is large enough to fill an entire container. On the other hand, LCL is used when the shipment does not require a full container. In this case, the goods are combined with other shipments to fill a container. Both modes have their advantages and disadvantages.</p>\n            <h3>Benefits of Sea Freight Forwarding</h3>\n            <div class=\"row align-items-center\">\n                <div class=\"col-lg-7\">\n                    <p>Sea freight forwarding offers several benefits to businesses that use it to transport their goods. Some of the benefits include: </p>\n                    <p>Cost-Effectiveness: Sea freight forwarding is one of the most cost-effective modes of transportation, especially for businesses that require the transportation of large quantities of goods. This is because cargo ships can transport large volumes of goods at a lower cost compared to other modes of transportation.</p>\n                    <p>Sea freight forwarding is a reliable mode of transportation since it is not affected by traffic or weather conditions. Additionally, cargo ships are designed to withstand harsh weather conditions, which reduces the risk of damage or loss of goods.</p>\n                </div>\n                <div class=\"col-lg-5\"><img src=\"http://transp.test/storage/news/news2.png\" alt=\"transp\"></div>\n            </div>\n        </div>\n    </div>\n</section>\n','published',1,'Botble\\ACL\\Models\\User',0,'news/news2.png',2223,NULL,'2023-11-30 00:32:54','2023-11-30 00:32:54'),(9,'Warehouse Management 101: Maximizing Productivity ','Warehousing services are integral to the storage and management of inventory. Logistic providers operate warehouses strategically positioned to reduce transit times and optimize supply chain flow. They employ modern warehouse management systems (WMS)...','<section class=\"section\">\n    <div class=\"container\">\n        <div class=\"content-detail\">\n            <h3 class=\"color-brand-2\">Modes of Sea Freight Transportation</h3>\n            <p class=\"font-md color-grey-900\">There are two primary modes of sea freight transportation: Full Container Load (FCL) and Less than Container Load (LCL). FCL is used when the shipment is large enough to fill an entire container. On the other hand, LCL is used when the shipment does not require a full container. In this case, the goods are combined with other shipments to fill a container. Both modes have their advantages and disadvantages.</p>\n            <p> <img src=\"http://transp.test/storage/news/news1.png\" alt=\"transp\"></p>\n            <p>There are two primary modes of sea freight transportation: Full Container Load (FCL) and Less than Container Load (LCL). FCL is used when the shipment is large enough to fill an entire container. On the other hand, LCL is used when the shipment does not require a full container. In this case, the goods are combined with other shipments to fill a container. Both modes have their advantages and disadvantages.</p>\n            <p>There are two primary modes of sea freight transportation: Full Container Load (FCL) and Less than Container Load (LCL). FCL is used when the shipment is large enough to fill an entire container. On the other hand, LCL is used when the shipment does not require a full container. In this case, the goods are combined with other shipments to fill a container. Both modes have their advantages and disadvantages.</p>\n            <h3>Benefits of Sea Freight Forwarding</h3>\n            <div class=\"row align-items-center\">\n                <div class=\"col-lg-7\">\n                    <p>Sea freight forwarding offers several benefits to businesses that use it to transport their goods. Some of the benefits include: </p>\n                    <p>Cost-Effectiveness: Sea freight forwarding is one of the most cost-effective modes of transportation, especially for businesses that require the transportation of large quantities of goods. This is because cargo ships can transport large volumes of goods at a lower cost compared to other modes of transportation.</p>\n                    <p>Sea freight forwarding is a reliable mode of transportation since it is not affected by traffic or weather conditions. Additionally, cargo ships are designed to withstand harsh weather conditions, which reduces the risk of damage or loss of goods.</p>\n                </div>\n                <div class=\"col-lg-5\"><img src=\"http://transp.test/storage/news/news2.png\" alt=\"transp\"></div>\n            </div>\n        </div>\n    </div>\n</section>\n','published',1,'Botble\\ACL\\Models\\User',0,'news/news4.png',1524,NULL,'2023-11-30 00:32:54','2023-11-30 00:32:54'),(10,'Logistics: Customer Expectations in World','Transportation services are a cornerstone of logistics, involving the movement of goods by road, air, sea, or rail. Freight forwarders and carriers ensure timely and reliable deliveries, coordinating intricate routes and handling various shipment typ...','<section class=\"section\">\n    <div class=\"container\">\n        <div class=\"content-detail\">\n            <h3 class=\"color-brand-2\">Modes of Sea Freight Transportation</h3>\n            <p class=\"font-md color-grey-900\">There are two primary modes of sea freight transportation: Full Container Load (FCL) and Less than Container Load (LCL). FCL is used when the shipment is large enough to fill an entire container. On the other hand, LCL is used when the shipment does not require a full container. In this case, the goods are combined with other shipments to fill a container. Both modes have their advantages and disadvantages.</p>\n            <p> <img src=\"http://transp.test/storage/news/news1.png\" alt=\"transp\"></p>\n            <p>There are two primary modes of sea freight transportation: Full Container Load (FCL) and Less than Container Load (LCL). FCL is used when the shipment is large enough to fill an entire container. On the other hand, LCL is used when the shipment does not require a full container. In this case, the goods are combined with other shipments to fill a container. Both modes have their advantages and disadvantages.</p>\n            <p>There are two primary modes of sea freight transportation: Full Container Load (FCL) and Less than Container Load (LCL). FCL is used when the shipment is large enough to fill an entire container. On the other hand, LCL is used when the shipment does not require a full container. In this case, the goods are combined with other shipments to fill a container. Both modes have their advantages and disadvantages.</p>\n            <h3>Benefits of Sea Freight Forwarding</h3>\n            <div class=\"row align-items-center\">\n                <div class=\"col-lg-7\">\n                    <p>Sea freight forwarding offers several benefits to businesses that use it to transport their goods. Some of the benefits include: </p>\n                    <p>Cost-Effectiveness: Sea freight forwarding is one of the most cost-effective modes of transportation, especially for businesses that require the transportation of large quantities of goods. This is because cargo ships can transport large volumes of goods at a lower cost compared to other modes of transportation.</p>\n                    <p>Sea freight forwarding is a reliable mode of transportation since it is not affected by traffic or weather conditions. Additionally, cargo ships are designed to withstand harsh weather conditions, which reduces the risk of damage or loss of goods.</p>\n                </div>\n                <div class=\"col-lg-5\"><img src=\"http://transp.test/storage/news/news2.png\" alt=\"transp\"></div>\n            </div>\n        </div>\n    </div>\n</section>\n','published',1,'Botble\\ACL\\Models\\User',0,'news/news3.png',222,NULL,'2023-11-30 00:32:54','2023-11-30 00:32:54'),(11,'The Role of AI in Transforming Logistics','Inventory management services focus on ensuring that the right products are available in the right quantities at the right time. Logistic providers employ advanced forecasting techniques and data analytics to anticipate demand patterns and avoid stoc...','<section class=\"section\">\n    <div class=\"container\">\n        <div class=\"content-detail\">\n            <h3 class=\"color-brand-2\">Modes of Sea Freight Transportation</h3>\n            <p class=\"font-md color-grey-900\">There are two primary modes of sea freight transportation: Full Container Load (FCL) and Less than Container Load (LCL). FCL is used when the shipment is large enough to fill an entire container. On the other hand, LCL is used when the shipment does not require a full container. In this case, the goods are combined with other shipments to fill a container. Both modes have their advantages and disadvantages.</p>\n            <p> <img src=\"http://transp.test/storage/news/news1.png\" alt=\"transp\"></p>\n            <p>There are two primary modes of sea freight transportation: Full Container Load (FCL) and Less than Container Load (LCL). FCL is used when the shipment is large enough to fill an entire container. On the other hand, LCL is used when the shipment does not require a full container. In this case, the goods are combined with other shipments to fill a container. Both modes have their advantages and disadvantages.</p>\n            <p>There are two primary modes of sea freight transportation: Full Container Load (FCL) and Less than Container Load (LCL). FCL is used when the shipment is large enough to fill an entire container. On the other hand, LCL is used when the shipment does not require a full container. In this case, the goods are combined with other shipments to fill a container. Both modes have their advantages and disadvantages.</p>\n            <h3>Benefits of Sea Freight Forwarding</h3>\n            <div class=\"row align-items-center\">\n                <div class=\"col-lg-7\">\n                    <p>Sea freight forwarding offers several benefits to businesses that use it to transport their goods. Some of the benefits include: </p>\n                    <p>Cost-Effectiveness: Sea freight forwarding is one of the most cost-effective modes of transportation, especially for businesses that require the transportation of large quantities of goods. This is because cargo ships can transport large volumes of goods at a lower cost compared to other modes of transportation.</p>\n                    <p>Sea freight forwarding is a reliable mode of transportation since it is not affected by traffic or weather conditions. Additionally, cargo ships are designed to withstand harsh weather conditions, which reduces the risk of damage or loss of goods.</p>\n                </div>\n                <div class=\"col-lg-5\"><img src=\"http://transp.test/storage/news/news2.png\" alt=\"transp\"></div>\n            </div>\n        </div>\n    </div>\n</section>\n','published',1,'Botble\\ACL\\Models\\User',0,'news/news5.png',834,NULL,'2023-11-30 00:32:54','2023-11-30 00:32:54'),(12,'Resilient Supply Chains: Adapting to Modern Logistics','Global logistics services play a crucial role in supporting international trade and cross-border operations. Logistic providers navigate complex customs regulations, coordinate with international partners, and ensure smooth transportation and deliver...','<section class=\"section\">\n    <div class=\"container\">\n        <div class=\"content-detail\">\n            <h3 class=\"color-brand-2\">Modes of Sea Freight Transportation</h3>\n            <p class=\"font-md color-grey-900\">There are two primary modes of sea freight transportation: Full Container Load (FCL) and Less than Container Load (LCL). FCL is used when the shipment is large enough to fill an entire container. On the other hand, LCL is used when the shipment does not require a full container. In this case, the goods are combined with other shipments to fill a container. Both modes have their advantages and disadvantages.</p>\n            <p> <img src=\"http://transp.test/storage/news/news1.png\" alt=\"transp\"></p>\n            <p>There are two primary modes of sea freight transportation: Full Container Load (FCL) and Less than Container Load (LCL). FCL is used when the shipment is large enough to fill an entire container. On the other hand, LCL is used when the shipment does not require a full container. In this case, the goods are combined with other shipments to fill a container. Both modes have their advantages and disadvantages.</p>\n            <p>There are two primary modes of sea freight transportation: Full Container Load (FCL) and Less than Container Load (LCL). FCL is used when the shipment is large enough to fill an entire container. On the other hand, LCL is used when the shipment does not require a full container. In this case, the goods are combined with other shipments to fill a container. Both modes have their advantages and disadvantages.</p>\n            <h3>Benefits of Sea Freight Forwarding</h3>\n            <div class=\"row align-items-center\">\n                <div class=\"col-lg-7\">\n                    <p>Sea freight forwarding offers several benefits to businesses that use it to transport their goods. Some of the benefits include: </p>\n                    <p>Cost-Effectiveness: Sea freight forwarding is one of the most cost-effective modes of transportation, especially for businesses that require the transportation of large quantities of goods. This is because cargo ships can transport large volumes of goods at a lower cost compared to other modes of transportation.</p>\n                    <p>Sea freight forwarding is a reliable mode of transportation since it is not affected by traffic or weather conditions. Additionally, cargo ships are designed to withstand harsh weather conditions, which reduces the risk of damage or loss of goods.</p>\n                </div>\n                <div class=\"col-lg-5\"><img src=\"http://transp.test/storage/news/news2.png\" alt=\"transp\"></div>\n            </div>\n        </div>\n    </div>\n</section>\n','published',1,'Botble\\ACL\\Models\\User',0,'news/news1.png',1602,NULL,'2023-11-30 00:32:54','2023-11-30 00:32:54'),(13,'Logistics Trends: Insights and Predictions for Future','Transportation services are a cornerstone of logistics, involving the movement of goods by road, air, sea, or rail. Freight forwarders and carriers ensure timely and reliable deliveries, coordinating intricate routes and handling various shipment typ...','<section class=\"section\">\n    <div class=\"container\">\n        <div class=\"content-detail\">\n            <h3 class=\"color-brand-2\">Modes of Sea Freight Transportation</h3>\n            <p class=\"font-md color-grey-900\">There are two primary modes of sea freight transportation: Full Container Load (FCL) and Less than Container Load (LCL). FCL is used when the shipment is large enough to fill an entire container. On the other hand, LCL is used when the shipment does not require a full container. In this case, the goods are combined with other shipments to fill a container. Both modes have their advantages and disadvantages.</p>\n            <p> <img src=\"http://transp.test/storage/news/news1.png\" alt=\"transp\"></p>\n            <p>There are two primary modes of sea freight transportation: Full Container Load (FCL) and Less than Container Load (LCL). FCL is used when the shipment is large enough to fill an entire container. On the other hand, LCL is used when the shipment does not require a full container. In this case, the goods are combined with other shipments to fill a container. Both modes have their advantages and disadvantages.</p>\n            <p>There are two primary modes of sea freight transportation: Full Container Load (FCL) and Less than Container Load (LCL). FCL is used when the shipment is large enough to fill an entire container. On the other hand, LCL is used when the shipment does not require a full container. In this case, the goods are combined with other shipments to fill a container. Both modes have their advantages and disadvantages.</p>\n            <h3>Benefits of Sea Freight Forwarding</h3>\n            <div class=\"row align-items-center\">\n                <div class=\"col-lg-7\">\n                    <p>Sea freight forwarding offers several benefits to businesses that use it to transport their goods. Some of the benefits include: </p>\n                    <p>Cost-Effectiveness: Sea freight forwarding is one of the most cost-effective modes of transportation, especially for businesses that require the transportation of large quantities of goods. This is because cargo ships can transport large volumes of goods at a lower cost compared to other modes of transportation.</p>\n                    <p>Sea freight forwarding is a reliable mode of transportation since it is not affected by traffic or weather conditions. Additionally, cargo ships are designed to withstand harsh weather conditions, which reduces the risk of damage or loss of goods.</p>\n                </div>\n                <div class=\"col-lg-5\"><img src=\"http://transp.test/storage/news/news2.png\" alt=\"transp\"></div>\n            </div>\n        </div>\n    </div>\n</section>\n','published',1,'Botble\\ACL\\Models\\User',0,'news/news2.png',2017,NULL,'2023-11-30 00:32:54','2023-11-30 00:32:54');
/*!40000 ALTER TABLE `posts` ENABLE KEYS */;
UNLOCK TABLES;

--
-- Table structure for table `posts_translations`
--

DROP TABLE IF EXISTS `posts_translations`;
/*!40101 SET @saved_cs_client     = @@character_set_client */;
/*!50503 SET character_set_client = utf8mb4 */;
CREATE TABLE `posts_translations` (
  `lang_code` varchar(20) COLLATE utf8mb4_unicode_ci NOT NULL,
  `posts_id` bigint unsigned NOT NULL,
  `name` varchar(255) COLLATE utf8mb4_unicode_ci DEFAULT NULL,
  `description` varchar(400) COLLATE utf8mb4_unicode_ci DEFAULT NULL,
  `content` longtext COLLATE utf8mb4_unicode_ci,
  PRIMARY KEY (`lang_code`,`posts_id`)
) ENGINE=InnoDB DEFAULT CHARSET=utf8mb4 COLLATE=utf8mb4_unicode_ci;
/*!40101 SET character_set_client = @saved_cs_client */;

--
-- Dumping data for table `posts_translations`
--

LOCK TABLES `posts_translations` WRITE;
/*!40000 ALTER TABLE `posts_translations` DISABLE KEYS */;
/*!40000 ALTER TABLE `posts_translations` ENABLE KEYS */;
UNLOCK TABLES;

--
-- Table structure for table `revisions`
--

DROP TABLE IF EXISTS `revisions`;
/*!40101 SET @saved_cs_client     = @@character_set_client */;
/*!50503 SET character_set_client = utf8mb4 */;
CREATE TABLE `revisions` (
  `id` bigint unsigned NOT NULL AUTO_INCREMENT,
  `revisionable_type` varchar(191) COLLATE utf8mb4_unicode_ci NOT NULL,
  `revisionable_id` bigint unsigned NOT NULL,
  `user_id` bigint unsigned DEFAULT NULL,
  `key` varchar(120) COLLATE utf8mb4_unicode_ci NOT NULL,
  `old_value` text COLLATE utf8mb4_unicode_ci,
  `new_value` text COLLATE utf8mb4_unicode_ci,
  `created_at` timestamp NULL DEFAULT NULL,
  `updated_at` timestamp NULL DEFAULT NULL,
  PRIMARY KEY (`id`),
  KEY `revisions_revisionable_id_revisionable_type_index` (`revisionable_id`,`revisionable_type`)
) ENGINE=InnoDB DEFAULT CHARSET=utf8mb4 COLLATE=utf8mb4_unicode_ci;
/*!40101 SET character_set_client = @saved_cs_client */;

--
-- Dumping data for table `revisions`
--

LOCK TABLES `revisions` WRITE;
/*!40000 ALTER TABLE `revisions` DISABLE KEYS */;
/*!40000 ALTER TABLE `revisions` ENABLE KEYS */;
UNLOCK TABLES;

--
-- Table structure for table `role_users`
--

DROP TABLE IF EXISTS `role_users`;
/*!40101 SET @saved_cs_client     = @@character_set_client */;
/*!50503 SET character_set_client = utf8mb4 */;
CREATE TABLE `role_users` (
  `user_id` bigint unsigned NOT NULL,
  `role_id` bigint unsigned NOT NULL,
  `created_at` timestamp NULL DEFAULT NULL,
  `updated_at` timestamp NULL DEFAULT NULL,
  PRIMARY KEY (`user_id`,`role_id`),
  KEY `role_users_user_id_index` (`user_id`),
  KEY `role_users_role_id_index` (`role_id`)
) ENGINE=InnoDB DEFAULT CHARSET=utf8mb4 COLLATE=utf8mb4_unicode_ci;
/*!40101 SET character_set_client = @saved_cs_client */;

--
-- Dumping data for table `role_users`
--

LOCK TABLES `role_users` WRITE;
/*!40000 ALTER TABLE `role_users` DISABLE KEYS */;
/*!40000 ALTER TABLE `role_users` ENABLE KEYS */;
UNLOCK TABLES;

--
-- Table structure for table `roles`
--

DROP TABLE IF EXISTS `roles`;
/*!40101 SET @saved_cs_client     = @@character_set_client */;
/*!50503 SET character_set_client = utf8mb4 */;
CREATE TABLE `roles` (
  `id` bigint unsigned NOT NULL AUTO_INCREMENT,
  `slug` varchar(120) COLLATE utf8mb4_unicode_ci NOT NULL,
  `name` varchar(120) COLLATE utf8mb4_unicode_ci NOT NULL,
  `permissions` text COLLATE utf8mb4_unicode_ci,
  `description` varchar(255) COLLATE utf8mb4_unicode_ci DEFAULT NULL,
  `is_default` tinyint unsigned NOT NULL DEFAULT '0',
  `created_by` bigint unsigned NOT NULL,
  `updated_by` bigint unsigned NOT NULL,
  `created_at` timestamp NULL DEFAULT NULL,
  `updated_at` timestamp NULL DEFAULT NULL,
  PRIMARY KEY (`id`),
  UNIQUE KEY `roles_slug_unique` (`slug`),
  KEY `roles_created_by_index` (`created_by`),
  KEY `roles_updated_by_index` (`updated_by`)
) ENGINE=InnoDB AUTO_INCREMENT=2 DEFAULT CHARSET=utf8mb4 COLLATE=utf8mb4_unicode_ci;
/*!40101 SET character_set_client = @saved_cs_client */;

--
-- Dumping data for table `roles`
--

LOCK TABLES `roles` WRITE;
/*!40000 ALTER TABLE `roles` DISABLE KEYS */;
INSERT INTO `roles` VALUES (1,'admin','Admin','{\"users.index\":true,\"users.create\":true,\"users.edit\":true,\"users.destroy\":true,\"roles.index\":true,\"roles.create\":true,\"roles.edit\":true,\"roles.destroy\":true,\"core.system\":true,\"core.manage.license\":true,\"extensions.index\":true,\"media.index\":true,\"files.index\":true,\"files.create\":true,\"files.edit\":true,\"files.trash\":true,\"files.destroy\":true,\"folders.index\":true,\"folders.create\":true,\"folders.edit\":true,\"folders.trash\":true,\"folders.destroy\":true,\"settings.index\":true,\"settings.options\":true,\"settings.email\":true,\"settings.media\":true,\"settings.cronjob\":true,\"settings.admin-appearance\":true,\"settings.cache\":true,\"settings.datatables\":true,\"settings.email.rules\":true,\"menus.index\":true,\"menus.create\":true,\"menus.edit\":true,\"menus.destroy\":true,\"optimize.settings\":true,\"pages.index\":true,\"pages.create\":true,\"pages.edit\":true,\"pages.destroy\":true,\"plugins.index\":true,\"plugins.edit\":true,\"plugins.remove\":true,\"plugins.marketplace\":true,\"core.appearance\":true,\"theme.index\":true,\"theme.activate\":true,\"theme.remove\":true,\"theme.options\":true,\"theme.custom-css\":true,\"theme.custom-js\":true,\"theme.custom-html\":true,\"widgets.index\":true,\"analytics.general\":true,\"analytics.page\":true,\"analytics.browser\":true,\"analytics.referrer\":true,\"analytics.settings\":true,\"audit-log.index\":true,\"audit-log.destroy\":true,\"backups.index\":true,\"backups.create\":true,\"backups.restore\":true,\"backups.destroy\":true,\"plugins.blog\":true,\"posts.index\":true,\"posts.create\":true,\"posts.edit\":true,\"posts.destroy\":true,\"categories.index\":true,\"categories.create\":true,\"categories.edit\":true,\"categories.destroy\":true,\"tags.index\":true,\"tags.create\":true,\"tags.edit\":true,\"tags.destroy\":true,\"blog.settings\":true,\"plugins.captcha\":true,\"captcha.settings\":true,\"contacts.index\":true,\"contacts.edit\":true,\"contacts.destroy\":true,\"contact.settings\":true,\"plugin.faq\":true,\"faq.index\":true,\"faq.create\":true,\"faq.edit\":true,\"faq.destroy\":true,\"faq_category.index\":true,\"faq_category.create\":true,\"faq_category.edit\":true,\"faq_category.destroy\":true,\"faqs.settings\":true,\"galleries.index\":true,\"galleries.create\":true,\"galleries.edit\":true,\"galleries.destroy\":true,\"languages.index\":true,\"languages.create\":true,\"languages.edit\":true,\"languages.destroy\":true,\"plugins.logistics\":true,\"logistics.service-categories.index\":true,\"logistics.service-categories.create\":true,\"logistics.service-categories.edit\":true,\"logistics.service-categories.destroy\":true,\"logistics.services.index\":true,\"logistics.services.create\":true,\"logistics.services.edit\":true,\"logistics.services.destroy\":true,\"logistics.packages.index\":true,\"logistics.packages.create\":true,\"logistics.packages.edit\":true,\"logistics.packages.destroy\":true,\"logistics.custom-fields.index\":true,\"logistics.custom-fields.create\":true,\"logistics.custom-fields.edit\":true,\"logistics.custom-fields.destroy\":true,\"logistics.quotation-requests.index\":true,\"logistics.quotation-requests.show\":true,\"logistics.quotation-requests.destroy\":true,\"newsletter.index\":true,\"newsletter.destroy\":true,\"newsletter.settings\":true,\"simple-slider.index\":true,\"simple-slider.create\":true,\"simple-slider.edit\":true,\"simple-slider.destroy\":true,\"simple-slider-item.index\":true,\"simple-slider-item.create\":true,\"simple-slider-item.edit\":true,\"simple-slider-item.destroy\":true,\"simple-slider.settings\":true,\"team.index\":true,\"team.create\":true,\"team.edit\":true,\"team.destroy\":true,\"testimonial.index\":true,\"testimonial.create\":true,\"testimonial.edit\":true,\"testimonial.destroy\":true,\"plugins.translation\":true,\"translations.locales\":true,\"translations.theme-translations\":true,\"translations.index\":true}','Admin users role',1,2,2,'2023-11-30 00:32:49','2023-11-30 00:32:49');
/*!40000 ALTER TABLE `roles` ENABLE KEYS */;
UNLOCK TABLES;

--
-- Table structure for table `settings`
--

DROP TABLE IF EXISTS `settings`;
/*!40101 SET @saved_cs_client     = @@character_set_client */;
/*!50503 SET character_set_client = utf8mb4 */;
CREATE TABLE `settings` (
  `id` bigint unsigned NOT NULL AUTO_INCREMENT,
  `key` varchar(255) COLLATE utf8mb4_unicode_ci NOT NULL,
  `value` text COLLATE utf8mb4_unicode_ci,
  `created_at` timestamp NULL DEFAULT NULL,
  `updated_at` timestamp NULL DEFAULT NULL,
  PRIMARY KEY (`id`),
  UNIQUE KEY `settings_key_unique` (`key`)
) ENGINE=InnoDB AUTO_INCREMENT=40 DEFAULT CHARSET=utf8mb4 COLLATE=utf8mb4_unicode_ci;
/*!40101 SET character_set_client = @saved_cs_client */;

--
-- Dumping data for table `settings`
--

LOCK TABLES `settings` WRITE;
/*!40000 ALTER TABLE `settings` DISABLE KEYS */;
INSERT INTO `settings` VALUES (1,'media_random_hash','31288efd76969bf8ca3121720ae78d88',NULL,'2023-11-30 00:32:58'),(2,'api_enabled','0',NULL,'2023-11-30 00:32:58'),(3,'activated_plugins','[\"language\",\"language-advanced\",\"analytics\",\"audit-log\",\"backup\",\"blog\",\"captcha\",\"contact\",\"cookie-consent\",\"faq\",\"gallery\",\"logistics\",\"newsletter\",\"simple-slider\",\"team\",\"testimonial\",\"translation\"]',NULL,'2023-11-30 00:32:58'),(4,'theme','transp',NULL,'2023-11-30 00:32:58'),(5,'show_admin_bar','1',NULL,'2023-11-30 00:32:58'),(6,'language_hide_default','1',NULL,'2023-11-30 00:32:58'),(7,'language_switcher_display','dropdown',NULL,'2023-11-30 00:32:58'),(8,'language_display','all',NULL,'2023-11-30 00:32:58'),(9,'language_hide_languages','[]',NULL,'2023-11-30 00:32:58'),(10,'theme-transp-site_title','TransP - Transport Courier Logistics',NULL,'2023-11-30 00:32:58'),(11,'theme-transp-seo_description','With experience, we make sure to get every project done very fast and in time with high quality using our Botble CMS https://1.envato.market/LWRBY',NULL,'2023-11-30 00:32:58'),(12,'theme-transp-copyright','© 2023 Botble Technologies. Designed by Jthemes.',NULL,'2023-11-30 00:32:58'),(13,'theme-transp-favicon','general/favicon.png',NULL,'2023-11-30 00:32:58'),(14,'theme-transp-website','https://botble.com',NULL,'2023-11-30 00:32:58'),(15,'theme-transp-contact_email','support@botble.com',NULL,'2023-11-30 00:32:58'),(16,'theme-transp-site_description','We fuse our global network with our depth of expertise in air freight, ocean freight, railway transportation, trucking, and multi-mode transportation, also we are providing sourcing, warehousing, E-commercial fulfillment, and value-added service to our customers including kitting, assembly, customized package and business inserts, etc.',NULL,'2023-11-30 00:32:58'),(17,'theme-transp-phone','+01-246-357',NULL,'2023-11-30 00:32:58'),(18,'theme-transp-subtext_phone','Any time 24/7',NULL,'2023-11-30 00:32:58'),(19,'theme-transp-address','4517 Washington Ave. Manchester, Kentucky 39495',NULL,'2023-11-30 00:32:58'),(20,'theme-transp-cookie_consent_message','Your experience on this site will be improved by allowing cookies ',NULL,'2023-11-30 00:32:58'),(21,'theme-transp-cookie_consent_learn_more_url','/cookie-policy',NULL,'2023-11-30 00:32:58'),(22,'theme-transp-cookie_consent_learn_more_text','Cookie Policy',NULL,'2023-11-30 00:32:58'),(23,'theme-transp-homepage_id','1',NULL,'2023-11-30 00:32:58'),(24,'theme-transp-logo','general/logo.png',NULL,'2023-11-30 00:32:58'),(25,'theme-transp-logo_light','general/logo-footer.png',NULL,'2023-11-30 00:32:58'),(26,'theme-transp-primary_color','#fec201',NULL,'2023-11-30 00:32:58'),(27,'theme-transp-primary_color_hover','#066a4c',NULL,'2023-11-30 00:32:58'),(28,'theme-transp-secondary_color','#034460',NULL,'2023-11-30 00:32:58'),(29,'theme-transp-primary_font','Epilogue',NULL,'2023-11-30 00:32:58'),(30,'theme-transp-404_page_image','general/404.png',NULL,'2023-11-30 00:32:58'),(31,'theme-transp-breadcrumb_background','general/world-map.png',NULL,'2023-11-30 00:32:58'),(32,'theme-transp-header_button_label','Get a quote',NULL,'2023-11-30 00:32:58'),(33,'theme-transp-header_button_url','/request-a-quote',NULL,'2023-11-30 00:32:58'),(34,'theme-transp-social_links','[[{\"key\":\"name\",\"value\":\"Facebook\"},{\"key\":\"icon\",\"value\":\"icons\\/fb.png\"},{\"key\":\"url\",\"value\":\"https:\\/\\/www.facebook.com\"}],[{\"key\":\"name\",\"value\":\"Twitter\"},{\"key\":\"icon\",\"value\":\"icons\\/tw.png\"},{\"key\":\"url\",\"value\":\"https:\\/\\/twitter.com\"}],[{\"key\":\"name\",\"value\":\"Youtube\"},{\"key\":\"icon\",\"value\":\"icons\\/youtube.png\"},{\"key\":\"url\",\"value\":\"https:\\/\\/www.youtube.com\"}],[{\"key\":\"name\",\"value\":\"Instagram\"},{\"key\":\"icon\",\"value\":\"icons\\/inst.png\"},{\"key\":\"url\",\"value\":\"https:\\/\\/www.instagram.com\"}],[{\"key\":\"name\",\"value\":\"Skype\"},{\"key\":\"icon\",\"value\":\"icons\\/skype.png\"},{\"key\":\"url\",\"value\":\"https:\\/\\/www.skype.com\"}]]',NULL,'2023-11-30 00:32:58'),(35,'simple_slider_using_assets','0',NULL,'2023-11-30 00:32:58'),(36,'admin_favicon','general/favicon.png',NULL,NULL),(37,'admin_logo','general/logo-footer.png',NULL,NULL),(38,'permalink-botble-blog-models-post','blog',NULL,NULL),(39,'permalink-botble-blog-models-category','blog',NULL,NULL);
/*!40000 ALTER TABLE `settings` ENABLE KEYS */;
UNLOCK TABLES;

--
-- Table structure for table `simple_slider_items`
--

DROP TABLE IF EXISTS `simple_slider_items`;
/*!40101 SET @saved_cs_client     = @@character_set_client */;
/*!50503 SET character_set_client = utf8mb4 */;
CREATE TABLE `simple_slider_items` (
  `id` bigint unsigned NOT NULL AUTO_INCREMENT,
  `simple_slider_id` bigint unsigned NOT NULL,
  `title` varchar(255) COLLATE utf8mb4_unicode_ci DEFAULT NULL,
  `image` varchar(255) COLLATE utf8mb4_unicode_ci NOT NULL,
  `link` varchar(255) COLLATE utf8mb4_unicode_ci DEFAULT NULL,
  `description` text COLLATE utf8mb4_unicode_ci,
  `order` int unsigned NOT NULL DEFAULT '0',
  `created_at` timestamp NULL DEFAULT NULL,
  `updated_at` timestamp NULL DEFAULT NULL,
  PRIMARY KEY (`id`)
) ENGINE=InnoDB AUTO_INCREMENT=3 DEFAULT CHARSET=utf8mb4 COLLATE=utf8mb4_unicode_ci;
/*!40101 SET character_set_client = @saved_cs_client */;

--
-- Dumping data for table `simple_slider_items`
--

LOCK TABLES `simple_slider_items` WRITE;
/*!40000 ALTER TABLE `simple_slider_items` DISABLE KEYS */;
INSERT INTO `simple_slider_items` VALUES (1,1,'Digital &amp; Trusted Transport<br>Logistic Company','banners/slider-1.png','/contact-us','Our experienced team of problem solvers and a commitment to always align with our client’s business goals and objectives is what drives mutual success.',1,'2023-11-30 00:32:56','2023-11-30 00:32:56'),(2,1,'Digital &amp; Trusted Transport<br>Logistic Company','banners/slider-2.png','/contact-us','Our experienced team of problem solvers and a commitment to always align with our client’s business goals and objectives is what drives mutual success.',2,'2023-11-30 00:32:56','2023-11-30 00:32:56');
/*!40000 ALTER TABLE `simple_slider_items` ENABLE KEYS */;
UNLOCK TABLES;

--
-- Table structure for table `simple_sliders`
--

DROP TABLE IF EXISTS `simple_sliders`;
/*!40101 SET @saved_cs_client     = @@character_set_client */;
/*!50503 SET character_set_client = utf8mb4 */;
CREATE TABLE `simple_sliders` (
  `id` bigint unsigned NOT NULL AUTO_INCREMENT,
  `name` varchar(120) COLLATE utf8mb4_unicode_ci NOT NULL,
  `key` varchar(120) COLLATE utf8mb4_unicode_ci NOT NULL,
  `description` varchar(255) COLLATE utf8mb4_unicode_ci DEFAULT NULL,
  `status` varchar(60) COLLATE utf8mb4_unicode_ci NOT NULL DEFAULT 'published',
  `created_at` timestamp NULL DEFAULT NULL,
  `updated_at` timestamp NULL DEFAULT NULL,
  PRIMARY KEY (`id`)
) ENGINE=InnoDB AUTO_INCREMENT=2 DEFAULT CHARSET=utf8mb4 COLLATE=utf8mb4_unicode_ci;
/*!40101 SET character_set_client = @saved_cs_client */;

--
-- Dumping data for table `simple_sliders`
--

LOCK TABLES `simple_sliders` WRITE;
/*!40000 ALTER TABLE `simple_sliders` DISABLE KEYS */;
INSERT INTO `simple_sliders` VALUES (1,'Home slider','home-slider','The main slider on homepage','published','2023-11-30 00:32:56','2023-11-30 00:32:56');
/*!40000 ALTER TABLE `simple_sliders` ENABLE KEYS */;
UNLOCK TABLES;

--
-- Table structure for table `slugs`
--

DROP TABLE IF EXISTS `slugs`;
/*!40101 SET @saved_cs_client     = @@character_set_client */;
/*!50503 SET character_set_client = utf8mb4 */;
CREATE TABLE `slugs` (
  `id` bigint unsigned NOT NULL AUTO_INCREMENT,
  `key` varchar(255) COLLATE utf8mb4_unicode_ci NOT NULL,
  `reference_id` bigint unsigned NOT NULL,
  `reference_type` varchar(255) COLLATE utf8mb4_unicode_ci NOT NULL,
  `prefix` varchar(120) COLLATE utf8mb4_unicode_ci DEFAULT '',
  `created_at` timestamp NULL DEFAULT NULL,
  `updated_at` timestamp NULL DEFAULT NULL,
  PRIMARY KEY (`id`),
  KEY `slugs_reference_id_index` (`reference_id`),
  KEY `slugs_key_index` (`key`),
  KEY `slugs_prefix_index` (`prefix`),
  KEY `slugs_reference_index` (`reference_id`,`reference_type`)
) ENGINE=InnoDB AUTO_INCREMENT=71 DEFAULT CHARSET=utf8mb4 COLLATE=utf8mb4_unicode_ci;
/*!40101 SET character_set_client = @saved_cs_client */;

--
-- Dumping data for table `slugs`
--

LOCK TABLES `slugs` WRITE;
/*!40000 ALTER TABLE `slugs` DISABLE KEYS */;
INSERT INTO `slugs` VALUES (1,'homepage-1',1,'Botble\\Page\\Models\\Page','','2023-11-30 00:32:53','2023-11-30 00:32:53'),(2,'homepage-2',2,'Botble\\Page\\Models\\Page','','2023-11-30 00:32:53','2023-11-30 00:32:53'),(3,'homepage-3',3,'Botble\\Page\\Models\\Page','','2023-11-30 00:32:53','2023-11-30 00:32:53'),(4,'homepage-4',4,'Botble\\Page\\Models\\Page','','2023-11-30 00:32:53','2023-11-30 00:32:53'),(5,'about-us',5,'Botble\\Page\\Models\\Page','','2023-11-30 00:32:53','2023-11-30 00:32:53'),(6,'services',6,'Botble\\Page\\Models\\Page','','2023-11-30 00:32:53','2023-11-30 00:32:53'),(7,'track-your-parcel',7,'Botble\\Page\\Models\\Page','','2023-11-30 00:32:53','2023-11-30 00:32:53'),(8,'work-process',8,'Botble\\Page\\Models\\Page','','2023-11-30 00:32:53','2023-11-30 00:32:53'),(9,'request-a-quote',9,'Botble\\Page\\Models\\Page','','2023-11-30 00:32:53','2023-11-30 00:32:53'),(10,'our-team',10,'Botble\\Page\\Models\\Page','','2023-11-30 00:32:53','2023-11-30 00:32:53'),(11,'faqs',11,'Botble\\Page\\Models\\Page','','2023-11-30 00:32:53','2023-11-30 00:32:53'),(12,'newsletter',12,'Botble\\Page\\Models\\Page','','2023-11-30 00:32:53','2023-11-30 00:32:53'),(13,'blog',13,'Botble\\Page\\Models\\Page','','2023-11-30 00:32:53','2023-11-30 00:32:53'),(14,'contact-us',14,'Botble\\Page\\Models\\Page','','2023-11-30 00:32:53','2023-11-30 00:32:53'),(15,'coming-soon',15,'Botble\\Page\\Models\\Page','','2023-11-30 00:32:53','2023-11-30 00:32:53'),(16,'privacy-policy',16,'Botble\\Page\\Models\\Page','','2023-11-30 00:32:53','2023-11-30 00:32:53'),(17,'cookies',17,'Botble\\Page\\Models\\Page','','2023-11-30 00:32:53','2023-11-30 00:32:53'),(18,'terms-of-service',18,'Botble\\Page\\Models\\Page','','2023-11-30 00:32:53','2023-11-30 00:32:53'),(19,'shipping',1,'Botble\\Gallery\\Models\\Gallery','galleries','2023-11-30 00:32:54','2023-11-30 00:32:54'),(20,'transport',2,'Botble\\Gallery\\Models\\Gallery','galleries','2023-11-30 00:32:54','2023-11-30 00:32:54'),(21,'express',3,'Botble\\Gallery\\Models\\Gallery','galleries','2023-11-30 00:32:54','2023-11-30 00:32:54'),(22,'customs',4,'Botble\\Gallery\\Models\\Gallery','galleries','2023-11-30 00:32:54','2023-11-30 00:32:54'),(23,'supplychain',5,'Botble\\Gallery\\Models\\Gallery','galleries','2023-11-30 00:32:54','2023-11-30 00:32:54'),(24,'logistics',6,'Botble\\Gallery\\Models\\Gallery','galleries','2023-11-30 00:32:54','2023-11-30 00:32:54'),(25,'faqs',7,'Botble\\Gallery\\Models\\Gallery','galleries','2023-11-30 00:32:54','2023-11-30 00:32:54'),(26,'service',1,'Botble\\Blog\\Models\\Category','blog','2023-11-30 00:32:54','2023-11-30 00:32:58'),(27,'shipping',2,'Botble\\Blog\\Models\\Category','blog','2023-11-30 00:32:54','2023-11-30 00:32:58'),(28,'courier',3,'Botble\\Blog\\Models\\Category','blog','2023-11-30 00:32:54','2023-11-30 00:32:58'),(29,'transportation',4,'Botble\\Blog\\Models\\Category','blog','2023-11-30 00:32:54','2023-11-30 00:32:58'),(30,'supply-chain',5,'Botble\\Blog\\Models\\Category','blog','2023-11-30 00:32:54','2023-11-30 00:32:58'),(31,'delivery',6,'Botble\\Blog\\Models\\Category','blog','2023-11-30 00:32:54','2023-11-30 00:32:58'),(32,'freight-forwarding',7,'Botble\\Blog\\Models\\Category','blog','2023-11-30 00:32:54','2023-11-30 00:32:58'),(33,'efficiency',1,'Botble\\Blog\\Models\\Tag','tag','2023-11-30 00:32:54','2023-11-30 00:32:54'),(34,'delivery',2,'Botble\\Blog\\Models\\Tag','tag','2023-11-30 00:32:54','2023-11-30 00:32:54'),(35,'supplychain',3,'Botble\\Blog\\Models\\Tag','tag','2023-11-30 00:32:54','2023-11-30 00:32:54'),(36,'logistics',4,'Botble\\Blog\\Models\\Tag','tag','2023-11-30 00:32:54','2023-11-30 00:32:54'),(37,'shipping',5,'Botble\\Blog\\Models\\Tag','tag','2023-11-30 00:32:54','2023-11-30 00:32:54'),(38,'sustainability',6,'Botble\\Blog\\Models\\Tag','tag','2023-11-30 00:32:54','2023-11-30 00:32:54'),(39,'international',7,'Botble\\Blog\\Models\\Tag','tag','2023-11-30 00:32:54','2023-11-30 00:32:54'),(40,'china-and-asia-how-to-find-reliable-logistics-company',1,'Botble\\Blog\\Models\\Post','blog','2023-11-30 00:32:54','2023-11-30 00:32:58'),(41,'how-to-find-reliable-logistics-company-asia',2,'Botble\\Blog\\Models\\Post','blog','2023-11-30 00:32:54','2023-11-30 00:32:58'),(42,'smooth-sailing-tips-for-shipping-internationally',3,'Botble\\Blog\\Models\\Post','blog','2023-11-30 00:32:54','2023-11-30 00:32:58'),(43,'optimizing-supply-chain-a-guide-to-logistics',4,'Botble\\Blog\\Models\\Post','blog','2023-11-30 00:32:54','2023-11-30 00:32:58'),(44,'the-future-of-logistics-embracing-technology',5,'Botble\\Blog\\Models\\Post','blog','2023-11-30 00:32:54','2023-11-30 00:32:58'),(45,'green-logistics-solutions-for-a-greener-future',6,'Botble\\Blog\\Models\\Post','blog','2023-11-30 00:32:54','2023-11-30 00:32:58'),(46,'last-mile-delivery-revolution-in-urban-logistics',7,'Botble\\Blog\\Models\\Post','blog','2023-11-30 00:32:54','2023-11-30 00:32:58'),(47,'navigating-global-trade-challenges-for-logistics',8,'Botble\\Blog\\Models\\Post','blog','2023-11-30 00:32:54','2023-11-30 00:32:58'),(48,'warehouse-management-101-maximizing-productivity',9,'Botble\\Blog\\Models\\Post','blog','2023-11-30 00:32:54','2023-11-30 00:32:58'),(49,'logistics-customer-expectations-in-world',10,'Botble\\Blog\\Models\\Post','blog','2023-11-30 00:32:54','2023-11-30 00:32:58'),(50,'the-role-of-ai-in-transforming-logistics',11,'Botble\\Blog\\Models\\Post','blog','2023-11-30 00:32:54','2023-11-30 00:32:58'),(51,'resilient-supply-chains-adapting-to-modern-logistics',12,'Botble\\Blog\\Models\\Post','blog','2023-11-30 00:32:54','2023-11-30 00:32:58'),(52,'logistics-trends-insights-and-predictions-for-future',13,'Botble\\Blog\\Models\\Post','blog','2023-11-30 00:32:54','2023-11-30 00:32:58'),(53,'sea-forwarding',1,'Botble\\Logistics\\Models\\ServiceCategory','service-categories','2023-11-30 00:32:57','2023-11-30 00:32:57'),(54,'air-freight-forwarding',2,'Botble\\Logistics\\Models\\ServiceCategory','service-categories','2023-11-30 00:32:57','2023-11-30 00:32:57'),(55,'land-transportation',3,'Botble\\Logistics\\Models\\ServiceCategory','service-categories','2023-11-30 00:32:57','2023-11-30 00:32:57'),(56,'railway-logistics',4,'Botble\\Logistics\\Models\\ServiceCategory','service-categories','2023-11-30 00:32:57','2023-11-30 00:32:57'),(57,'warehouse',5,'Botble\\Logistics\\Models\\ServiceCategory','service-categories','2023-11-30 00:32:57','2023-11-30 00:32:57'),(58,'cross-border',6,'Botble\\Logistics\\Models\\ServiceCategory','service-categories','2023-11-30 00:32:57','2023-11-30 00:32:57'),(59,'customs-brokerages',7,'Botble\\Logistics\\Models\\ServiceCategory','service-categories','2023-11-30 00:32:57','2023-11-30 00:32:57'),(60,'sea-freight-forwarding',1,'Botble\\Logistics\\Models\\Service','services','2023-11-30 00:32:57','2023-11-30 00:32:57'),(61,'air-freight-forwarding',2,'Botble\\Logistics\\Models\\Service','services','2023-11-30 00:32:57','2023-11-30 00:32:57'),(62,'land-transportation',3,'Botble\\Logistics\\Models\\Service','services','2023-11-30 00:32:57','2023-11-30 00:32:57'),(63,'railway-logistics',4,'Botble\\Logistics\\Models\\Service','services','2023-11-30 00:32:57','2023-11-30 00:32:57'),(64,'warehouse-distribution',5,'Botble\\Logistics\\Models\\Service','services','2023-11-30 00:32:57','2023-11-30 00:32:57'),(65,'cross-border',6,'Botble\\Logistics\\Models\\Service','services','2023-11-30 00:32:57','2023-11-30 00:32:57'),(66,'customs-brokerages',7,'Botble\\Logistics\\Models\\Service','services','2023-11-30 00:32:57','2023-11-30 00:32:57'),(67,'premium',1,'Botble\\Logistics\\Models\\Package','packages','2023-11-30 00:32:57','2023-11-30 00:32:57'),(68,'essentials',2,'Botble\\Logistics\\Models\\Package','packages','2023-11-30 00:32:57','2023-11-30 00:32:57'),(69,'enterprise',3,'Botble\\Logistics\\Models\\Package','packages','2023-11-30 00:32:57','2023-11-30 00:32:57'),(70,'unlimited',4,'Botble\\Logistics\\Models\\Package','packages','2023-11-30 00:32:57','2023-11-30 00:32:57');
/*!40000 ALTER TABLE `slugs` ENABLE KEYS */;
UNLOCK TABLES;

--
-- Table structure for table `slugs_translations`
--

DROP TABLE IF EXISTS `slugs_translations`;
/*!40101 SET @saved_cs_client     = @@character_set_client */;
/*!50503 SET character_set_client = utf8mb4 */;
CREATE TABLE `slugs_translations` (
  `lang_code` varchar(20) COLLATE utf8mb4_unicode_ci NOT NULL,
  `slugs_id` bigint unsigned NOT NULL,
  `key` varchar(255) COLLATE utf8mb4_unicode_ci DEFAULT NULL,
  `prefix` varchar(120) COLLATE utf8mb4_unicode_ci DEFAULT '',
  PRIMARY KEY (`lang_code`,`slugs_id`)
) ENGINE=InnoDB DEFAULT CHARSET=utf8mb4 COLLATE=utf8mb4_unicode_ci;
/*!40101 SET character_set_client = @saved_cs_client */;

--
-- Dumping data for table `slugs_translations`
--

LOCK TABLES `slugs_translations` WRITE;
/*!40000 ALTER TABLE `slugs_translations` DISABLE KEYS */;
/*!40000 ALTER TABLE `slugs_translations` ENABLE KEYS */;
UNLOCK TABLES;

--
-- Table structure for table `tags`
--

DROP TABLE IF EXISTS `tags`;
/*!40101 SET @saved_cs_client     = @@character_set_client */;
/*!50503 SET character_set_client = utf8mb4 */;
CREATE TABLE `tags` (
  `id` bigint unsigned NOT NULL AUTO_INCREMENT,
  `name` varchar(120) COLLATE utf8mb4_unicode_ci NOT NULL,
  `author_id` bigint unsigned DEFAULT NULL,
  `author_type` varchar(255) COLLATE utf8mb4_unicode_ci NOT NULL DEFAULT 'Botble\\ACL\\Models\\User',
  `description` varchar(400) COLLATE utf8mb4_unicode_ci DEFAULT '',
  `status` varchar(60) COLLATE utf8mb4_unicode_ci NOT NULL DEFAULT 'published',
  `created_at` timestamp NULL DEFAULT NULL,
  `updated_at` timestamp NULL DEFAULT NULL,
  PRIMARY KEY (`id`)
) ENGINE=InnoDB AUTO_INCREMENT=8 DEFAULT CHARSET=utf8mb4 COLLATE=utf8mb4_unicode_ci;
/*!40101 SET character_set_client = @saved_cs_client */;

--
-- Dumping data for table `tags`
--

LOCK TABLES `tags` WRITE;
/*!40000 ALTER TABLE `tags` DISABLE KEYS */;
INSERT INTO `tags` VALUES (1,'Efficiency',1,'Botble\\ACL\\Models\\User','','published','2023-11-30 00:32:54','2023-11-30 00:32:54'),(2,'Delivery',1,'Botble\\ACL\\Models\\User','','published','2023-11-30 00:32:54','2023-11-30 00:32:54'),(3,'SupplyChain',1,'Botble\\ACL\\Models\\User','','published','2023-11-30 00:32:54','2023-11-30 00:32:54'),(4,'Logistics',1,'Botble\\ACL\\Models\\User','','published','2023-11-30 00:32:54','2023-11-30 00:32:54'),(5,'Shipping',1,'Botble\\ACL\\Models\\User','','published','2023-11-30 00:32:54','2023-11-30 00:32:54'),(6,'Sustainability',1,'Botble\\ACL\\Models\\User','','published','2023-11-30 00:32:54','2023-11-30 00:32:54'),(7,'International',1,'Botble\\ACL\\Models\\User','','published','2023-11-30 00:32:54','2023-11-30 00:32:54');
/*!40000 ALTER TABLE `tags` ENABLE KEYS */;
UNLOCK TABLES;

--
-- Table structure for table `tags_translations`
--

DROP TABLE IF EXISTS `tags_translations`;
/*!40101 SET @saved_cs_client     = @@character_set_client */;
/*!50503 SET character_set_client = utf8mb4 */;
CREATE TABLE `tags_translations` (
  `lang_code` varchar(20) COLLATE utf8mb4_unicode_ci NOT NULL,
  `tags_id` bigint unsigned NOT NULL,
  `name` varchar(255) COLLATE utf8mb4_unicode_ci DEFAULT NULL,
  `description` varchar(400) COLLATE utf8mb4_unicode_ci DEFAULT NULL,
  PRIMARY KEY (`lang_code`,`tags_id`)
) ENGINE=InnoDB DEFAULT CHARSET=utf8mb4 COLLATE=utf8mb4_unicode_ci;
/*!40101 SET character_set_client = @saved_cs_client */;

--
-- Dumping data for table `tags_translations`
--

LOCK TABLES `tags_translations` WRITE;
/*!40000 ALTER TABLE `tags_translations` DISABLE KEYS */;
/*!40000 ALTER TABLE `tags_translations` ENABLE KEYS */;
UNLOCK TABLES;

--
-- Table structure for table `teams`
--

DROP TABLE IF EXISTS `teams`;
/*!40101 SET @saved_cs_client     = @@character_set_client */;
/*!50503 SET character_set_client = utf8mb4 */;
CREATE TABLE `teams` (
  `id` bigint unsigned NOT NULL AUTO_INCREMENT,
  `name` varchar(191) COLLATE utf8mb4_unicode_ci NOT NULL,
  `photo` varchar(191) COLLATE utf8mb4_unicode_ci DEFAULT NULL,
  `title` varchar(191) COLLATE utf8mb4_unicode_ci DEFAULT NULL,
  `location` varchar(191) COLLATE utf8mb4_unicode_ci DEFAULT NULL,
  `socials` varchar(191) COLLATE utf8mb4_unicode_ci DEFAULT NULL,
  `status` varchar(60) COLLATE utf8mb4_unicode_ci NOT NULL DEFAULT 'published',
  `created_at` timestamp NULL DEFAULT NULL,
  `updated_at` timestamp NULL DEFAULT NULL,
  `content` longtext COLLATE utf8mb4_unicode_ci,
  `phone` varchar(15) COLLATE utf8mb4_unicode_ci DEFAULT NULL,
  `email` varchar(255) COLLATE utf8mb4_unicode_ci DEFAULT NULL,
  `address` varchar(255) COLLATE utf8mb4_unicode_ci DEFAULT NULL,
  `website` varchar(255) COLLATE utf8mb4_unicode_ci DEFAULT NULL,
  PRIMARY KEY (`id`)
) ENGINE=InnoDB AUTO_INCREMENT=5 DEFAULT CHARSET=utf8mb4 COLLATE=utf8mb4_unicode_ci;
/*!40101 SET character_set_client = @saved_cs_client */;

--
-- Dumping data for table `teams`
--

LOCK TABLES `teams` WRITE;
/*!40000 ALTER TABLE `teams` DISABLE KEYS */;
INSERT INTO `teams` VALUES (1,'Devon Lane','teams/1.png','Founder / CEO','USA','\"{\\\"facebook\\\":\\\"https:\\\\\\/\\\\\\/www.facebook.com\\\\\\/\\\",\\\"twitter\\\":\\\"https:\\\\\\/\\\\\\/twitter.com\\\\\\/\\\",\\\"instagram\\\":\\\"https:\\\\\\/\\\\\\/www.instagram.com\\\\\\/\\\"}\"','published','2023-11-30 00:32:56','2023-11-30 00:32:56',NULL,NULL,NULL,NULL,NULL),(2,'Lori Stevens','teams/2.png','Founder / CTO','Qatar','\"{\\\"facebook\\\":\\\"https:\\\\\\/\\\\\\/www.facebook.com\\\\\\/\\\",\\\"twitter\\\":\\\"https:\\\\\\/\\\\\\/twitter.com\\\\\\/\\\",\\\"instagram\\\":\\\"https:\\\\\\/\\\\\\/www.instagram.com\\\\\\/\\\"}\"','published','2023-11-30 00:32:56','2023-11-30 00:32:56',NULL,NULL,NULL,NULL,NULL),(3,'Devon Lane','teams/3.png','Business Manager','India','\"{\\\"facebook\\\":\\\"https:\\\\\\/\\\\\\/www.facebook.com\\\\\\/\\\",\\\"twitter\\\":\\\"https:\\\\\\/\\\\\\/twitter.com\\\\\\/\\\",\\\"instagram\\\":\\\"https:\\\\\\/\\\\\\/www.instagram.com\\\\\\/\\\"}\"','published','2023-11-30 00:32:56','2023-11-30 00:32:56',NULL,NULL,NULL,NULL,NULL),(4,'Pete','teams/4.png','Founder / CTO','China','\"{\\\"facebook\\\":\\\"https:\\\\\\/\\\\\\/www.facebook.com\\\\\\/\\\",\\\"twitter\\\":\\\"https:\\\\\\/\\\\\\/twitter.com\\\\\\/\\\",\\\"instagram\\\":\\\"https:\\\\\\/\\\\\\/www.instagram.com\\\\\\/\\\"}\"','published','2023-11-30 00:32:56','2023-11-30 00:32:56',NULL,NULL,NULL,NULL,NULL);
/*!40000 ALTER TABLE `teams` ENABLE KEYS */;
UNLOCK TABLES;

--
-- Table structure for table `teams_translations`
--

DROP TABLE IF EXISTS `teams_translations`;
/*!40101 SET @saved_cs_client     = @@character_set_client */;
/*!50503 SET character_set_client = utf8mb4 */;
CREATE TABLE `teams_translations` (
  `lang_code` varchar(191) COLLATE utf8mb4_unicode_ci NOT NULL,
  `teams_id` int NOT NULL,
  `name` varchar(191) COLLATE utf8mb4_unicode_ci NOT NULL,
  `title` varchar(191) COLLATE utf8mb4_unicode_ci DEFAULT NULL,
  `location` varchar(191) COLLATE utf8mb4_unicode_ci DEFAULT NULL,
  PRIMARY KEY (`lang_code`,`teams_id`)
) ENGINE=InnoDB DEFAULT CHARSET=utf8mb4 COLLATE=utf8mb4_unicode_ci;
/*!40101 SET character_set_client = @saved_cs_client */;

--
-- Dumping data for table `teams_translations`
--

LOCK TABLES `teams_translations` WRITE;
/*!40000 ALTER TABLE `teams_translations` DISABLE KEYS */;
/*!40000 ALTER TABLE `teams_translations` ENABLE KEYS */;
UNLOCK TABLES;

--
-- Table structure for table `testimonials`
--

DROP TABLE IF EXISTS `testimonials`;
/*!40101 SET @saved_cs_client     = @@character_set_client */;
/*!50503 SET character_set_client = utf8mb4 */;
CREATE TABLE `testimonials` (
  `id` bigint unsigned NOT NULL AUTO_INCREMENT,
  `name` varchar(120) COLLATE utf8mb4_unicode_ci NOT NULL,
  `content` text COLLATE utf8mb4_unicode_ci NOT NULL,
  `image` varchar(255) COLLATE utf8mb4_unicode_ci DEFAULT NULL,
  `company` varchar(120) COLLATE utf8mb4_unicode_ci DEFAULT NULL,
  `status` varchar(60) COLLATE utf8mb4_unicode_ci NOT NULL DEFAULT 'published',
  `created_at` timestamp NULL DEFAULT NULL,
  `updated_at` timestamp NULL DEFAULT NULL,
  PRIMARY KEY (`id`)
) ENGINE=InnoDB AUTO_INCREMENT=5 DEFAULT CHARSET=utf8mb4 COLLATE=utf8mb4_unicode_ci;
/*!40101 SET character_set_client = @saved_cs_client */;

--
-- Dumping data for table `testimonials`
--

LOCK TABLES `testimonials` WRITE;
/*!40000 ALTER TABLE `testimonials` DISABLE KEYS */;
INSERT INTO `testimonials` VALUES (1,'Guy Hawkins','Top-notch service! Swift delivery, professional handling. TransP made shipping a breeze. Highly recommended! ⭐⭐⭐⭐⭐','homepage/author1.png','Bank of America','published','2023-11-30 00:32:56','2023-11-30 00:32:56'),(2,'Eleanor Pena','Exceptional experience with TransP. They exceeded expectations in every way. Reliable, efficient, and hassle-free. ⭐⭐⭐⭐⭐','homepage/author2.png','Nintendo','published','2023-11-30 00:32:56','2023-11-30 00:32:56'),(3,'Cody Fisher','Impeccable service that goes the extra mile. TransP is my go-to for secure and timely shipping. Truly 5-star service! ⭐⭐⭐⭐⭐','homepage/author3.png','Starbucks','published','2023-11-30 00:32:56','2023-11-30 00:32:56'),(4,'Albert Flores','Reliability at its finest. TransP delivered on time and with care. Outstanding customer service. A definite 5-star choice! ⭐⭐⭐⭐⭐','homepage/author4.png','Bank of America','published','2023-11-30 00:32:56','2023-11-30 00:32:56');
/*!40000 ALTER TABLE `testimonials` ENABLE KEYS */;
UNLOCK TABLES;

--
-- Table structure for table `testimonials_translations`
--

DROP TABLE IF EXISTS `testimonials_translations`;
/*!40101 SET @saved_cs_client     = @@character_set_client */;
/*!50503 SET character_set_client = utf8mb4 */;
CREATE TABLE `testimonials_translations` (
  `lang_code` varchar(20) COLLATE utf8mb4_unicode_ci NOT NULL,
  `testimonials_id` bigint unsigned NOT NULL,
  `name` varchar(255) COLLATE utf8mb4_unicode_ci DEFAULT NULL,
  `content` text COLLATE utf8mb4_unicode_ci,
  `company` varchar(120) COLLATE utf8mb4_unicode_ci DEFAULT NULL,
  PRIMARY KEY (`lang_code`,`testimonials_id`)
) ENGINE=InnoDB DEFAULT CHARSET=utf8mb4 COLLATE=utf8mb4_unicode_ci;
/*!40101 SET character_set_client = @saved_cs_client */;

--
-- Dumping data for table `testimonials_translations`
--

LOCK TABLES `testimonials_translations` WRITE;
/*!40000 ALTER TABLE `testimonials_translations` DISABLE KEYS */;
/*!40000 ALTER TABLE `testimonials_translations` ENABLE KEYS */;
UNLOCK TABLES;

--
-- Table structure for table `translations`
--

DROP TABLE IF EXISTS `translations`;
/*!40101 SET @saved_cs_client     = @@character_set_client */;
/*!50503 SET character_set_client = utf8mb4 */;
CREATE TABLE `translations` (
  `id` bigint unsigned NOT NULL AUTO_INCREMENT,
  `status` int NOT NULL DEFAULT '0',
  `locale` varchar(20) COLLATE utf8mb4_unicode_ci NOT NULL,
  `group` varchar(255) COLLATE utf8mb4_unicode_ci NOT NULL,
  `key` varchar(255) COLLATE utf8mb4_unicode_ci NOT NULL,
  `value` text COLLATE utf8mb4_unicode_ci,
  `created_at` timestamp NULL DEFAULT NULL,
  `updated_at` timestamp NULL DEFAULT NULL,
  PRIMARY KEY (`id`)
) ENGINE=InnoDB AUTO_INCREMENT=2199 DEFAULT CHARSET=utf8mb4 COLLATE=utf8mb4_unicode_ci;
/*!40101 SET character_set_client = @saved_cs_client */;

--
-- Dumping data for table `translations`
--

LOCK TABLES `translations` WRITE;
/*!40000 ALTER TABLE `translations` DISABLE KEYS */;
INSERT INTO `translations` VALUES (1,1,'en','auth','failed','These credentials do not match our records.','2023-11-30 00:32:58','2023-11-30 00:32:58'),(2,1,'en','auth','password','The provided password is incorrect.','2023-11-30 00:32:58','2023-11-30 00:32:58'),(3,1,'en','auth','throttle','Too many login attempts. Please try again in :seconds seconds.','2023-11-30 00:32:58','2023-11-30 00:32:58'),(4,1,'en','pagination','previous','&laquo; Previous','2023-11-30 00:32:58','2023-11-30 00:32:58'),(5,1,'en','pagination','next','Next &raquo;','2023-11-30 00:32:58','2023-11-30 00:32:58'),(6,1,'en','passwords','reset','Your password has been reset!','2023-11-30 00:32:58','2023-11-30 00:32:58'),(7,1,'en','passwords','sent','We have emailed your password reset link!','2023-11-30 00:32:58','2023-11-30 00:32:58'),(8,1,'en','passwords','throttled','Please wait before retrying.','2023-11-30 00:32:58','2023-11-30 00:32:58'),(9,1,'en','passwords','token','This password reset token is invalid.','2023-11-30 00:32:58','2023-11-30 00:32:58'),(10,1,'en','passwords','user','We can\'t find a user with that email address.','2023-11-30 00:32:58','2023-11-30 00:32:58'),(11,1,'en','validation','accepted','The :attribute must be accepted.','2023-11-30 00:32:58','2023-11-30 00:32:58'),(12,1,'en','validation','accepted_if','The :attribute must be accepted when :other is :value.','2023-11-30 00:32:58','2023-11-30 00:32:58'),(13,1,'en','validation','active_url','The :attribute is not a valid URL.','2023-11-30 00:32:58','2023-11-30 00:32:58'),(14,1,'en','validation','after','The :attribute must be a date after :date.','2023-11-30 00:32:58','2023-11-30 00:32:58'),(15,1,'en','validation','after_or_equal','The :attribute must be a date after or equal to :date.','2023-11-30 00:32:58','2023-11-30 00:32:58'),(16,1,'en','validation','alpha','The :attribute must only contain letters.','2023-11-30 00:32:58','2023-11-30 00:32:58'),(17,1,'en','validation','alpha_dash','The :attribute must only contain letters, numbers, dashes and underscores.','2023-11-30 00:32:58','2023-11-30 00:32:58'),(18,1,'en','validation','alpha_num','The :attribute must only contain letters and numbers.','2023-11-30 00:32:58','2023-11-30 00:32:58'),(19,1,'en','validation','array','The :attribute must be an array.','2023-11-30 00:32:58','2023-11-30 00:32:58'),(20,1,'en','validation','ascii','The :attribute field must only contain single-byte alphanumeric characters and symbols.','2023-11-30 00:32:58','2023-11-30 00:32:58'),(21,1,'en','validation','before','The :attribute must be a date before :date.','2023-11-30 00:32:58','2023-11-30 00:32:58'),(22,1,'en','validation','before_or_equal','The :attribute must be a date before or equal to :date.','2023-11-30 00:32:58','2023-11-30 00:32:58'),(23,1,'en','validation','between.array','The :attribute must have between :min and :max items.','2023-11-30 00:32:58','2023-11-30 00:32:58'),(24,1,'en','validation','between.file','The :attribute must be between :min and :max kilobytes.','2023-11-30 00:32:58','2023-11-30 00:32:58'),(25,1,'en','validation','between.numeric','The :attribute must be between :min and :max.','2023-11-30 00:32:58','2023-11-30 00:32:58'),(26,1,'en','validation','between.string','The :attribute must be between :min and :max characters.','2023-11-30 00:32:58','2023-11-30 00:32:58'),(27,1,'en','validation','boolean','The :attribute field must be true or false.','2023-11-30 00:32:58','2023-11-30 00:32:58'),(28,1,'en','validation','can','The :attribute field contains an unauthorized value.','2023-11-30 00:32:58','2023-11-30 00:32:58'),(29,1,'en','validation','confirmed','The :attribute confirmation does not match.','2023-11-30 00:32:58','2023-11-30 00:32:58'),(30,1,'en','validation','current_password','The password is incorrect.','2023-11-30 00:32:58','2023-11-30 00:32:58'),(31,1,'en','validation','date','The :attribute is not a valid date.','2023-11-30 00:32:58','2023-11-30 00:32:58'),(32,1,'en','validation','date_equals','The :attribute must be a date equal to :date.','2023-11-30 00:32:58','2023-11-30 00:32:58'),(33,1,'en','validation','date_format','The :attribute does not match the format :format.','2023-11-30 00:32:58','2023-11-30 00:32:58'),(34,1,'en','validation','decimal','The :attribute field must have :decimal decimal places.','2023-11-30 00:32:58','2023-11-30 00:32:58'),(35,1,'en','validation','declined','The :attribute must be declined.','2023-11-30 00:32:58','2023-11-30 00:32:58'),(36,1,'en','validation','declined_if','The :attribute must be declined when :other is :value.','2023-11-30 00:32:58','2023-11-30 00:32:58'),(37,1,'en','validation','different','The :attribute and :other must be different.','2023-11-30 00:32:58','2023-11-30 00:32:58'),(38,1,'en','validation','digits','The :attribute must be :digits digits.','2023-11-30 00:32:58','2023-11-30 00:32:58'),(39,1,'en','validation','digits_between','The :attribute must be between :min and :max digits.','2023-11-30 00:32:58','2023-11-30 00:32:58'),(40,1,'en','validation','dimensions','The :attribute has invalid image dimensions.','2023-11-30 00:32:58','2023-11-30 00:32:58'),(41,1,'en','validation','distinct','The :attribute field has a duplicate value.','2023-11-30 00:32:58','2023-11-30 00:32:58'),(42,1,'en','validation','doesnt_end_with','The :attribute field must not end with one of the following: :values.','2023-11-30 00:32:58','2023-11-30 00:32:58'),(43,1,'en','validation','doesnt_start_with','The :attribute may not start with one of the following: :values.','2023-11-30 00:32:58','2023-11-30 00:32:58'),(44,1,'en','validation','email','The :attribute must be a valid email address.','2023-11-30 00:32:58','2023-11-30 00:32:58'),(45,1,'en','validation','ends_with','The :attribute must end with one of the following: :values.','2023-11-30 00:32:58','2023-11-30 00:32:58'),(46,1,'en','validation','enum','The selected :attribute is invalid.','2023-11-30 00:32:58','2023-11-30 00:32:58'),(47,1,'en','validation','exists','The selected :attribute is invalid.','2023-11-30 00:32:58','2023-11-30 00:32:58'),(48,1,'en','validation','extensions','The :attribute field must have one of the following extensions: :values.','2023-11-30 00:32:58','2023-11-30 00:32:58'),(49,1,'en','validation','file','The :attribute must be a file.','2023-11-30 00:32:58','2023-11-30 00:32:58'),(50,1,'en','validation','filled','The :attribute field must have a value.','2023-11-30 00:32:58','2023-11-30 00:32:58'),(51,1,'en','validation','gt.array','The :attribute must have more than :value items.','2023-11-30 00:32:58','2023-11-30 00:32:58'),(52,1,'en','validation','gt.file','The :attribute must be greater than :value kilobytes.','2023-11-30 00:32:58','2023-11-30 00:32:58'),(53,1,'en','validation','gt.numeric','The :attribute must be greater than :value.','2023-11-30 00:32:58','2023-11-30 00:32:58'),(54,1,'en','validation','gt.string','The :attribute must be greater than :value characters.','2023-11-30 00:32:58','2023-11-30 00:32:58'),(55,1,'en','validation','gte.array','The :attribute must have :value items or more.','2023-11-30 00:32:58','2023-11-30 00:32:58'),(56,1,'en','validation','gte.file','The :attribute must be greater than or equal to :value kilobytes.','2023-11-30 00:32:58','2023-11-30 00:32:58'),(57,1,'en','validation','gte.numeric','The :attribute must be greater than or equal to :value.','2023-11-30 00:32:58','2023-11-30 00:32:58'),(58,1,'en','validation','gte.string','The :attribute must be greater than or equal to :value characters.','2023-11-30 00:32:58','2023-11-30 00:32:58'),(59,1,'en','validation','hex_color','The :attribute field must be a valid hexadecimal color.','2023-11-30 00:32:58','2023-11-30 00:32:58'),(60,1,'en','validation','image','The :attribute must be an image.','2023-11-30 00:32:58','2023-11-30 00:32:58'),(61,1,'en','validation','in','The selected :attribute is invalid.','2023-11-30 00:32:58','2023-11-30 00:32:58'),(62,1,'en','validation','in_array','The :attribute field does not exist in :other.','2023-11-30 00:32:58','2023-11-30 00:32:58'),(63,1,'en','validation','integer','The :attribute must be an integer.','2023-11-30 00:32:58','2023-11-30 00:32:58'),(64,1,'en','validation','ip','The :attribute must be a valid IP address.','2023-11-30 00:32:58','2023-11-30 00:32:58'),(65,1,'en','validation','ipv4','The :attribute must be a valid IPv4 address.','2023-11-30 00:32:58','2023-11-30 00:32:58'),(66,1,'en','validation','ipv6','The :attribute must be a valid IPv6 address.','2023-11-30 00:32:58','2023-11-30 00:32:58'),(67,1,'en','validation','json','The :attribute must be a valid JSON string.','2023-11-30 00:32:58','2023-11-30 00:32:58'),(68,1,'en','validation','lowercase','The :attribute field must be lowercase.','2023-11-30 00:32:58','2023-11-30 00:32:58'),(69,1,'en','validation','lt.array','The :attribute must have less than :value items.','2023-11-30 00:32:58','2023-11-30 00:32:58'),(70,1,'en','validation','lt.file','The :attribute must be less than :value kilobytes.','2023-11-30 00:32:58','2023-11-30 00:32:58'),(71,1,'en','validation','lt.numeric','The :attribute must be less than :value.','2023-11-30 00:32:58','2023-11-30 00:32:58'),(72,1,'en','validation','lt.string','The :attribute must be less than :value characters.','2023-11-30 00:32:58','2023-11-30 00:32:58'),(73,1,'en','validation','lte.array','The :attribute must not have more than :value items.','2023-11-30 00:32:58','2023-11-30 00:32:58'),(74,1,'en','validation','lte.file','The :attribute must be less than or equal to :value kilobytes.','2023-11-30 00:32:58','2023-11-30 00:32:58'),(75,1,'en','validation','lte.numeric','The :attribute must be less than or equal to :value.','2023-11-30 00:32:58','2023-11-30 00:32:58'),(76,1,'en','validation','lte.string','The :attribute must be less than or equal to :value characters.','2023-11-30 00:32:58','2023-11-30 00:32:58'),(77,1,'en','validation','mac_address','The :attribute must be a valid MAC address.','2023-11-30 00:32:58','2023-11-30 00:32:58'),(78,1,'en','validation','max.array','The :attribute must not have more than :max items.','2023-11-30 00:32:58','2023-11-30 00:32:58'),(79,1,'en','validation','max.file','The :attribute must not be greater than :max kilobytes.','2023-11-30 00:32:58','2023-11-30 00:32:58'),(80,1,'en','validation','max.numeric','The :attribute must not be greater than :max.','2023-11-30 00:32:58','2023-11-30 00:32:58'),(81,1,'en','validation','max.string','The :attribute must not be greater than :max characters.','2023-11-30 00:32:58','2023-11-30 00:32:58'),(82,1,'en','validation','max_digits','The :attribute field must not have more than :max digits.','2023-11-30 00:32:58','2023-11-30 00:32:58'),(83,1,'en','validation','mimes','The :attribute must be a file of type: :values.','2023-11-30 00:32:58','2023-11-30 00:32:58'),(84,1,'en','validation','mimetypes','The :attribute must be a file of type: :values.','2023-11-30 00:32:58','2023-11-30 00:32:58'),(85,1,'en','validation','min.array','The :attribute must have at least :min items.','2023-11-30 00:32:58','2023-11-30 00:32:58'),(86,1,'en','validation','min.file','The :attribute must be at least :min kilobytes.','2023-11-30 00:32:58','2023-11-30 00:32:58'),(87,1,'en','validation','min.numeric','The :attribute must be at least :min.','2023-11-30 00:32:58','2023-11-30 00:32:58'),(88,1,'en','validation','min.string','The :attribute must be at least :min characters.','2023-11-30 00:32:58','2023-11-30 00:32:58'),(89,1,'en','validation','min_digits','The :attribute field must have at least :min digits.','2023-11-30 00:32:58','2023-11-30 00:32:58'),(90,1,'en','validation','missing','The :attribute field must be missing.','2023-11-30 00:32:58','2023-11-30 00:32:58'),(91,1,'en','validation','missing_if','The :attribute field must be missing when :other is :value.','2023-11-30 00:32:58','2023-11-30 00:32:58'),(92,1,'en','validation','missing_unless','The :attribute field must be missing unless :other is :value.','2023-11-30 00:32:58','2023-11-30 00:32:58'),(93,1,'en','validation','missing_with','The :attribute field must be missing when :values is present.','2023-11-30 00:32:58','2023-11-30 00:32:58'),(94,1,'en','validation','missing_with_all','The :attribute field must be missing when :values are present.','2023-11-30 00:32:58','2023-11-30 00:32:58'),(95,1,'en','validation','multiple_of','The :attribute must be a multiple of :value.','2023-11-30 00:32:58','2023-11-30 00:32:58'),(96,1,'en','validation','not_in','The selected :attribute is invalid.','2023-11-30 00:32:58','2023-11-30 00:32:58'),(97,1,'en','validation','not_regex','The :attribute format is invalid.','2023-11-30 00:32:58','2023-11-30 00:32:58'),(98,1,'en','validation','numeric','The :attribute must be a number.','2023-11-30 00:32:58','2023-11-30 00:32:58'),(99,1,'en','validation','password.letters','The :attribute must contain at least one letter.','2023-11-30 00:32:58','2023-11-30 00:32:58'),(100,1,'en','validation','password.mixed','The :attribute must contain at least one uppercase and one lowercase letter.','2023-11-30 00:32:58','2023-11-30 00:32:58'),(101,1,'en','validation','password.numbers','The :attribute must contain at least one number.','2023-11-30 00:32:58','2023-11-30 00:32:58'),(102,1,'en','validation','password.symbols','The :attribute must contain at least one symbol.','2023-11-30 00:32:58','2023-11-30 00:32:58'),(103,1,'en','validation','password.uncompromised','The given :attribute has appeared in a data leak. Please choose a different :attribute.','2023-11-30 00:32:58','2023-11-30 00:32:58'),(104,1,'en','validation','present','The :attribute field must be present.','2023-11-30 00:32:58','2023-11-30 00:32:58'),(105,1,'en','validation','present_if','The :attribute field must be present when :other is :value.','2023-11-30 00:32:58','2023-11-30 00:32:58'),(106,1,'en','validation','present_unless','The :attribute field must be present unless :other is :value.','2023-11-30 00:32:58','2023-11-30 00:32:58'),(107,1,'en','validation','present_with','The :attribute field must be present when :values is present.','2023-11-30 00:32:58','2023-11-30 00:32:58'),(108,1,'en','validation','present_with_all','The :attribute field must be present when :values are present.','2023-11-30 00:32:58','2023-11-30 00:32:58'),(109,1,'en','validation','prohibited','The :attribute field is prohibited.','2023-11-30 00:32:58','2023-11-30 00:32:58'),(110,1,'en','validation','prohibited_if','The :attribute field is prohibited when :other is :value.','2023-11-30 00:32:58','2023-11-30 00:32:58'),(111,1,'en','validation','prohibited_unless','The :attribute field is prohibited unless :other is in :values.','2023-11-30 00:32:58','2023-11-30 00:32:58'),(112,1,'en','validation','prohibits','The :attribute field prohibits :other from being present.','2023-11-30 00:32:58','2023-11-30 00:32:58'),(113,1,'en','validation','regex','The :attribute format is invalid.','2023-11-30 00:32:58','2023-11-30 00:32:58'),(114,1,'en','validation','required','The :attribute field is required.','2023-11-30 00:32:58','2023-11-30 00:32:58'),(115,1,'en','validation','required_array_keys','The :attribute field must contain entries for: :values.','2023-11-30 00:32:58','2023-11-30 00:32:58'),(116,1,'en','validation','required_if','The :attribute field is required when :other is :value.','2023-11-30 00:32:58','2023-11-30 00:32:58'),(117,1,'en','validation','required_if_accepted','The :attribute field is required when :other is accepted.','2023-11-30 00:32:58','2023-11-30 00:32:58'),(118,1,'en','validation','required_unless','The :attribute field is required unless :other is in :values.','2023-11-30 00:32:58','2023-11-30 00:32:58'),(119,1,'en','validation','required_with','The :attribute field is required when :values is present.','2023-11-30 00:32:58','2023-11-30 00:32:58'),(120,1,'en','validation','required_with_all','The :attribute field is required when :values are present.','2023-11-30 00:32:58','2023-11-30 00:32:58'),(121,1,'en','validation','required_without','The :attribute field is required when :values is not present.','2023-11-30 00:32:58','2023-11-30 00:32:58'),(122,1,'en','validation','required_without_all','The :attribute field is required when none of :values are present.','2023-11-30 00:32:58','2023-11-30 00:32:58'),(123,1,'en','validation','same','The :attribute and :other must match.','2023-11-30 00:32:58','2023-11-30 00:32:58'),(124,1,'en','validation','size.array','The :attribute must contain :size items.','2023-11-30 00:32:58','2023-11-30 00:32:58'),(125,1,'en','validation','size.file','The :attribute must be :size kilobytes.','2023-11-30 00:32:58','2023-11-30 00:32:58'),(126,1,'en','validation','size.numeric','The :attribute must be :size.','2023-11-30 00:32:58','2023-11-30 00:32:58'),(127,1,'en','validation','size.string','The :attribute must be :size characters.','2023-11-30 00:32:58','2023-11-30 00:32:58'),(128,1,'en','validation','starts_with','The :attribute must start with one of the following: :values.','2023-11-30 00:32:58','2023-11-30 00:32:58'),(129,1,'en','validation','string','The :attribute must be a string.','2023-11-30 00:32:58','2023-11-30 00:32:58'),(130,1,'en','validation','timezone','The :attribute must be a valid timezone.','2023-11-30 00:32:58','2023-11-30 00:32:58'),(131,1,'en','validation','unique','The :attribute has already been taken.','2023-11-30 00:32:58','2023-11-30 00:32:58'),(132,1,'en','validation','uploaded','The :attribute failed to upload.','2023-11-30 00:32:58','2023-11-30 00:32:58'),(133,1,'en','validation','uppercase','The :attribute field must be uppercase.','2023-11-30 00:32:58','2023-11-30 00:32:58'),(134,1,'en','validation','url','The :attribute must be a valid URL.','2023-11-30 00:32:58','2023-11-30 00:32:58'),(135,1,'en','validation','ulid','The :attribute field must be a valid ULID.','2023-11-30 00:32:58','2023-11-30 00:32:58'),(136,1,'en','validation','uuid','The :attribute must be a valid UUID.','2023-11-30 00:32:58','2023-11-30 00:32:58'),(137,1,'en','validation','custom.attribute-name.rule-name','custom-message','2023-11-30 00:32:58','2023-11-30 00:32:58'),(138,1,'en','core/acl/auth','login.username','Email/Username','2023-11-30 00:32:58','2023-11-30 00:32:58'),(139,1,'en','core/acl/auth','login.email','Email','2023-11-30 00:32:58','2023-11-30 00:32:58'),(140,1,'en','core/acl/auth','login.password','Password','2023-11-30 00:32:58','2023-11-30 00:32:58'),(141,1,'en','core/acl/auth','login.title','User Login','2023-11-30 00:32:58','2023-11-30 00:32:58'),(142,1,'en','core/acl/auth','login.remember','Remember me?','2023-11-30 00:32:58','2023-11-30 00:32:58'),(143,1,'en','core/acl/auth','login.login','Sign in','2023-11-30 00:32:58','2023-11-30 00:32:58'),(144,1,'en','core/acl/auth','login.placeholder.username','Enter your username or email address','2023-11-30 00:32:58','2023-11-30 00:32:58'),(145,1,'en','core/acl/auth','login.placeholder.email','Enter your email address','2023-11-30 00:32:58','2023-11-30 00:32:58'),(146,1,'en','core/acl/auth','login.placeholder.password','Enter your password','2023-11-30 00:32:58','2023-11-30 00:32:58'),(147,1,'en','core/acl/auth','login.success','Login successfully!','2023-11-30 00:32:58','2023-11-30 00:32:58'),(148,1,'en','core/acl/auth','login.fail','Wrong username or password.','2023-11-30 00:32:58','2023-11-30 00:32:58'),(149,1,'en','core/acl/auth','login.not_active','Your account has not been activated yet!','2023-11-30 00:32:58','2023-11-30 00:32:58'),(150,1,'en','core/acl/auth','login.banned','This account is banned.','2023-11-30 00:32:58','2023-11-30 00:32:58'),(151,1,'en','core/acl/auth','login.logout_success','Logout successfully!','2023-11-30 00:32:58','2023-11-30 00:32:58'),(152,1,'en','core/acl/auth','login.dont_have_account','You don\'t have account on this system, please contact administrator for more information!','2023-11-30 00:32:58','2023-11-30 00:32:58'),(153,1,'en','core/acl/auth','forgot_password.title','Forgot Password','2023-11-30 00:32:58','2023-11-30 00:32:58'),(154,1,'en','core/acl/auth','forgot_password.message','<p>Have you forgotten your password?</p><p>Please enter your email account. System will send a email with active link to reset your password.</p>','2023-11-30 00:32:58','2023-11-30 00:32:58'),(155,1,'en','core/acl/auth','forgot_password.submit','Submit','2023-11-30 00:32:58','2023-11-30 00:32:58'),(156,1,'en','core/acl/auth','reset.new_password','New password','2023-11-30 00:32:58','2023-11-30 00:32:58'),(157,1,'en','core/acl/auth','reset.password_confirmation','Confirm new password','2023-11-30 00:32:58','2023-11-30 00:32:58'),(158,1,'en','core/acl/auth','reset.email','Email','2023-11-30 00:32:58','2023-11-30 00:32:58'),(159,1,'en','core/acl/auth','reset.title','Reset your password','2023-11-30 00:32:58','2023-11-30 00:32:58'),(160,1,'en','core/acl/auth','reset.update','Update','2023-11-30 00:32:58','2023-11-30 00:32:58'),(161,1,'en','core/acl/auth','reset.wrong_token','This link is invalid or expired. Please try using reset form again.','2023-11-30 00:32:58','2023-11-30 00:32:58'),(162,1,'en','core/acl/auth','reset.user_not_found','This username is not exist.','2023-11-30 00:32:58','2023-11-30 00:32:58'),(163,1,'en','core/acl/auth','reset.success','Reset password successfully!','2023-11-30 00:32:58','2023-11-30 00:32:58'),(164,1,'en','core/acl/auth','reset.fail','Token is invalid, the reset password link has been expired!','2023-11-30 00:32:58','2023-11-30 00:32:58'),(165,1,'en','core/acl/auth','reset.reset.title','Email reset password','2023-11-30 00:32:58','2023-11-30 00:32:58'),(166,1,'en','core/acl/auth','reset.send.success','A email was sent to your email account. Please check and complete this action.','2023-11-30 00:32:58','2023-11-30 00:32:58'),(167,1,'en','core/acl/auth','reset.send.fail','Can not send email in this time. Please try again later.','2023-11-30 00:32:58','2023-11-30 00:32:58'),(168,1,'en','core/acl/auth','reset.new-password','New password','2023-11-30 00:32:58','2023-11-30 00:32:58'),(169,1,'en','core/acl/auth','reset.placeholder.new_password','Enter your new password','2023-11-30 00:32:58','2023-11-30 00:32:58'),(170,1,'en','core/acl/auth','reset.placeholder.new_password_confirmation','Confirm your new password','2023-11-30 00:32:58','2023-11-30 00:32:58'),(171,1,'en','core/acl/auth','email.reminder.title','Email reset password','2023-11-30 00:32:58','2023-11-30 00:32:58'),(172,1,'en','core/acl/auth','password_confirmation','Password confirm','2023-11-30 00:32:58','2023-11-30 00:32:58'),(173,1,'en','core/acl/auth','failed','Failed','2023-11-30 00:32:58','2023-11-30 00:32:58'),(174,1,'en','core/acl/auth','throttle','Throttle','2023-11-30 00:32:58','2023-11-30 00:32:58'),(175,1,'en','core/acl/auth','not_member','Not a member yet?','2023-11-30 00:32:58','2023-11-30 00:32:58'),(176,1,'en','core/acl/auth','register_now','Register now','2023-11-30 00:32:58','2023-11-30 00:32:58'),(177,1,'en','core/acl/auth','lost_your_password','Lost your password?','2023-11-30 00:32:59','2023-11-30 00:32:59'),(178,1,'en','core/acl/auth','login_title','Admin','2023-11-30 00:32:59','2023-11-30 00:32:59'),(179,1,'en','core/acl/auth','login_via_social','Login with social networks','2023-11-30 00:32:59','2023-11-30 00:32:59'),(180,1,'en','core/acl/auth','back_to_login','Back to login page','2023-11-30 00:32:59','2023-11-30 00:32:59'),(181,1,'en','core/acl/auth','sign_in_below','Sign In Below','2023-11-30 00:32:59','2023-11-30 00:32:59'),(182,1,'en','core/acl/auth','languages','Languages','2023-11-30 00:32:59','2023-11-30 00:32:59'),(183,1,'en','core/acl/auth','reset_password','Reset Password','2023-11-30 00:32:59','2023-11-30 00:32:59'),(184,1,'en','core/acl/auth','settings.email.title','ACL','2023-11-30 00:32:59','2023-11-30 00:32:59'),(185,1,'en','core/acl/auth','settings.email.description','ACL email configuration','2023-11-30 00:32:59','2023-11-30 00:32:59'),(186,1,'en','core/acl/permissions','notices.role_in_use','Cannot delete this role, it is still in use!','2023-11-30 00:32:59','2023-11-30 00:32:59'),(187,1,'en','core/acl/permissions','notices.role_delete_belong_user','You are not able to delete this role; it belongs to someone else!','2023-11-30 00:32:59','2023-11-30 00:32:59'),(188,1,'en','core/acl/permissions','notices.role_edit_belong_user','You are not able to edit this role; it belongs to someone else!','2023-11-30 00:32:59','2023-11-30 00:32:59'),(189,1,'en','core/acl/permissions','notices.delete_global_role','You are not allowed to delete global roles!','2023-11-30 00:32:59','2023-11-30 00:32:59'),(190,1,'en','core/acl/permissions','notices.delete_success','The selected role was deleted successfully!','2023-11-30 00:32:59','2023-11-30 00:32:59'),(191,1,'en','core/acl/permissions','notices.modified_success','The selected role was modified successfully!','2023-11-30 00:32:59','2023-11-30 00:32:59'),(192,1,'en','core/acl/permissions','notices.create_success','The new role was successfully created','2023-11-30 00:32:59','2023-11-30 00:32:59'),(193,1,'en','core/acl/permissions','notices.duplicated_success','The selected role was duplicated successfully','2023-11-30 00:32:59','2023-11-30 00:32:59'),(194,1,'en','core/acl/permissions','notices.no_select','Please select at least one record to take this action!','2023-11-30 00:32:59','2023-11-30 00:32:59'),(195,1,'en','core/acl/permissions','notices.not_found','Role not found','2023-11-30 00:32:59','2023-11-30 00:32:59'),(196,1,'en','core/acl/permissions','name','Name','2023-11-30 00:32:59','2023-11-30 00:32:59'),(197,1,'en','core/acl/permissions','current_role','Current Role','2023-11-30 00:32:59','2023-11-30 00:32:59'),(198,1,'en','core/acl/permissions','no_role_assigned','No role assigned','2023-11-30 00:32:59','2023-11-30 00:32:59'),(199,1,'en','core/acl/permissions','role_assigned','Assigned Role','2023-11-30 00:32:59','2023-11-30 00:32:59'),(200,1,'en','core/acl/permissions','create_role','Create New Role','2023-11-30 00:32:59','2023-11-30 00:32:59'),(201,1,'en','core/acl/permissions','role_name','Name','2023-11-30 00:32:59','2023-11-30 00:32:59'),(202,1,'en','core/acl/permissions','role_description','Description','2023-11-30 00:32:59','2023-11-30 00:32:59'),(203,1,'en','core/acl/permissions','permission_flags','Permission Flags','2023-11-30 00:32:59','2023-11-30 00:32:59'),(204,1,'en','core/acl/permissions','cancel','Cancel','2023-11-30 00:32:59','2023-11-30 00:32:59'),(205,1,'en','core/acl/permissions','reset','Reset','2023-11-30 00:32:59','2023-11-30 00:32:59'),(206,1,'en','core/acl/permissions','save','Save','2023-11-30 00:32:59','2023-11-30 00:32:59'),(207,1,'en','core/acl/permissions','global_role_msg','This is a global role and cannot be modified.  You can use the Duplicate button to make a copy of this role that you can then modify.','2023-11-30 00:32:59','2023-11-30 00:32:59'),(208,1,'en','core/acl/permissions','details','Details \":name\"','2023-11-30 00:32:59','2023-11-30 00:32:59'),(209,1,'en','core/acl/permissions','duplicate','Duplicate','2023-11-30 00:32:59','2023-11-30 00:32:59'),(210,1,'en','core/acl/permissions','all','All Permissions','2023-11-30 00:32:59','2023-11-30 00:32:59'),(211,1,'en','core/acl/permissions','list_role','List Roles','2023-11-30 00:32:59','2023-11-30 00:32:59'),(212,1,'en','core/acl/permissions','created_on','Created On','2023-11-30 00:32:59','2023-11-30 00:32:59'),(213,1,'en','core/acl/permissions','created_by','Created By','2023-11-30 00:32:59','2023-11-30 00:32:59'),(214,1,'en','core/acl/permissions','actions','Actions','2023-11-30 00:32:59','2023-11-30 00:32:59'),(215,1,'en','core/acl/permissions','role_in_use','Cannot delete this role, it is still in use!','2023-11-30 00:32:59','2023-11-30 00:32:59'),(216,1,'en','core/acl/permissions','role_delete_belong_user','You are not able to delete this role; it belongs to someone else!','2023-11-30 00:32:59','2023-11-30 00:32:59'),(217,1,'en','core/acl/permissions','delete_global_role','Can not delete global role','2023-11-30 00:32:59','2023-11-30 00:32:59'),(218,1,'en','core/acl/permissions','delete_success','Delete role successfully','2023-11-30 00:32:59','2023-11-30 00:32:59'),(219,1,'en','core/acl/permissions','no_select','Please select at least one role to take this action!','2023-11-30 00:32:59','2023-11-30 00:32:59'),(220,1,'en','core/acl/permissions','not_found','No role found!','2023-11-30 00:32:59','2023-11-30 00:32:59'),(221,1,'en','core/acl/permissions','role_edit_belong_user','You are not able to edit this role; it belongs to someone else!','2023-11-30 00:32:59','2023-11-30 00:32:59'),(222,1,'en','core/acl/permissions','modified_success','Modified successfully','2023-11-30 00:32:59','2023-11-30 00:32:59'),(223,1,'en','core/acl/permissions','create_success','Create successfully','2023-11-30 00:32:59','2023-11-30 00:32:59'),(224,1,'en','core/acl/permissions','duplicated_success','Duplicated successfully','2023-11-30 00:32:59','2023-11-30 00:32:59'),(225,1,'en','core/acl/permissions','options','Options','2023-11-30 00:32:59','2023-11-30 00:32:59'),(226,1,'en','core/acl/permissions','access_denied_message','You are not allowed to do this action','2023-11-30 00:32:59','2023-11-30 00:32:59'),(227,1,'en','core/acl/permissions','roles','Roles','2023-11-30 00:32:59','2023-11-30 00:32:59'),(228,1,'en','core/acl/permissions','role_permission','Roles And Permissions','2023-11-30 00:32:59','2023-11-30 00:32:59'),(229,1,'en','core/acl/permissions','role_permission_description','View and update your roles and permissions','2023-11-30 00:32:59','2023-11-30 00:32:59'),(230,1,'en','core/acl/permissions','user_management','User Management','2023-11-30 00:32:59','2023-11-30 00:32:59'),(231,1,'en','core/acl/permissions','super_user_management','Super User Management','2023-11-30 00:32:59','2023-11-30 00:32:59'),(232,1,'en','core/acl/permissions','action_unauthorized','This action is unauthorized.','2023-11-30 00:32:59','2023-11-30 00:32:59'),(233,1,'en','core/acl/users','delete_user_logged_in','Can\'t delete this user. This user is logged on!','2023-11-30 00:32:59','2023-11-30 00:32:59'),(234,1,'en','core/acl/users','no_select','Please select at least one record to take this action!','2023-11-30 00:32:59','2023-11-30 00:32:59'),(235,1,'en','core/acl/users','lock_user_logged_in','Can\'t lock this user. This user is logged on!','2023-11-30 00:32:59','2023-11-30 00:32:59'),(236,1,'en','core/acl/users','update_success','Update status successfully!','2023-11-30 00:32:59','2023-11-30 00:32:59'),(237,1,'en','core/acl/users','save_setting_failed','Something went wrong when save your setting','2023-11-30 00:32:59','2023-11-30 00:32:59'),(238,1,'en','core/acl/users','not_found','User not found','2023-11-30 00:32:59','2023-11-30 00:32:59'),(239,1,'en','core/acl/users','email_exist','That email address already belongs to an existing account','2023-11-30 00:32:59','2023-11-30 00:32:59'),(240,1,'en','core/acl/users','username_exist','That username address already belongs to an existing account','2023-11-30 00:32:59','2023-11-30 00:32:59'),(241,1,'en','core/acl/users','update_profile_success','Your profile changes were successfully saved','2023-11-30 00:32:59','2023-11-30 00:32:59'),(242,1,'en','core/acl/users','password_update_success','Password successfully changed','2023-11-30 00:32:59','2023-11-30 00:32:59'),(243,1,'en','core/acl/users','current_password_not_valid','Current password is not valid','2023-11-30 00:32:59','2023-11-30 00:32:59'),(244,1,'en','core/acl/users','user_exist_in','User is already a member','2023-11-30 00:32:59','2023-11-30 00:32:59'),(245,1,'en','core/acl/users','email','Email','2023-11-30 00:32:59','2023-11-30 00:32:59'),(246,1,'en','core/acl/users','role','Role','2023-11-30 00:32:59','2023-11-30 00:32:59'),(247,1,'en','core/acl/users','username','Username','2023-11-30 00:32:59','2023-11-30 00:32:59'),(248,1,'en','core/acl/users','last_name','Last Name','2023-11-30 00:32:59','2023-11-30 00:32:59'),(249,1,'en','core/acl/users','first_name','First Name','2023-11-30 00:32:59','2023-11-30 00:32:59'),(250,1,'en','core/acl/users','message','Message','2023-11-30 00:32:59','2023-11-30 00:32:59'),(251,1,'en','core/acl/users','cancel_btn','Cancel','2023-11-30 00:32:59','2023-11-30 00:32:59'),(252,1,'en','core/acl/users','change_password','Change password','2023-11-30 00:32:59','2023-11-30 00:32:59'),(253,1,'en','core/acl/users','current_password','Current Password','2023-11-30 00:32:59','2023-11-30 00:32:59'),(254,1,'en','core/acl/users','new_password','New Password','2023-11-30 00:32:59','2023-11-30 00:32:59'),(255,1,'en','core/acl/users','confirm_new_password','Confirm New Password','2023-11-30 00:32:59','2023-11-30 00:32:59'),(256,1,'en','core/acl/users','password','Password','2023-11-30 00:32:59','2023-11-30 00:32:59'),(257,1,'en','core/acl/users','save','Save','2023-11-30 00:32:59','2023-11-30 00:32:59'),(258,1,'en','core/acl/users','cannot_delete','User could not be deleted','2023-11-30 00:32:59','2023-11-30 00:32:59'),(259,1,'en','core/acl/users','deleted','User deleted','2023-11-30 00:32:59','2023-11-30 00:32:59'),(260,1,'en','core/acl/users','last_login','Last Login','2023-11-30 00:32:59','2023-11-30 00:32:59'),(261,1,'en','core/acl/users','error_update_profile_image','Error when update profile image','2023-11-30 00:32:59','2023-11-30 00:32:59'),(262,1,'en','core/acl/users','email_reminder_template','<h3>Hello :name</h3><p>The system has received a request to restore the password for your account, to complete this task please click the link below.</p><p><a href=\":link\">Reset password now</a></p><p>If not you ask recover password, please ignore this email.</p><p>This email is valid for 60 minutes after receiving the email.</p>','2023-11-30 00:32:59','2023-11-30 00:32:59'),(263,1,'en','core/acl/users','change_profile_image','Change Profile Image','2023-11-30 00:32:59','2023-11-30 00:32:59'),(264,1,'en','core/acl/users','new_image','New Image','2023-11-30 00:32:59','2023-11-30 00:32:59'),(265,1,'en','core/acl/users','loading','Loading','2023-11-30 00:32:59','2023-11-30 00:32:59'),(266,1,'en','core/acl/users','close','Close','2023-11-30 00:32:59','2023-11-30 00:32:59'),(267,1,'en','core/acl/users','update','Update','2023-11-30 00:32:59','2023-11-30 00:32:59'),(268,1,'en','core/acl/users','read_image_failed','Failed to read the image file','2023-11-30 00:32:59','2023-11-30 00:32:59'),(269,1,'en','core/acl/users','users','Users','2023-11-30 00:32:59','2023-11-30 00:32:59'),(270,1,'en','core/acl/users','users_description','View and update your system users','2023-11-30 00:32:59','2023-11-30 00:32:59'),(271,1,'en','core/acl/users','update_avatar_success','Update profile image successfully!','2023-11-30 00:32:59','2023-11-30 00:32:59'),(272,1,'en','core/acl/users','delete_avatar_success','Delete profile image successfully!','2023-11-30 00:32:59','2023-11-30 00:32:59'),(273,1,'en','core/acl/users','info.title','User profile','2023-11-30 00:32:59','2023-11-30 00:32:59'),(274,1,'en','core/acl/users','info.first_name','First Name','2023-11-30 00:32:59','2023-11-30 00:32:59'),(275,1,'en','core/acl/users','info.last_name','Last Name','2023-11-30 00:32:59','2023-11-30 00:32:59'),(276,1,'en','core/acl/users','total_users','Total users','2023-11-30 00:32:59','2023-11-30 00:32:59'),(277,1,'en','core/acl/users','statuses.activated','Activated','2023-11-30 00:32:59','2023-11-30 00:32:59'),(278,1,'en','core/acl/users','statuses.deactivated','Deactivated','2023-11-30 00:32:59','2023-11-30 00:32:59'),(279,1,'en','core/acl/users','avatar','Avatar','2023-11-30 00:32:59','2023-11-30 00:32:59'),(280,1,'en','core/acl/users','make_super','Make super','2023-11-30 00:32:59','2023-11-30 00:32:59'),(281,1,'en','core/acl/users','remove_super','Remove super','2023-11-30 00:32:59','2023-11-30 00:32:59'),(282,1,'en','core/acl/users','is_super','Is super?','2023-11-30 00:32:59','2023-11-30 00:32:59'),(283,1,'en','core/acl/users','email_placeholder','Ex: example@gmail.com','2023-11-30 00:32:59','2023-11-30 00:32:59'),(284,1,'en','core/acl/users','password_confirmation','Re-type password','2023-11-30 00:32:59','2023-11-30 00:32:59'),(285,1,'en','core/acl/users','select_role','Select role','2023-11-30 00:32:59','2023-11-30 00:32:59'),(286,1,'en','core/acl/users','create_new_user','Create a new user','2023-11-30 00:32:59','2023-11-30 00:32:59'),(287,1,'en','core/acl/users','cannot_delete_super_user','Permission denied. Cannot delete a super user!','2023-11-30 00:32:59','2023-11-30 00:32:59'),(288,1,'en','core/acl/users','assigned_role','Assigned Role','2023-11-30 00:32:59','2023-11-30 00:32:59'),(289,1,'en','core/acl/users','no_role_assigned','No role assigned','2023-11-30 00:32:59','2023-11-30 00:32:59'),(290,1,'en','core/acl/users','view_user_profile','View user\'s profile','2023-11-30 00:32:59','2023-11-30 00:32:59'),(291,1,'en','core/base/base','yes','Yes','2023-11-30 00:32:59','2023-11-30 00:32:59'),(292,1,'en','core/base/base','no','No','2023-11-30 00:32:59','2023-11-30 00:32:59'),(293,1,'en','core/base/base','is_default','Is default?','2023-11-30 00:32:59','2023-11-30 00:32:59'),(294,1,'en','core/base/base','proc_close_disabled_error','Function proc_close() is disabled. Please contact your hosting provider to enable\n    it. Or you can add to .env: CAN_EXECUTE_COMMAND=false to disable this feature.','2023-11-30 00:32:59','2023-11-30 00:32:59'),(295,1,'en','core/base/base','email_template.header','Email template header','2023-11-30 00:32:59','2023-11-30 00:32:59'),(296,1,'en','core/base/base','email_template.footer','Email template footer','2023-11-30 00:32:59','2023-11-30 00:32:59'),(297,1,'en','core/base/base','email_template.site_title','Site title','2023-11-30 00:32:59','2023-11-30 00:32:59'),(298,1,'en','core/base/base','email_template.site_url','Site URL','2023-11-30 00:32:59','2023-11-30 00:32:59'),(299,1,'en','core/base/base','email_template.site_logo','Site Logo','2023-11-30 00:32:59','2023-11-30 00:32:59'),(300,1,'en','core/base/base','email_template.date_time','Current date time','2023-11-30 00:32:59','2023-11-30 00:32:59'),(301,1,'en','core/base/base','email_template.date_year','Current year','2023-11-30 00:32:59','2023-11-30 00:32:59'),(302,1,'en','core/base/base','email_template.site_admin_email','Site admin email','2023-11-30 00:32:59','2023-11-30 00:32:59'),(303,1,'en','core/base/base','email_template.twig.tag.apply','The apply tag allows you to apply Twig filters','2023-11-30 00:32:59','2023-11-30 00:32:59'),(304,1,'en','core/base/base','email_template.twig.tag.for','Loop over each item in a sequence','2023-11-30 00:32:59','2023-11-30 00:32:59'),(305,1,'en','core/base/base','email_template.twig.tag.if','The if statement in Twig is comparable with the if statements of PHP','2023-11-30 00:32:59','2023-11-30 00:32:59'),(306,1,'en','core/base/base','change_image','Change image','2023-11-30 00:32:59','2023-11-30 00:32:59'),(307,1,'en','core/base/base','delete_image','Delete image','2023-11-30 00:32:59','2023-11-30 00:32:59'),(308,1,'en','core/base/base','preview_image','Preview image','2023-11-30 00:32:59','2023-11-30 00:32:59'),(309,1,'en','core/base/base','image','Image','2023-11-30 00:32:59','2023-11-30 00:32:59'),(310,1,'en','core/base/base','using_button','Using button','2023-11-30 00:32:59','2023-11-30 00:32:59'),(311,1,'en','core/base/base','select_image','Select image','2023-11-30 00:32:59','2023-11-30 00:32:59'),(312,1,'en','core/base/base','click_here','Click here','2023-11-30 00:32:59','2023-11-30 00:32:59'),(313,1,'en','core/base/base','to_add_more_image','to add more images','2023-11-30 00:32:59','2023-11-30 00:32:59'),(314,1,'en','core/base/base','add_image','Add image','2023-11-30 00:32:59','2023-11-30 00:32:59'),(315,1,'en','core/base/base','tools','Tools','2023-11-30 00:32:59','2023-11-30 00:32:59'),(316,1,'en','core/base/base','close','Close','2023-11-30 00:32:59','2023-11-30 00:32:59'),(317,1,'en','core/base/base','panel.others','Others','2023-11-30 00:32:59','2023-11-30 00:32:59'),(318,1,'en','core/base/base','panel.system','System','2023-11-30 00:32:59','2023-11-30 00:32:59'),(319,1,'en','core/base/base','panel.manage_description','Manage :name','2023-11-30 00:32:59','2023-11-30 00:32:59'),(320,1,'en','core/base/base','global_search.title','Search','2023-11-30 00:32:59','2023-11-30 00:32:59'),(321,1,'en','core/base/base','global_search.search','Search','2023-11-30 00:32:59','2023-11-30 00:32:59'),(322,1,'en','core/base/base','global_search.clear','Clear','2023-11-30 00:32:59','2023-11-30 00:32:59'),(323,1,'en','core/base/base','global_search.no_result','No result found','2023-11-30 00:32:59','2023-11-30 00:32:59'),(324,1,'en','core/base/base','global_search.to_select','to select','2023-11-30 00:32:59','2023-11-30 00:32:59'),(325,1,'en','core/base/base','global_search.to_navigate','to navigate','2023-11-30 00:32:59','2023-11-30 00:32:59'),(326,1,'en','core/base/base','global_search.to_close','to close','2023-11-30 00:32:59','2023-11-30 00:32:59'),(327,1,'en','core/base/base','validation.email_in_blacklist','The :attribute is in blacklist. Please use another email address.','2023-11-30 00:32:59','2023-11-30 00:32:59'),(328,1,'en','core/base/base','validation.domain','The :attribute must be a valid domain.','2023-11-30 00:32:59','2023-11-30 00:32:59'),(329,1,'en','core/base/cache','cache_management','Cache Management','2023-11-30 00:32:59','2023-11-30 00:32:59'),(330,1,'en','core/base/cache','cache_management_description','Clear cache to make your site up to date.','2023-11-30 00:32:59','2023-11-30 00:32:59'),(331,1,'en','core/base/cache','cache_commands','Clear cache commands','2023-11-30 00:32:59','2023-11-30 00:32:59'),(332,1,'en','core/base/cache','commands.clear_cms_cache.title','Clear all CMS cache','2023-11-30 00:32:59','2023-11-30 00:32:59'),(333,1,'en','core/base/cache','commands.clear_cms_cache.description','Clear CMS caching: database caching, static blocks... Run this command when you don\'t see the changes after updating data.','2023-11-30 00:32:59','2023-11-30 00:32:59'),(334,1,'en','core/base/cache','commands.clear_cms_cache.success_msg','Cache cleaned','2023-11-30 00:32:59','2023-11-30 00:32:59'),(335,1,'en','core/base/cache','commands.refresh_compiled_views.title','Refresh compiled views','2023-11-30 00:32:59','2023-11-30 00:32:59'),(336,1,'en','core/base/cache','commands.refresh_compiled_views.description','Clear compiled views to make views up to date.','2023-11-30 00:32:59','2023-11-30 00:32:59'),(337,1,'en','core/base/cache','commands.refresh_compiled_views.success_msg','Cache view refreshed','2023-11-30 00:32:59','2023-11-30 00:32:59'),(338,1,'en','core/base/cache','commands.clear_config_cache.title','Clear config cache','2023-11-30 00:32:59','2023-11-30 00:32:59'),(339,1,'en','core/base/cache','commands.clear_config_cache.description','You might need to refresh the config caching when you change something on production environment.','2023-11-30 00:32:59','2023-11-30 00:32:59'),(340,1,'en','core/base/cache','commands.clear_config_cache.success_msg','Config cache cleaned','2023-11-30 00:32:59','2023-11-30 00:32:59'),(341,1,'en','core/base/cache','commands.clear_route_cache.title','Clear route cache','2023-11-30 00:32:59','2023-11-30 00:32:59'),(342,1,'en','core/base/cache','commands.clear_route_cache.description','Clear cache routing.','2023-11-30 00:32:59','2023-11-30 00:32:59'),(343,1,'en','core/base/cache','commands.clear_route_cache.success_msg','The route cache has been cleaned','2023-11-30 00:32:59','2023-11-30 00:32:59'),(344,1,'en','core/base/cache','commands.clear_log.title','Clear log','2023-11-30 00:32:59','2023-11-30 00:32:59'),(345,1,'en','core/base/cache','commands.clear_log.description','Clear system log files','2023-11-30 00:32:59','2023-11-30 00:32:59'),(346,1,'en','core/base/cache','commands.clear_log.success_msg','The system log has been cleaned','2023-11-30 00:32:59','2023-11-30 00:32:59'),(347,1,'en','core/base/countries','af','Ap ga nistan','2023-11-30 00:32:59','2023-11-30 00:32:59'),(348,1,'en','core/base/countries','ax','Åland Islands','2023-11-30 00:32:59','2023-11-30 00:32:59'),(349,1,'en','core/base/countries','al','Albania','2023-11-30 00:32:59','2023-11-30 00:32:59'),(350,1,'en','core/base/countries','dz','Algeria','2023-11-30 00:32:59','2023-11-30 00:32:59'),(351,1,'en','core/base/countries','as','American Samoa','2023-11-30 00:32:59','2023-11-30 00:32:59'),(352,1,'en','core/base/countries','ad','Andorra','2023-11-30 00:32:59','2023-11-30 00:32:59'),(353,1,'en','core/base/countries','ao','Angola','2023-11-30 00:32:59','2023-11-30 00:32:59'),(354,1,'en','core/base/countries','ai','Anguilla','2023-11-30 00:32:59','2023-11-30 00:32:59'),(355,1,'en','core/base/countries','aq','Antarctica','2023-11-30 00:32:59','2023-11-30 00:32:59'),(356,1,'en','core/base/countries','ag','Antigua and Barbuda','2023-11-30 00:32:59','2023-11-30 00:32:59'),(357,1,'en','core/base/countries','ar','Argentina','2023-11-30 00:32:59','2023-11-30 00:32:59'),(358,1,'en','core/base/countries','am','Armenia','2023-11-30 00:32:59','2023-11-30 00:32:59'),(359,1,'en','core/base/countries','aw','Aruba','2023-11-30 00:32:59','2023-11-30 00:32:59'),(360,1,'en','core/base/countries','au','Australia','2023-11-30 00:32:59','2023-11-30 00:32:59'),(361,1,'en','core/base/countries','at','Austria','2023-11-30 00:32:59','2023-11-30 00:32:59'),(362,1,'en','core/base/countries','az','Azerbaijan','2023-11-30 00:32:59','2023-11-30 00:32:59'),(363,1,'en','core/base/countries','bs','Bahamas','2023-11-30 00:32:59','2023-11-30 00:32:59'),(364,1,'en','core/base/countries','bh','Bahrain','2023-11-30 00:32:59','2023-11-30 00:32:59'),(365,1,'en','core/base/countries','bd','Bangladesh','2023-11-30 00:32:59','2023-11-30 00:32:59'),(366,1,'en','core/base/countries','bb','Barbados','2023-11-30 00:32:59','2023-11-30 00:32:59'),(367,1,'en','core/base/countries','by','Belarus','2023-11-30 00:32:59','2023-11-30 00:32:59'),(368,1,'en','core/base/countries','be','Belgium','2023-11-30 00:32:59','2023-11-30 00:32:59'),(369,1,'en','core/base/countries','pw','Belau','2023-11-30 00:32:59','2023-11-30 00:32:59'),(370,1,'en','core/base/countries','bz','Belize','2023-11-30 00:32:59','2023-11-30 00:32:59'),(371,1,'en','core/base/countries','bj','Benin','2023-11-30 00:32:59','2023-11-30 00:32:59'),(372,1,'en','core/base/countries','bm','Bermuda','2023-11-30 00:32:59','2023-11-30 00:32:59'),(373,1,'en','core/base/countries','bt','Bhutan','2023-11-30 00:32:59','2023-11-30 00:32:59'),(374,1,'en','core/base/countries','bo','Bolivia','2023-11-30 00:32:59','2023-11-30 00:32:59'),(375,1,'en','core/base/countries','bq','Bonaire, Saint Eustatius and Saba','2023-11-30 00:32:59','2023-11-30 00:32:59'),(376,1,'en','core/base/countries','ba','Bosnia and Herzegovina','2023-11-30 00:32:59','2023-11-30 00:32:59'),(377,1,'en','core/base/countries','bw','Botswana','2023-11-30 00:33:00','2023-11-30 00:33:00'),(378,1,'en','core/base/countries','bv','Bouvet Island','2023-11-30 00:33:00','2023-11-30 00:33:00'),(379,1,'en','core/base/countries','br','Brazil','2023-11-30 00:33:00','2023-11-30 00:33:00'),(380,1,'en','core/base/countries','io','British Indian Ocean Territory','2023-11-30 00:33:00','2023-11-30 00:33:00'),(381,1,'en','core/base/countries','bn','Brunei','2023-11-30 00:33:00','2023-11-30 00:33:00'),(382,1,'en','core/base/countries','bg','Bulgaria','2023-11-30 00:33:00','2023-11-30 00:33:00'),(383,1,'en','core/base/countries','bf','Burkina Faso','2023-11-30 00:33:00','2023-11-30 00:33:00'),(384,1,'en','core/base/countries','bi','Burundi','2023-11-30 00:33:00','2023-11-30 00:33:00'),(385,1,'en','core/base/countries','kh','Cambodia','2023-11-30 00:33:00','2023-11-30 00:33:00'),(386,1,'en','core/base/countries','cm','Cameroon','2023-11-30 00:33:00','2023-11-30 00:33:00'),(387,1,'en','core/base/countries','ca','Canada','2023-11-30 00:33:00','2023-11-30 00:33:00'),(388,1,'en','core/base/countries','cv','Cape Verde','2023-11-30 00:33:00','2023-11-30 00:33:00'),(389,1,'en','core/base/countries','ky','Cayman Islands','2023-11-30 00:33:00','2023-11-30 00:33:00'),(390,1,'en','core/base/countries','cf','Central African Republic','2023-11-30 00:33:00','2023-11-30 00:33:00'),(391,1,'en','core/base/countries','td','Chad','2023-11-30 00:33:00','2023-11-30 00:33:00'),(392,1,'en','core/base/countries','cl','Chile','2023-11-30 00:33:00','2023-11-30 00:33:00'),(393,1,'en','core/base/countries','cn','China','2023-11-30 00:33:00','2023-11-30 00:33:00'),(394,1,'en','core/base/countries','cx','Christmas Island','2023-11-30 00:33:00','2023-11-30 00:33:00'),(395,1,'en','core/base/countries','cc','Cocos (Keeling) Islands','2023-11-30 00:33:00','2023-11-30 00:33:00'),(396,1,'en','core/base/countries','co','Colombia','2023-11-30 00:33:00','2023-11-30 00:33:00'),(397,1,'en','core/base/countries','km','Comoros','2023-11-30 00:33:00','2023-11-30 00:33:00'),(398,1,'en','core/base/countries','cg','Congo (Brazzaville)','2023-11-30 00:33:00','2023-11-30 00:33:00'),(399,1,'en','core/base/countries','cd','Congo (Kinshasa)','2023-11-30 00:33:00','2023-11-30 00:33:00'),(400,1,'en','core/base/countries','ck','Cook Islands','2023-11-30 00:33:00','2023-11-30 00:33:00'),(401,1,'en','core/base/countries','cr','Costa Rica','2023-11-30 00:33:00','2023-11-30 00:33:00'),(402,1,'en','core/base/countries','hr','Croatia','2023-11-30 00:33:00','2023-11-30 00:33:00'),(403,1,'en','core/base/countries','cu','Cuba','2023-11-30 00:33:00','2023-11-30 00:33:00'),(404,1,'en','core/base/countries','cw','Cura&ccedil;ao','2023-11-30 00:33:00','2023-11-30 00:33:00'),(405,1,'en','core/base/countries','cy','Cyprus','2023-11-30 00:33:00','2023-11-30 00:33:00'),(406,1,'en','core/base/countries','cz','Czech Republic','2023-11-30 00:33:00','2023-11-30 00:33:00'),(407,1,'en','core/base/countries','dk','Denmark','2023-11-30 00:33:00','2023-11-30 00:33:00'),(408,1,'en','core/base/countries','dj','Djibouti','2023-11-30 00:33:00','2023-11-30 00:33:00'),(409,1,'en','core/base/countries','dm','Dominica','2023-11-30 00:33:00','2023-11-30 00:33:00'),(410,1,'en','core/base/countries','do','Dominican Republic','2023-11-30 00:33:00','2023-11-30 00:33:00'),(411,1,'en','core/base/countries','ec','Ecuador','2023-11-30 00:33:00','2023-11-30 00:33:00'),(412,1,'en','core/base/countries','eg','Egypt','2023-11-30 00:33:00','2023-11-30 00:33:00'),(413,1,'en','core/base/countries','sv','El Salvador','2023-11-30 00:33:00','2023-11-30 00:33:00'),(414,1,'en','core/base/countries','gq','Equatorial Guinea','2023-11-30 00:33:00','2023-11-30 00:33:00'),(415,1,'en','core/base/countries','er','Eritrea','2023-11-30 00:33:00','2023-11-30 00:33:00'),(416,1,'en','core/base/countries','ee','Estonia','2023-11-30 00:33:00','2023-11-30 00:33:00'),(417,1,'en','core/base/countries','et','Ethiopia','2023-11-30 00:33:00','2023-11-30 00:33:00'),(418,1,'en','core/base/countries','fk','Falkland Islands','2023-11-30 00:33:00','2023-11-30 00:33:00'),(419,1,'en','core/base/countries','fo','Faroe Islands','2023-11-30 00:33:00','2023-11-30 00:33:00'),(420,1,'en','core/base/countries','fj','Fiji','2023-11-30 00:33:00','2023-11-30 00:33:00'),(421,1,'en','core/base/countries','fi','Finland','2023-11-30 00:33:00','2023-11-30 00:33:00'),(422,1,'en','core/base/countries','fr','France','2023-11-30 00:33:00','2023-11-30 00:33:00'),(423,1,'en','core/base/countries','gf','French Guiana','2023-11-30 00:33:00','2023-11-30 00:33:00'),(424,1,'en','core/base/countries','pf','French Polynesia','2023-11-30 00:33:00','2023-11-30 00:33:00'),(425,1,'en','core/base/countries','tf','French Southern Territories','2023-11-30 00:33:00','2023-11-30 00:33:00'),(426,1,'en','core/base/countries','ga','Gabon','2023-11-30 00:33:00','2023-11-30 00:33:00'),(427,1,'en','core/base/countries','gm','Gambia','2023-11-30 00:33:00','2023-11-30 00:33:00'),(428,1,'en','core/base/countries','ge','Georgia','2023-11-30 00:33:00','2023-11-30 00:33:00'),(429,1,'en','core/base/countries','de','Germany','2023-11-30 00:33:00','2023-11-30 00:33:00'),(430,1,'en','core/base/countries','gh','Ghana','2023-11-30 00:33:00','2023-11-30 00:33:00'),(431,1,'en','core/base/countries','gi','Gibraltar','2023-11-30 00:33:00','2023-11-30 00:33:00'),(432,1,'en','core/base/countries','gr','Greece','2023-11-30 00:33:00','2023-11-30 00:33:00'),(433,1,'en','core/base/countries','gl','Greenland','2023-11-30 00:33:00','2023-11-30 00:33:00'),(434,1,'en','core/base/countries','gd','Grenada','2023-11-30 00:33:00','2023-11-30 00:33:00'),(435,1,'en','core/base/countries','gp','Guadeloupe','2023-11-30 00:33:00','2023-11-30 00:33:00'),(436,1,'en','core/base/countries','gu','Guam','2023-11-30 00:33:00','2023-11-30 00:33:00'),(437,1,'en','core/base/countries','gt','Guatemala','2023-11-30 00:33:00','2023-11-30 00:33:00'),(438,1,'en','core/base/countries','gg','Guernsey','2023-11-30 00:33:00','2023-11-30 00:33:00'),(439,1,'en','core/base/countries','gn','Guinea','2023-11-30 00:33:00','2023-11-30 00:33:00'),(440,1,'en','core/base/countries','gw','Guinea-Bissau','2023-11-30 00:33:00','2023-11-30 00:33:00'),(441,1,'en','core/base/countries','gy','Guyana','2023-11-30 00:33:00','2023-11-30 00:33:00'),(442,1,'en','core/base/countries','ht','Haiti','2023-11-30 00:33:00','2023-11-30 00:33:00'),(443,1,'en','core/base/countries','hm','Heard Island and McDonald Islands','2023-11-30 00:33:00','2023-11-30 00:33:00'),(444,1,'en','core/base/countries','hn','Honduras','2023-11-30 00:33:00','2023-11-30 00:33:00'),(445,1,'en','core/base/countries','hk','Hong Kong','2023-11-30 00:33:00','2023-11-30 00:33:00'),(446,1,'en','core/base/countries','hu','Hungary','2023-11-30 00:33:00','2023-11-30 00:33:00'),(447,1,'en','core/base/countries','is','Iceland','2023-11-30 00:33:00','2023-11-30 00:33:00'),(448,1,'en','core/base/countries','in','India','2023-11-30 00:33:00','2023-11-30 00:33:00'),(449,1,'en','core/base/countries','id','Indonesia','2023-11-30 00:33:00','2023-11-30 00:33:00'),(450,1,'en','core/base/countries','ir','Iran','2023-11-30 00:33:00','2023-11-30 00:33:00'),(451,1,'en','core/base/countries','iq','Iraq','2023-11-30 00:33:00','2023-11-30 00:33:00'),(452,1,'en','core/base/countries','ie','Ireland','2023-11-30 00:33:00','2023-11-30 00:33:00'),(453,1,'en','core/base/countries','im','Isle of Man','2023-11-30 00:33:00','2023-11-30 00:33:00'),(454,1,'en','core/base/countries','il','Israel','2023-11-30 00:33:00','2023-11-30 00:33:00'),(455,1,'en','core/base/countries','it','Italy','2023-11-30 00:33:00','2023-11-30 00:33:00'),(456,1,'en','core/base/countries','ci','Ivory Coast','2023-11-30 00:33:00','2023-11-30 00:33:00'),(457,1,'en','core/base/countries','jm','Jamaica','2023-11-30 00:33:00','2023-11-30 00:33:00'),(458,1,'en','core/base/countries','jp','Japan','2023-11-30 00:33:00','2023-11-30 00:33:00'),(459,1,'en','core/base/countries','je','Jersey','2023-11-30 00:33:00','2023-11-30 00:33:00'),(460,1,'en','core/base/countries','jo','Jordan','2023-11-30 00:33:00','2023-11-30 00:33:00'),(461,1,'en','core/base/countries','kz','Kazakhstan','2023-11-30 00:33:00','2023-11-30 00:33:00'),(462,1,'en','core/base/countries','ke','Kenya','2023-11-30 00:33:00','2023-11-30 00:33:00'),(463,1,'en','core/base/countries','ki','Kiribati','2023-11-30 00:33:00','2023-11-30 00:33:00'),(464,1,'en','core/base/countries','kw','Kuwait','2023-11-30 00:33:00','2023-11-30 00:33:00'),(465,1,'en','core/base/countries','xk','Kosovo','2023-11-30 00:33:00','2023-11-30 00:33:00'),(466,1,'en','core/base/countries','kg','Kyrgyzstan','2023-11-30 00:33:00','2023-11-30 00:33:00'),(467,1,'en','core/base/countries','la','Laos','2023-11-30 00:33:00','2023-11-30 00:33:00'),(468,1,'en','core/base/countries','lv','Latvia','2023-11-30 00:33:00','2023-11-30 00:33:00'),(469,1,'en','core/base/countries','lb','Lebanon','2023-11-30 00:33:00','2023-11-30 00:33:00'),(470,1,'en','core/base/countries','ls','Lesotho','2023-11-30 00:33:00','2023-11-30 00:33:00'),(471,1,'en','core/base/countries','lr','Liberia','2023-11-30 00:33:00','2023-11-30 00:33:00'),(472,1,'en','core/base/countries','ly','Libya','2023-11-30 00:33:00','2023-11-30 00:33:00'),(473,1,'en','core/base/countries','li','Liechtenstein','2023-11-30 00:33:00','2023-11-30 00:33:00'),(474,1,'en','core/base/countries','lt','Lithuania','2023-11-30 00:33:00','2023-11-30 00:33:00'),(475,1,'en','core/base/countries','lu','Luxembourg','2023-11-30 00:33:00','2023-11-30 00:33:00'),(476,1,'en','core/base/countries','mo','Macao','2023-11-30 00:33:00','2023-11-30 00:33:00'),(477,1,'en','core/base/countries','mk','North Macedonia','2023-11-30 00:33:00','2023-11-30 00:33:00'),(478,1,'en','core/base/countries','mg','Madagascar','2023-11-30 00:33:00','2023-11-30 00:33:00'),(479,1,'en','core/base/countries','mw','Malawi','2023-11-30 00:33:00','2023-11-30 00:33:00'),(480,1,'en','core/base/countries','my','Malaysia','2023-11-30 00:33:00','2023-11-30 00:33:00'),(481,1,'en','core/base/countries','mv','Maldives','2023-11-30 00:33:00','2023-11-30 00:33:00'),(482,1,'en','core/base/countries','ml','Mali','2023-11-30 00:33:00','2023-11-30 00:33:00'),(483,1,'en','core/base/countries','mt','Malta','2023-11-30 00:33:00','2023-11-30 00:33:00'),(484,1,'en','core/base/countries','mh','Marshall Islands','2023-11-30 00:33:00','2023-11-30 00:33:00'),(485,1,'en','core/base/countries','mq','Martinique','2023-11-30 00:33:00','2023-11-30 00:33:00'),(486,1,'en','core/base/countries','mr','Mauritania','2023-11-30 00:33:00','2023-11-30 00:33:00'),(487,1,'en','core/base/countries','mu','Mauritius','2023-11-30 00:33:00','2023-11-30 00:33:00'),(488,1,'en','core/base/countries','yt','Mayotte','2023-11-30 00:33:00','2023-11-30 00:33:00'),(489,1,'en','core/base/countries','mx','Mexico','2023-11-30 00:33:00','2023-11-30 00:33:00'),(490,1,'en','core/base/countries','fm','Micronesia','2023-11-30 00:33:00','2023-11-30 00:33:00'),(491,1,'en','core/base/countries','md','Moldova','2023-11-30 00:33:00','2023-11-30 00:33:00'),(492,1,'en','core/base/countries','mc','Monaco','2023-11-30 00:33:00','2023-11-30 00:33:00'),(493,1,'en','core/base/countries','mn','Mongolia','2023-11-30 00:33:00','2023-11-30 00:33:00'),(494,1,'en','core/base/countries','me','Montenegro','2023-11-30 00:33:00','2023-11-30 00:33:00'),(495,1,'en','core/base/countries','ms','Montserrat','2023-11-30 00:33:00','2023-11-30 00:33:00'),(496,1,'en','core/base/countries','ma','Morocco','2023-11-30 00:33:00','2023-11-30 00:33:00'),(497,1,'en','core/base/countries','mz','Mozambique','2023-11-30 00:33:00','2023-11-30 00:33:00'),(498,1,'en','core/base/countries','mm','Myanmar','2023-11-30 00:33:00','2023-11-30 00:33:00'),(499,1,'en','core/base/countries','na','Namibia','2023-11-30 00:33:00','2023-11-30 00:33:00'),(500,1,'en','core/base/countries','nr','Nauru','2023-11-30 00:33:00','2023-11-30 00:33:00'),(501,1,'en','core/base/countries','np','Nepal','2023-11-30 00:33:00','2023-11-30 00:33:00'),(502,1,'en','core/base/countries','nl','Netherlands','2023-11-30 00:33:00','2023-11-30 00:33:00'),(503,1,'en','core/base/countries','nc','New Caledonia','2023-11-30 00:33:00','2023-11-30 00:33:00'),(504,1,'en','core/base/countries','nz','New Zealand','2023-11-30 00:33:00','2023-11-30 00:33:00'),(505,1,'en','core/base/countries','ni','Nicaragua','2023-11-30 00:33:00','2023-11-30 00:33:00'),(506,1,'en','core/base/countries','ne','Niger','2023-11-30 00:33:00','2023-11-30 00:33:00'),(507,1,'en','core/base/countries','ng','Nigeria','2023-11-30 00:33:00','2023-11-30 00:33:00'),(508,1,'en','core/base/countries','nu','Niue','2023-11-30 00:33:00','2023-11-30 00:33:00'),(509,1,'en','core/base/countries','nf','Norfolk Island','2023-11-30 00:33:00','2023-11-30 00:33:00'),(510,1,'en','core/base/countries','mp','Northern Mariana Islands','2023-11-30 00:33:00','2023-11-30 00:33:00'),(511,1,'en','core/base/countries','kp','North Korea','2023-11-30 00:33:00','2023-11-30 00:33:00'),(512,1,'en','core/base/countries','no','Norway','2023-11-30 00:33:00','2023-11-30 00:33:00'),(513,1,'en','core/base/countries','om','Oman','2023-11-30 00:33:00','2023-11-30 00:33:00'),(514,1,'en','core/base/countries','pk','Pakistan','2023-11-30 00:33:00','2023-11-30 00:33:00'),(515,1,'en','core/base/countries','ps','Palestinian Territory','2023-11-30 00:33:00','2023-11-30 00:33:00'),(516,1,'en','core/base/countries','pa','Panama','2023-11-30 00:33:00','2023-11-30 00:33:00'),(517,1,'en','core/base/countries','pg','Papua New Guinea','2023-11-30 00:33:00','2023-11-30 00:33:00'),(518,1,'en','core/base/countries','py','Paraguay','2023-11-30 00:33:00','2023-11-30 00:33:00'),(519,1,'en','core/base/countries','pe','Peru','2023-11-30 00:33:00','2023-11-30 00:33:00'),(520,1,'en','core/base/countries','ph','Philippines','2023-11-30 00:33:00','2023-11-30 00:33:00'),(521,1,'en','core/base/countries','pn','Pitcairn','2023-11-30 00:33:00','2023-11-30 00:33:00'),(522,1,'en','core/base/countries','pl','Poland','2023-11-30 00:33:00','2023-11-30 00:33:00'),(523,1,'en','core/base/countries','pt','Portugal','2023-11-30 00:33:00','2023-11-30 00:33:00'),(524,1,'en','core/base/countries','pr','Puerto Rico','2023-11-30 00:33:00','2023-11-30 00:33:00'),(525,1,'en','core/base/countries','qa','Qatar','2023-11-30 00:33:00','2023-11-30 00:33:00'),(526,1,'en','core/base/countries','re','Reunion','2023-11-30 00:33:00','2023-11-30 00:33:00'),(527,1,'en','core/base/countries','ro','Romania','2023-11-30 00:33:00','2023-11-30 00:33:00'),(528,1,'en','core/base/countries','ru','Russia','2023-11-30 00:33:00','2023-11-30 00:33:00'),(529,1,'en','core/base/countries','rw','Rwanda','2023-11-30 00:33:00','2023-11-30 00:33:00'),(530,1,'en','core/base/countries','bl','Saint Barth&eacute;lemy','2023-11-30 00:33:00','2023-11-30 00:33:00'),(531,1,'en','core/base/countries','sh','Saint Helena','2023-11-30 00:33:00','2023-11-30 00:33:00'),(532,1,'en','core/base/countries','kn','Saint Kitts and Nevis','2023-11-30 00:33:00','2023-11-30 00:33:00'),(533,1,'en','core/base/countries','lc','Saint Lucia','2023-11-30 00:33:00','2023-11-30 00:33:00'),(534,1,'en','core/base/countries','mf','Saint Martin (French part)','2023-11-30 00:33:00','2023-11-30 00:33:00'),(535,1,'en','core/base/countries','sx','Saint Martin (Dutch part)','2023-11-30 00:33:00','2023-11-30 00:33:00'),(536,1,'en','core/base/countries','pm','Saint Pierre and Miquelon','2023-11-30 00:33:00','2023-11-30 00:33:00'),(537,1,'en','core/base/countries','vc','Saint Vincent and the Grenadines','2023-11-30 00:33:00','2023-11-30 00:33:00'),(538,1,'en','core/base/countries','sm','San Marino','2023-11-30 00:33:00','2023-11-30 00:33:00'),(539,1,'en','core/base/countries','st','S&atilde;o Tom&eacute; and Pr&iacute;ncipe','2023-11-30 00:33:00','2023-11-30 00:33:00'),(540,1,'en','core/base/countries','sa','Saudi Arabia','2023-11-30 00:33:00','2023-11-30 00:33:00'),(541,1,'en','core/base/countries','sn','Senegal','2023-11-30 00:33:00','2023-11-30 00:33:00'),(542,1,'en','core/base/countries','rs','Serbia','2023-11-30 00:33:00','2023-11-30 00:33:00'),(543,1,'en','core/base/countries','sc','Seychelles','2023-11-30 00:33:00','2023-11-30 00:33:00'),(544,1,'en','core/base/countries','sl','Sierra Leone','2023-11-30 00:33:00','2023-11-30 00:33:00'),(545,1,'en','core/base/countries','sg','Singapore','2023-11-30 00:33:00','2023-11-30 00:33:00'),(546,1,'en','core/base/countries','sk','Slovakia','2023-11-30 00:33:00','2023-11-30 00:33:00'),(547,1,'en','core/base/countries','si','Slovenia','2023-11-30 00:33:00','2023-11-30 00:33:00'),(548,1,'en','core/base/countries','sb','Solomon Islands','2023-11-30 00:33:00','2023-11-30 00:33:00'),(549,1,'en','core/base/countries','so','Somalia','2023-11-30 00:33:00','2023-11-30 00:33:00'),(550,1,'en','core/base/countries','za','South Africa','2023-11-30 00:33:00','2023-11-30 00:33:00'),(551,1,'en','core/base/countries','gs','South Georgia/Sandwich Islands','2023-11-30 00:33:00','2023-11-30 00:33:00'),(552,1,'en','core/base/countries','kr','South Korea','2023-11-30 00:33:00','2023-11-30 00:33:00'),(553,1,'en','core/base/countries','ss','South Sudan','2023-11-30 00:33:00','2023-11-30 00:33:00'),(554,1,'en','core/base/countries','es','Spain','2023-11-30 00:33:00','2023-11-30 00:33:00'),(555,1,'en','core/base/countries','lk','Sri Lanka','2023-11-30 00:33:00','2023-11-30 00:33:00'),(556,1,'en','core/base/countries','sd','Sudan','2023-11-30 00:33:00','2023-11-30 00:33:00'),(557,1,'en','core/base/countries','sr','Suriname','2023-11-30 00:33:00','2023-11-30 00:33:00'),(558,1,'en','core/base/countries','sj','Svalbard and Jan Mayen','2023-11-30 00:33:00','2023-11-30 00:33:00'),(559,1,'en','core/base/countries','sz','Swaziland','2023-11-30 00:33:00','2023-11-30 00:33:00'),(560,1,'en','core/base/countries','se','Sweden','2023-11-30 00:33:00','2023-11-30 00:33:00'),(561,1,'en','core/base/countries','ch','Switzerland','2023-11-30 00:33:00','2023-11-30 00:33:00'),(562,1,'en','core/base/countries','sy','Syria','2023-11-30 00:33:00','2023-11-30 00:33:00'),(563,1,'en','core/base/countries','tw','Taiwan','2023-11-30 00:33:00','2023-11-30 00:33:00'),(564,1,'en','core/base/countries','tj','Tajikistan','2023-11-30 00:33:00','2023-11-30 00:33:00'),(565,1,'en','core/base/countries','tz','Tanzania','2023-11-30 00:33:00','2023-11-30 00:33:00'),(566,1,'en','core/base/countries','th','Thailand','2023-11-30 00:33:00','2023-11-30 00:33:00'),(567,1,'en','core/base/countries','tl','Timor-Leste','2023-11-30 00:33:00','2023-11-30 00:33:00'),(568,1,'en','core/base/countries','tg','Togo','2023-11-30 00:33:00','2023-11-30 00:33:00'),(569,1,'en','core/base/countries','tk','Tokelau','2023-11-30 00:33:00','2023-11-30 00:33:00'),(570,1,'en','core/base/countries','to','Tonga','2023-11-30 00:33:00','2023-11-30 00:33:00'),(571,1,'en','core/base/countries','tt','Trinidad and Tobago','2023-11-30 00:33:00','2023-11-30 00:33:00'),(572,1,'en','core/base/countries','tn','Tunisia','2023-11-30 00:33:01','2023-11-30 00:33:01'),(573,1,'en','core/base/countries','tr','Turkey','2023-11-30 00:33:01','2023-11-30 00:33:01'),(574,1,'en','core/base/countries','tm','Turkmenistan','2023-11-30 00:33:01','2023-11-30 00:33:01'),(575,1,'en','core/base/countries','tc','Turks and Caicos Islands','2023-11-30 00:33:01','2023-11-30 00:33:01'),(576,1,'en','core/base/countries','tv','Tuvalu','2023-11-30 00:33:01','2023-11-30 00:33:01'),(577,1,'en','core/base/countries','ug','Uganda','2023-11-30 00:33:01','2023-11-30 00:33:01'),(578,1,'en','core/base/countries','ua','Ukraine','2023-11-30 00:33:01','2023-11-30 00:33:01'),(579,1,'en','core/base/countries','ae','United Arab Emirates','2023-11-30 00:33:01','2023-11-30 00:33:01'),(580,1,'en','core/base/countries','gb','United Kingdom (UK)','2023-11-30 00:33:01','2023-11-30 00:33:01'),(581,1,'en','core/base/countries','us','United States (US)','2023-11-30 00:33:01','2023-11-30 00:33:01'),(582,1,'en','core/base/countries','um','United States (US) Minor Outlying Islands','2023-11-30 00:33:01','2023-11-30 00:33:01'),(583,1,'en','core/base/countries','uy','Uruguay','2023-11-30 00:33:01','2023-11-30 00:33:01'),(584,1,'en','core/base/countries','uz','Uzbekistan','2023-11-30 00:33:01','2023-11-30 00:33:01'),(585,1,'en','core/base/countries','vu','Vanuatu','2023-11-30 00:33:01','2023-11-30 00:33:01'),(586,1,'en','core/base/countries','va','Vatican','2023-11-30 00:33:01','2023-11-30 00:33:01'),(587,1,'en','core/base/countries','ve','Venezuela','2023-11-30 00:33:01','2023-11-30 00:33:01'),(588,1,'en','core/base/countries','vn','Vietnam','2023-11-30 00:33:01','2023-11-30 00:33:01'),(589,1,'en','core/base/countries','vg','Virgin Islands (British)','2023-11-30 00:33:01','2023-11-30 00:33:01'),(590,1,'en','core/base/countries','vi','Virgin Islands (US)','2023-11-30 00:33:01','2023-11-30 00:33:01'),(591,1,'en','core/base/countries','wf','Wallis and Futuna','2023-11-30 00:33:01','2023-11-30 00:33:01'),(592,1,'en','core/base/countries','eh','Western Sahara','2023-11-30 00:33:01','2023-11-30 00:33:01'),(593,1,'en','core/base/countries','ws','Samoa','2023-11-30 00:33:01','2023-11-30 00:33:01'),(594,1,'en','core/base/countries','ye','Yemen','2023-11-30 00:33:01','2023-11-30 00:33:01'),(595,1,'en','core/base/countries','zm','Zambia','2023-11-30 00:33:01','2023-11-30 00:33:01'),(596,1,'en','core/base/countries','zw','Zimbabwe','2023-11-30 00:33:01','2023-11-30 00:33:01'),(597,1,'en','core/base/enums','statuses.draft','Draft','2023-11-30 00:33:01','2023-11-30 00:33:01'),(598,1,'en','core/base/enums','statuses.pending','Pending','2023-11-30 00:33:01','2023-11-30 00:33:01'),(599,1,'en','core/base/enums','statuses.published','Published','2023-11-30 00:33:01','2023-11-30 00:33:01'),(600,1,'en','core/base/enums','system_updater_steps.download','Download update files','2023-11-30 00:33:01','2023-11-30 00:33:01'),(601,1,'en','core/base/enums','system_updater_steps.update_files','Update system files','2023-11-30 00:33:01','2023-11-30 00:33:01'),(602,1,'en','core/base/enums','system_updater_steps.update_database','Update databases','2023-11-30 00:33:01','2023-11-30 00:33:01'),(603,1,'en','core/base/enums','system_updater_steps.publish_core_assets','Publish core assets','2023-11-30 00:33:01','2023-11-30 00:33:01'),(604,1,'en','core/base/enums','system_updater_steps.publish_packages_assets','Publish packages assets','2023-11-30 00:33:01','2023-11-30 00:33:01'),(605,1,'en','core/base/enums','system_updater_steps.clean_up','Clean up system update files','2023-11-30 00:33:01','2023-11-30 00:33:01'),(606,1,'en','core/base/enums','system_updater_steps.done','System updated successfully','2023-11-30 00:33:01','2023-11-30 00:33:01'),(607,1,'en','core/base/enums','system_updater_steps.messages.download','Downloading update files...','2023-11-30 00:33:01','2023-11-30 00:33:01'),(608,1,'en','core/base/enums','system_updater_steps.messages.update_files','Updating system files...','2023-11-30 00:33:01','2023-11-30 00:33:01'),(609,1,'en','core/base/enums','system_updater_steps.messages.update_database','Updating databases...','2023-11-30 00:33:01','2023-11-30 00:33:01'),(610,1,'en','core/base/enums','system_updater_steps.messages.publish_core_assets','Publishing core assets...','2023-11-30 00:33:01','2023-11-30 00:33:01'),(611,1,'en','core/base/enums','system_updater_steps.messages.publish_packages_assets','Publishing packages assets...','2023-11-30 00:33:01','2023-11-30 00:33:01'),(612,1,'en','core/base/enums','system_updater_steps.messages.clean_up','Cleaning up system update files...','2023-11-30 00:33:01','2023-11-30 00:33:01'),(613,1,'en','core/base/enums','system_updater_steps.messages.done','Done! Your browser will be refreshed in 30 seconds.','2023-11-30 00:33:01','2023-11-30 00:33:01'),(614,1,'en','core/base/enums','system_updater_steps.failed_messages.download','Could not download update files','2023-11-30 00:33:01','2023-11-30 00:33:01'),(615,1,'en','core/base/enums','system_updater_steps.failed_messages.update_files','Could not update system files','2023-11-30 00:33:01','2023-11-30 00:33:01'),(616,1,'en','core/base/enums','system_updater_steps.failed_messages.update_database','Could not update databases','2023-11-30 00:33:01','2023-11-30 00:33:01'),(617,1,'en','core/base/enums','system_updater_steps.failed_messages.publish_core_assets','Could not publish core assets','2023-11-30 00:33:01','2023-11-30 00:33:01'),(618,1,'en','core/base/enums','system_updater_steps.failed_messages.publish_packages_assets','Could not publish packages assets','2023-11-30 00:33:01','2023-11-30 00:33:01'),(619,1,'en','core/base/enums','system_updater_steps.failed_messages.clean_up','Could not clean up system update files','2023-11-30 00:33:01','2023-11-30 00:33:01'),(620,1,'en','core/base/enums','system_updater_steps.success_messages.download','Downloaded update files successfully.','2023-11-30 00:33:01','2023-11-30 00:33:01'),(621,1,'en','core/base/enums','system_updater_steps.success_messages.update_files','Updated system files successfully.','2023-11-30 00:33:01','2023-11-30 00:33:01'),(622,1,'en','core/base/enums','system_updater_steps.success_messages.update_database','Updated databases successfully.','2023-11-30 00:33:01','2023-11-30 00:33:01'),(623,1,'en','core/base/enums','system_updater_steps.success_messages.publish_core_assets','Published core assets successfully.','2023-11-30 00:33:01','2023-11-30 00:33:01'),(624,1,'en','core/base/enums','system_updater_steps.success_messages.publish_packages_assets','Published packages assets successfully.','2023-11-30 00:33:01','2023-11-30 00:33:01'),(625,1,'en','core/base/enums','system_updater_steps.success_messages.clean_up','Cleaned up system update files successfully.','2023-11-30 00:33:01','2023-11-30 00:33:01'),(626,1,'en','core/base/errors','401_title','Permission Denied','2023-11-30 00:33:01','2023-11-30 00:33:01'),(627,1,'en','core/base/errors','404_title','Page could not be found','2023-11-30 00:33:01','2023-11-30 00:33:01'),(628,1,'en','core/base/errors','500_title','Page could not be loaded','2023-11-30 00:33:01','2023-11-30 00:33:01'),(629,1,'en','core/base/errors','reasons','This may have occurred because of several reasons','2023-11-30 00:33:01','2023-11-30 00:33:01'),(630,1,'en','core/base/errors','try_again','Please try again in a few minutes, or alternatively return to the homepage by <a href=\":link\">clicking here</a>.','2023-11-30 00:33:01','2023-11-30 00:33:01'),(631,1,'en','core/base/errors','not_found','Not Found','2023-11-30 00:33:01','2023-11-30 00:33:01'),(632,1,'en','core/base/errors','results_not_found','Results not found!','2023-11-30 00:33:01','2023-11-30 00:33:01'),(633,1,'en','core/base/errors','go_to_home','Go to home','2023-11-30 00:33:01','2023-11-30 00:33:01'),(634,1,'en','core/base/errors','error_when_sending_email','Unable to send e-mail. Something wrong with your email settings in Admin → Settings → Email, please check your settings again.','2023-11-30 00:33:01','2023-11-30 00:33:01'),(635,1,'en','core/base/errors','error_when_sending_email_guest','Unable to send e-mail. Please contact the site administrator if the problem persists.','2023-11-30 00:33:01','2023-11-30 00:33:01'),(636,1,'en','core/base/forms','choose_image','Choose image','2023-11-30 00:33:01','2023-11-30 00:33:01'),(637,1,'en','core/base/forms','actions','Actions','2023-11-30 00:33:01','2023-11-30 00:33:01'),(638,1,'en','core/base/forms','save','Save & Exit','2023-11-30 00:33:01','2023-11-30 00:33:01'),(639,1,'en','core/base/forms','save_and_continue','Save','2023-11-30 00:33:01','2023-11-30 00:33:01'),(640,1,'en','core/base/forms','image','Image','2023-11-30 00:33:01','2023-11-30 00:33:01'),(641,1,'en','core/base/forms','image_placeholder','Insert path of image or click upload button','2023-11-30 00:33:01','2023-11-30 00:33:01'),(642,1,'en','core/base/forms','create','Create','2023-11-30 00:33:01','2023-11-30 00:33:01'),(643,1,'en','core/base/forms','edit','Edit','2023-11-30 00:33:01','2023-11-30 00:33:01'),(644,1,'en','core/base/forms','permalink','Permalink','2023-11-30 00:33:01','2023-11-30 00:33:01'),(645,1,'en','core/base/forms','ok','OK','2023-11-30 00:33:01','2023-11-30 00:33:01'),(646,1,'en','core/base/forms','cancel','Cancel','2023-11-30 00:33:01','2023-11-30 00:33:01'),(647,1,'en','core/base/forms','character_remain','character(s) remain','2023-11-30 00:33:01','2023-11-30 00:33:01'),(648,1,'en','core/base/forms','template','Template','2023-11-30 00:33:01','2023-11-30 00:33:01'),(649,1,'en','core/base/forms','choose_file','Choose file','2023-11-30 00:33:01','2023-11-30 00:33:01'),(650,1,'en','core/base/forms','file','File','2023-11-30 00:33:01','2023-11-30 00:33:01'),(651,1,'en','core/base/forms','content','Content','2023-11-30 00:33:01','2023-11-30 00:33:01'),(652,1,'en','core/base/forms','description','Description','2023-11-30 00:33:01','2023-11-30 00:33:01'),(653,1,'en','core/base/forms','name','Name','2023-11-30 00:33:01','2023-11-30 00:33:01'),(654,1,'en','core/base/forms','email','Email','2023-11-30 00:33:01','2023-11-30 00:33:01'),(655,1,'en','core/base/forms','slug','Slug','2023-11-30 00:33:01','2023-11-30 00:33:01'),(656,1,'en','core/base/forms','title','Title','2023-11-30 00:33:01','2023-11-30 00:33:01'),(657,1,'en','core/base/forms','value','Value','2023-11-30 00:33:01','2023-11-30 00:33:01'),(658,1,'en','core/base/forms','name_placeholder','Name','2023-11-30 00:33:01','2023-11-30 00:33:01'),(659,1,'en','core/base/forms','alias_placeholder','Alias','2023-11-30 00:33:01','2023-11-30 00:33:01'),(660,1,'en','core/base/forms','description_placeholder','Short description','2023-11-30 00:33:01','2023-11-30 00:33:01'),(661,1,'en','core/base/forms','email_placeholder','e.g: example@domain.com','2023-11-30 00:33:01','2023-11-30 00:33:01'),(662,1,'en','core/base/forms','content_placeholder','Write your content','2023-11-30 00:33:01','2023-11-30 00:33:01'),(663,1,'en','core/base/forms','parent','Parent','2023-11-30 00:33:01','2023-11-30 00:33:01'),(664,1,'en','core/base/forms','icon','Icon','2023-11-30 00:33:01','2023-11-30 00:33:01'),(665,1,'en','core/base/forms','icon_placeholder','Ex: fa fa-home','2023-11-30 00:33:01','2023-11-30 00:33:01'),(666,1,'en','core/base/forms','order_by','Order by','2023-11-30 00:33:01','2023-11-30 00:33:01'),(667,1,'en','core/base/forms','order_by_placeholder','Order by','2023-11-30 00:33:01','2023-11-30 00:33:01'),(668,1,'en','core/base/forms','is_featured','Is featured?','2023-11-30 00:33:01','2023-11-30 00:33:01'),(669,1,'en','core/base/forms','is_default','Is default?','2023-11-30 00:33:01','2023-11-30 00:33:01'),(670,1,'en','core/base/forms','update','Update','2023-11-30 00:33:01','2023-11-30 00:33:01'),(671,1,'en','core/base/forms','publish','Publish','2023-11-30 00:33:01','2023-11-30 00:33:01'),(672,1,'en','core/base/forms','remove_image','Remove image','2023-11-30 00:33:01','2023-11-30 00:33:01'),(673,1,'en','core/base/forms','remove_file','Remove file','2023-11-30 00:33:01','2023-11-30 00:33:01'),(674,1,'en','core/base/forms','order','Order','2023-11-30 00:33:01','2023-11-30 00:33:01'),(675,1,'en','core/base/forms','alias','Alias','2023-11-30 00:33:01','2023-11-30 00:33:01'),(676,1,'en','core/base/forms','basic_information','Basic information','2023-11-30 00:33:01','2023-11-30 00:33:01'),(677,1,'en','core/base/forms','short_code','Shortcode','2023-11-30 00:33:01','2023-11-30 00:33:01'),(678,1,'en','core/base/forms','add_short_code','Add a shortcode','2023-11-30 00:33:01','2023-11-30 00:33:01'),(679,1,'en','core/base/forms','add','Add','2023-11-30 00:33:01','2023-11-30 00:33:01'),(680,1,'en','core/base/forms','link','Link','2023-11-30 00:33:01','2023-11-30 00:33:01'),(681,1,'en','core/base/forms','show_hide_editor','Show/Hide Editor','2023-11-30 00:33:01','2023-11-30 00:33:01'),(682,1,'en','core/base/forms','basic_info_title','Basic information','2023-11-30 00:33:01','2023-11-30 00:33:01'),(683,1,'en','core/base/forms','view_preview_image','View preview image','2023-11-30 00:33:01','2023-11-30 00:33:01'),(684,1,'en','core/base/forms','edit_item','Edit \":name\"','2023-11-30 00:33:01','2023-11-30 00:33:01'),(685,1,'en','core/base/forms','reset','Reset','2023-11-30 00:33:01','2023-11-30 00:33:01'),(686,1,'en','core/base/forms','add_images','Add Images','2023-11-30 00:33:01','2023-11-30 00:33:01'),(687,1,'en','core/base/forms','status','Status','2023-11-30 00:33:01','2023-11-30 00:33:01'),(688,1,'en','core/base/forms','select_placeholder','Select an option','2023-11-30 00:33:01','2023-11-30 00:33:01'),(689,1,'en','core/base/layouts','platform_admin','Platform Administration','2023-11-30 00:33:01','2023-11-30 00:33:01'),(690,1,'en','core/base/layouts','dashboard','Dashboard','2023-11-30 00:33:01','2023-11-30 00:33:01'),(691,1,'en','core/base/layouts','widgets','Widgets','2023-11-30 00:33:01','2023-11-30 00:33:01'),(692,1,'en','core/base/layouts','plugins','Plugins','2023-11-30 00:33:01','2023-11-30 00:33:01'),(693,1,'en','core/base/layouts','settings','Settings','2023-11-30 00:33:01','2023-11-30 00:33:01'),(694,1,'en','core/base/layouts','setting_general','General','2023-11-30 00:33:01','2023-11-30 00:33:01'),(695,1,'en','core/base/layouts','setting_email','Email','2023-11-30 00:33:01','2023-11-30 00:33:01'),(696,1,'en','core/base/layouts','system_information','System information','2023-11-30 00:33:01','2023-11-30 00:33:01'),(697,1,'en','core/base/layouts','theme','Theme','2023-11-30 00:33:01','2023-11-30 00:33:01'),(698,1,'en','core/base/layouts','copyright','Copyright :year © :company. Version :version','2023-11-30 00:33:01','2023-11-30 00:33:01'),(699,1,'en','core/base/layouts','profile','Profile','2023-11-30 00:33:01','2023-11-30 00:33:01'),(700,1,'en','core/base/layouts','logout','Logout','2023-11-30 00:33:01','2023-11-30 00:33:01'),(701,1,'en','core/base/layouts','no_search_result','No results found, please try with different keywords.','2023-11-30 00:33:01','2023-11-30 00:33:01'),(702,1,'en','core/base/layouts','home','Home','2023-11-30 00:33:01','2023-11-30 00:33:01'),(703,1,'en','core/base/layouts','search','Search','2023-11-30 00:33:01','2023-11-30 00:33:01'),(704,1,'en','core/base/layouts','add_new','Add new','2023-11-30 00:33:01','2023-11-30 00:33:01'),(705,1,'en','core/base/layouts','n_a','N/A','2023-11-30 00:33:01','2023-11-30 00:33:01'),(706,1,'en','core/base/layouts','page_loaded_in_time','Page loaded in :time seconds','2023-11-30 00:33:01','2023-11-30 00:33:01'),(707,1,'en','core/base/layouts','view_website','View website','2023-11-30 00:33:01','2023-11-30 00:33:01'),(708,1,'en','core/base/layouts','tools','Tools','2023-11-30 00:33:01','2023-11-30 00:33:01'),(709,1,'en','core/base/notices','create_success_message','Created successfully','2023-11-30 00:33:01','2023-11-30 00:33:01'),(710,1,'en','core/base/notices','update_success_message','Updated successfully','2023-11-30 00:33:01','2023-11-30 00:33:01'),(711,1,'en','core/base/notices','delete_success_message','Deleted successfully','2023-11-30 00:33:01','2023-11-30 00:33:01'),(712,1,'en','core/base/notices','success_header','Success!','2023-11-30 00:33:01','2023-11-30 00:33:01'),(713,1,'en','core/base/notices','error_header','Error!','2023-11-30 00:33:01','2023-11-30 00:33:01'),(714,1,'en','core/base/notices','no_select','Please select at least one record to perform this action!','2023-11-30 00:33:01','2023-11-30 00:33:01'),(715,1,'en','core/base/notices','processing_request','We are processing your request.','2023-11-30 00:33:01','2023-11-30 00:33:01'),(716,1,'en','core/base/notices','error','Error!','2023-11-30 00:33:01','2023-11-30 00:33:01'),(717,1,'en','core/base/notices','success','Success!','2023-11-30 00:33:01','2023-11-30 00:33:01'),(718,1,'en','core/base/notices','info','Info!','2023-11-30 00:33:01','2023-11-30 00:33:01'),(719,1,'en','core/base/notices','enum.validate_message','The :attribute value you have entered is invalid.','2023-11-30 00:33:01','2023-11-30 00:33:01'),(720,1,'en','core/base/notifications','notifications','Notifications','2023-11-30 00:33:01','2023-11-30 00:33:01'),(721,1,'en','core/base/notifications','mark_as_read','Mark all as read','2023-11-30 00:33:01','2023-11-30 00:33:01'),(722,1,'en','core/base/notifications','clear','Clear','2023-11-30 00:33:01','2023-11-30 00:33:01'),(723,1,'en','core/base/notifications','no_notification_here','No notifications here','2023-11-30 00:33:01','2023-11-30 00:33:01'),(724,1,'en','core/base/notifications','please_check_again_later','Please check again later','2023-11-30 00:33:01','2023-11-30 00:33:01'),(725,1,'en','core/base/notifications','view_more','View more...','2023-11-30 00:33:01','2023-11-30 00:33:01'),(726,1,'en','core/base/notifications','view','View','2023-11-30 00:33:01','2023-11-30 00:33:01'),(727,1,'en','core/base/notifications','next','Next','2023-11-30 00:33:01','2023-11-30 00:33:01'),(728,1,'en','core/base/notifications','previous','Previous','2023-11-30 00:33:01','2023-11-30 00:33:01'),(729,1,'en','core/base/system','no_select','Please select at least one record to take this action!','2023-11-30 00:33:01','2023-11-30 00:33:01'),(730,1,'en','core/base/system','cannot_find_user','Unable to find specified user','2023-11-30 00:33:01','2023-11-30 00:33:01'),(731,1,'en','core/base/system','supper_revoked','Super user access revoked','2023-11-30 00:33:01','2023-11-30 00:33:01'),(732,1,'en','core/base/system','cannot_revoke_yourself','Can not revoke supper user access permission yourself!','2023-11-30 00:33:01','2023-11-30 00:33:01'),(733,1,'en','core/base/system','cant_remove_supper','You don\'t has permission to remove this super user','2023-11-30 00:33:01','2023-11-30 00:33:01'),(734,1,'en','core/base/system','cant_find_user_with_email','Unable to find user with specified email address','2023-11-30 00:33:01','2023-11-30 00:33:01'),(735,1,'en','core/base/system','supper_granted','Super user access granted','2023-11-30 00:33:01','2023-11-30 00:33:01'),(736,1,'en','core/base/system','delete_log_success','Delete log file successfully!','2023-11-30 00:33:01','2023-11-30 00:33:01'),(737,1,'en','core/base/system','get_member_success','Member list retrieved successfully','2023-11-30 00:33:01','2023-11-30 00:33:01'),(738,1,'en','core/base/system','error_occur','The following errors occurred','2023-11-30 00:33:01','2023-11-30 00:33:01'),(739,1,'en','core/base/system','user_management','User Management','2023-11-30 00:33:01','2023-11-30 00:33:01'),(740,1,'en','core/base/system','user_management_description','Manage users.','2023-11-30 00:33:01','2023-11-30 00:33:01'),(741,1,'en','core/base/system','role_and_permission','Roles and Permissions','2023-11-30 00:33:01','2023-11-30 00:33:01'),(742,1,'en','core/base/system','role_and_permission_description','Manage the available roles.','2023-11-30 00:33:01','2023-11-30 00:33:01'),(743,1,'en','core/base/system','user.list_super','List Super Users','2023-11-30 00:33:01','2023-11-30 00:33:01'),(744,1,'en','core/base/system','user.email','Email','2023-11-30 00:33:01','2023-11-30 00:33:01'),(745,1,'en','core/base/system','user.last_login','Last Login','2023-11-30 00:33:02','2023-11-30 00:33:02'),(746,1,'en','core/base/system','user.username','Username','2023-11-30 00:33:02','2023-11-30 00:33:02'),(747,1,'en','core/base/system','user.add_user','Add Super User','2023-11-30 00:33:02','2023-11-30 00:33:02'),(748,1,'en','core/base/system','user.cancel','Cancel','2023-11-30 00:33:02','2023-11-30 00:33:02'),(749,1,'en','core/base/system','user.create','Create','2023-11-30 00:33:02','2023-11-30 00:33:02'),(750,1,'en','core/base/system','options.features','Feature Access Control','2023-11-30 00:33:02','2023-11-30 00:33:02'),(751,1,'en','core/base/system','options.feature_description','Manage the available.','2023-11-30 00:33:02','2023-11-30 00:33:02'),(752,1,'en','core/base/system','options.manage_super','Super User Management','2023-11-30 00:33:02','2023-11-30 00:33:02'),(753,1,'en','core/base/system','options.manage_super_description','Add/remove super users.','2023-11-30 00:33:02','2023-11-30 00:33:02'),(754,1,'en','core/base/system','options.info','System information','2023-11-30 00:33:02','2023-11-30 00:33:02'),(755,1,'en','core/base/system','options.info_description','All information about current system configuration.','2023-11-30 00:33:02','2023-11-30 00:33:02'),(756,1,'en','core/base/system','info.title','System Information','2023-11-30 00:33:02','2023-11-30 00:33:02'),(757,1,'en','core/base/system','info.description','All information about current system configuration.','2023-11-30 00:33:02','2023-11-30 00:33:02'),(758,1,'en','core/base/system','info.cache','Cache','2023-11-30 00:33:02','2023-11-30 00:33:02'),(759,1,'en','core/base/system','info.locale','Active locale','2023-11-30 00:33:02','2023-11-30 00:33:02'),(760,1,'en','core/base/system','info.environment','Environment','2023-11-30 00:33:02','2023-11-30 00:33:02'),(761,1,'en','core/base/system','disabled_in_demo_mode','You cannot do it in demo mode!','2023-11-30 00:33:02','2023-11-30 00:33:02'),(762,1,'en','core/base/system','report_description','Please share this information for troubleshooting','2023-11-30 00:33:02','2023-11-30 00:33:02'),(763,1,'en','core/base/system','get_system_report','Get System Report','2023-11-30 00:33:02','2023-11-30 00:33:02'),(764,1,'en','core/base/system','system_environment','System Environment','2023-11-30 00:33:02','2023-11-30 00:33:02'),(765,1,'en','core/base/system','framework_version','Framework Version','2023-11-30 00:33:02','2023-11-30 00:33:02'),(766,1,'en','core/base/system','timezone','Timezone','2023-11-30 00:33:02','2023-11-30 00:33:02'),(767,1,'en','core/base/system','debug_mode','Debug Mode','2023-11-30 00:33:02','2023-11-30 00:33:02'),(768,1,'en','core/base/system','debug_mode_off','Debug Mode Off','2023-11-30 00:33:02','2023-11-30 00:33:02'),(769,1,'en','core/base/system','storage_dir_writable','Storage Dir Writable','2023-11-30 00:33:02','2023-11-30 00:33:02'),(770,1,'en','core/base/system','cache_dir_writable','Cache Dir Writable','2023-11-30 00:33:02','2023-11-30 00:33:02'),(771,1,'en','core/base/system','app_size','App Size','2023-11-30 00:33:02','2023-11-30 00:33:02'),(772,1,'en','core/base/system','server_environment','Server Environment','2023-11-30 00:33:02','2023-11-30 00:33:02'),(773,1,'en','core/base/system','php_version','PHP Version','2023-11-30 00:33:02','2023-11-30 00:33:02'),(774,1,'en','core/base/system','php_version_error','PHP must be >= :version','2023-11-30 00:33:02','2023-11-30 00:33:02'),(775,1,'en','core/base/system','server_software','Server Software','2023-11-30 00:33:02','2023-11-30 00:33:02'),(776,1,'en','core/base/system','server_os','Server OS','2023-11-30 00:33:02','2023-11-30 00:33:02'),(777,1,'en','core/base/system','database','Database','2023-11-30 00:33:02','2023-11-30 00:33:02'),(778,1,'en','core/base/system','ssl_installed','SSL Installed','2023-11-30 00:33:02','2023-11-30 00:33:02'),(779,1,'en','core/base/system','cache_driver','Cache Driver','2023-11-30 00:33:02','2023-11-30 00:33:02'),(780,1,'en','core/base/system','session_driver','Session Driver','2023-11-30 00:33:02','2023-11-30 00:33:02'),(781,1,'en','core/base/system','queue_connection','Queue Connection','2023-11-30 00:33:02','2023-11-30 00:33:02'),(782,1,'en','core/base/system','mbstring_ext','Mbstring Ext','2023-11-30 00:33:02','2023-11-30 00:33:02'),(783,1,'en','core/base/system','openssl_ext','OpenSSL Ext','2023-11-30 00:33:02','2023-11-30 00:33:02'),(784,1,'en','core/base/system','pdo_ext','PDO Ext','2023-11-30 00:33:02','2023-11-30 00:33:02'),(785,1,'en','core/base/system','curl_ext','CURL Ext','2023-11-30 00:33:02','2023-11-30 00:33:02'),(786,1,'en','core/base/system','exif_ext','Exif Ext','2023-11-30 00:33:02','2023-11-30 00:33:02'),(787,1,'en','core/base/system','file_info_ext','File info Ext','2023-11-30 00:33:02','2023-11-30 00:33:02'),(788,1,'en','core/base/system','tokenizer_ext','Tokenizer Ext','2023-11-30 00:33:02','2023-11-30 00:33:02'),(789,1,'en','core/base/system','extra_stats','Extra Stats','2023-11-30 00:33:02','2023-11-30 00:33:02'),(790,1,'en','core/base/system','installed_packages','Installed packages and their version numbers','2023-11-30 00:33:02','2023-11-30 00:33:02'),(791,1,'en','core/base/system','extra_information','Extra Information','2023-11-30 00:33:02','2023-11-30 00:33:02'),(792,1,'en','core/base/system','copy_report','Copy Report','2023-11-30 00:33:02','2023-11-30 00:33:02'),(793,1,'en','core/base/system','package_name','Package Name','2023-11-30 00:33:02','2023-11-30 00:33:02'),(794,1,'en','core/base/system','dependency_name','Dependency Name','2023-11-30 00:33:02','2023-11-30 00:33:02'),(795,1,'en','core/base/system','version','Version','2023-11-30 00:33:02','2023-11-30 00:33:02'),(796,1,'en','core/base/system','cms_version','CMS Version','2023-11-30 00:33:02','2023-11-30 00:33:02'),(797,1,'en','core/base/system','imagick_or_gd_ext','Imagick/GD Ext','2023-11-30 00:33:02','2023-11-30 00:33:02'),(798,1,'en','core/base/system','updater','System Updater','2023-11-30 00:33:02','2023-11-30 00:33:02'),(799,1,'en','core/base/system','zip','Zip Ext','2023-11-30 00:33:02','2023-11-30 00:33:02'),(800,1,'en','core/base/system','iconv','Iconv Ext','2023-11-30 00:33:02','2023-11-30 00:33:02'),(801,1,'en','core/base/system','memory_limit','Memory limit','2023-11-30 00:33:02','2023-11-30 00:33:02'),(802,1,'en','core/base/system','max_execution_time','Max execution time (s)','2023-11-30 00:33:02','2023-11-30 00:33:02'),(803,1,'en','core/base/system','allow_url_fopen_enabled','allow_url_fopen enabled','2023-11-30 00:33:02','2023-11-30 00:33:02'),(804,1,'en','core/base/system','cleanup.title','Cleanup System','2023-11-30 00:33:02','2023-11-30 00:33:02'),(805,1,'en','core/base/system','cleanup.description','Cleanup your unused data in database','2023-11-30 00:33:02','2023-11-30 00:33:02'),(806,1,'en','core/base/system','cleanup.table.name','Table Name','2023-11-30 00:33:02','2023-11-30 00:33:02'),(807,1,'en','core/base/system','cleanup.table.count','Records','2023-11-30 00:33:02','2023-11-30 00:33:02'),(808,1,'en','core/base/system','cleanup.backup_alert','Please backup your database and script files before cleanup, it will clear your data in database.','2023-11-30 00:33:02','2023-11-30 00:33:02'),(809,1,'en','core/base/system','cleanup.messenger_choose_without_table','Please choose to ignore tables that do not want to be cleaned','2023-11-30 00:33:02','2023-11-30 00:33:02'),(810,1,'en','core/base/system','cleanup.messenger_confirm_cleanup','Are you sure you want to database cleanup action, it will clear your data in database?','2023-11-30 00:33:02','2023-11-30 00:33:02'),(811,1,'en','core/base/system','cleanup.submit_button','Cleanup','2023-11-30 00:33:02','2023-11-30 00:33:02'),(812,1,'en','core/base/system','cleanup.success_message','Cleaned data successfully','2023-11-30 00:33:02','2023-11-30 00:33:02'),(813,1,'en','core/base/system','cleanup.not_enabled_yet','This featured is not enabled yet. <br />Please add into .env: <code>CMS_ENABLED_CLEANUP_DATABASE=true</code> to enable this feature!','2023-11-30 00:33:02','2023-11-30 00:33:02'),(814,1,'en','core/base/tables','id','ID','2023-11-30 00:33:02','2023-11-30 00:33:02'),(815,1,'en','core/base/tables','name','Name','2023-11-30 00:33:02','2023-11-30 00:33:02'),(816,1,'en','core/base/tables','slug','Slug','2023-11-30 00:33:02','2023-11-30 00:33:02'),(817,1,'en','core/base/tables','title','Title','2023-11-30 00:33:02','2023-11-30 00:33:02'),(818,1,'en','core/base/tables','order_by','Order By','2023-11-30 00:33:02','2023-11-30 00:33:02'),(819,1,'en','core/base/tables','order','Order','2023-11-30 00:33:02','2023-11-30 00:33:02'),(820,1,'en','core/base/tables','status','Status','2023-11-30 00:33:02','2023-11-30 00:33:02'),(821,1,'en','core/base/tables','created_at','Created At','2023-11-30 00:33:02','2023-11-30 00:33:02'),(822,1,'en','core/base/tables','updated_at','Updated At','2023-11-30 00:33:02','2023-11-30 00:33:02'),(823,1,'en','core/base/tables','description','Description','2023-11-30 00:33:02','2023-11-30 00:33:02'),(824,1,'en','core/base/tables','operations','Operations','2023-11-30 00:33:02','2023-11-30 00:33:02'),(825,1,'en','core/base/tables','url','URL','2023-11-30 00:33:02','2023-11-30 00:33:02'),(826,1,'en','core/base/tables','author','Author','2023-11-30 00:33:02','2023-11-30 00:33:02'),(827,1,'en','core/base/tables','notes','Notes','2023-11-30 00:33:02','2023-11-30 00:33:02'),(828,1,'en','core/base/tables','column','Column','2023-11-30 00:33:02','2023-11-30 00:33:02'),(829,1,'en','core/base/tables','origin','Origin','2023-11-30 00:33:02','2023-11-30 00:33:02'),(830,1,'en','core/base/tables','after_change','After changes','2023-11-30 00:33:02','2023-11-30 00:33:02'),(831,1,'en','core/base/tables','views','Views','2023-11-30 00:33:02','2023-11-30 00:33:02'),(832,1,'en','core/base/tables','browser','Browser','2023-11-30 00:33:02','2023-11-30 00:33:02'),(833,1,'en','core/base/tables','session','Session','2023-11-30 00:33:02','2023-11-30 00:33:02'),(834,1,'en','core/base/tables','activated','activated','2023-11-30 00:33:02','2023-11-30 00:33:02'),(835,1,'en','core/base/tables','deactivated','deactivated','2023-11-30 00:33:02','2023-11-30 00:33:02'),(836,1,'en','core/base/tables','is_featured','Is featured','2023-11-30 00:33:02','2023-11-30 00:33:02'),(837,1,'en','core/base/tables','edit','Edit','2023-11-30 00:33:02','2023-11-30 00:33:02'),(838,1,'en','core/base/tables','delete','Delete','2023-11-30 00:33:02','2023-11-30 00:33:02'),(839,1,'en','core/base/tables','restore','Restore','2023-11-30 00:33:02','2023-11-30 00:33:02'),(840,1,'en','core/base/tables','activate','Activate','2023-11-30 00:33:02','2023-11-30 00:33:02'),(841,1,'en','core/base/tables','deactivate','Deactivate','2023-11-30 00:33:02','2023-11-30 00:33:02'),(842,1,'en','core/base/tables','excel','Excel','2023-11-30 00:33:02','2023-11-30 00:33:02'),(843,1,'en','core/base/tables','export','Export','2023-11-30 00:33:02','2023-11-30 00:33:02'),(844,1,'en','core/base/tables','csv','CSV','2023-11-30 00:33:02','2023-11-30 00:33:02'),(845,1,'en','core/base/tables','pdf','PDF','2023-11-30 00:33:02','2023-11-30 00:33:02'),(846,1,'en','core/base/tables','print','Print','2023-11-30 00:33:02','2023-11-30 00:33:02'),(847,1,'en','core/base/tables','reset','Reset','2023-11-30 00:33:02','2023-11-30 00:33:02'),(848,1,'en','core/base/tables','reload','Reload','2023-11-30 00:33:02','2023-11-30 00:33:02'),(849,1,'en','core/base/tables','display','Display','2023-11-30 00:33:02','2023-11-30 00:33:02'),(850,1,'en','core/base/tables','all','All','2023-11-30 00:33:02','2023-11-30 00:33:02'),(851,1,'en','core/base/tables','add_new','Add New','2023-11-30 00:33:02','2023-11-30 00:33:02'),(852,1,'en','core/base/tables','action','Actions','2023-11-30 00:33:02','2023-11-30 00:33:02'),(853,1,'en','core/base/tables','delete_entry','Delete','2023-11-30 00:33:02','2023-11-30 00:33:02'),(854,1,'en','core/base/tables','view','View Detail','2023-11-30 00:33:02','2023-11-30 00:33:02'),(855,1,'en','core/base/tables','save','Save','2023-11-30 00:33:02','2023-11-30 00:33:02'),(856,1,'en','core/base/tables','show_from','Show from','2023-11-30 00:33:02','2023-11-30 00:33:02'),(857,1,'en','core/base/tables','to','to','2023-11-30 00:33:02','2023-11-30 00:33:02'),(858,1,'en','core/base/tables','in','in','2023-11-30 00:33:02','2023-11-30 00:33:02'),(859,1,'en','core/base/tables','records','records','2023-11-30 00:33:02','2023-11-30 00:33:02'),(860,1,'en','core/base/tables','no_data','No data to display','2023-11-30 00:33:02','2023-11-30 00:33:02'),(861,1,'en','core/base/tables','no_record','No record','2023-11-30 00:33:02','2023-11-30 00:33:02'),(862,1,'en','core/base/tables','confirm_delete','Confirm delete','2023-11-30 00:33:02','2023-11-30 00:33:02'),(863,1,'en','core/base/tables','confirm_delete_msg','Do you really want to delete this record?','2023-11-30 00:33:02','2023-11-30 00:33:02'),(864,1,'en','core/base/tables','confirm_delete_many_msg','Do you really want to delete selected record(s)?','2023-11-30 00:33:02','2023-11-30 00:33:02'),(865,1,'en','core/base/tables','confirm_delete_all_msg','Do you really want to delete all record?','2023-11-30 00:33:02','2023-11-30 00:33:02'),(866,1,'en','core/base/tables','cancel','Cancel','2023-11-30 00:33:02','2023-11-30 00:33:02'),(867,1,'en','core/base/tables','template','Template','2023-11-30 00:33:02','2023-11-30 00:33:02'),(868,1,'en','core/base/tables','email','Email','2023-11-30 00:33:02','2023-11-30 00:33:02'),(869,1,'en','core/base/tables','phone','Phone','2023-11-30 00:33:02','2023-11-30 00:33:02'),(870,1,'en','core/base/tables','last_login','Last login','2023-11-30 00:33:02','2023-11-30 00:33:02'),(871,1,'en','core/base/tables','shortcode','Shortcode','2023-11-30 00:33:02','2023-11-30 00:33:02'),(872,1,'en','core/base/tables','image','Image','2023-11-30 00:33:02','2023-11-30 00:33:02'),(873,1,'en','core/base/tables','bulk_changes','Bulk changes','2023-11-30 00:33:02','2023-11-30 00:33:02'),(874,1,'en','core/base/tables','submit','Submit','2023-11-30 00:33:02','2023-11-30 00:33:02'),(875,1,'en','core/base/tables','please_select_record','Please select at least one record to perform this action!','2023-11-30 00:33:02','2023-11-30 00:33:02'),(876,1,'en','core/base/tables','checkbox','Checkbox','2023-11-30 00:33:02','2023-11-30 00:33:02'),(877,1,'en','core/base/tabs','detail','Detail','2023-11-30 00:33:02','2023-11-30 00:33:02'),(878,1,'en','core/base/tabs','file','Files','2023-11-30 00:33:02','2023-11-30 00:33:02'),(879,1,'en','core/base/tabs','record_note','Record Note','2023-11-30 00:33:02','2023-11-30 00:33:02'),(880,1,'en','core/base/tabs','revision','Revision History','2023-11-30 00:33:02','2023-11-30 00:33:02'),(881,1,'en','core/base/tree-category','drag_drop_info','Drag and drop on the left to change the order or parent of the categories.','2023-11-30 00:33:02','2023-11-30 00:33:02'),(882,1,'en','core/base/tree-category','expand_all','Expand all','2023-11-30 00:33:02','2023-11-30 00:33:02'),(883,1,'en','core/base/tree-category','collapse_all','Collapse all','2023-11-30 00:33:02','2023-11-30 00:33:02'),(884,1,'en','core/base/tree-category','empty_text','No categories found.','2023-11-30 00:33:02','2023-11-30 00:33:02'),(885,1,'en','core/base/tree-category','delete_button','Delete','2023-11-30 00:33:02','2023-11-30 00:33:02'),(886,1,'en','core/base/tree-category','delete_modal.title','Delete Category','2023-11-30 00:33:02','2023-11-30 00:33:02'),(887,1,'en','core/base/tree-category','delete_modal.message','Are you sure you want to delete this category?','2023-11-30 00:33:02','2023-11-30 00:33:02'),(888,1,'en','core/dashboard/dashboard','update_position_success','Update widget position successfully!','2023-11-30 00:33:02','2023-11-30 00:33:02'),(889,1,'en','core/dashboard/dashboard','hide_success','Update widget successfully!','2023-11-30 00:33:02','2023-11-30 00:33:02'),(890,1,'en','core/dashboard/dashboard','confirm_hide','Are you sure?','2023-11-30 00:33:02','2023-11-30 00:33:02'),(891,1,'en','core/dashboard/dashboard','hide_message','Do you really want to hide this widget? It will be disappear on Dashboard!','2023-11-30 00:33:02','2023-11-30 00:33:02'),(892,1,'en','core/dashboard/dashboard','confirm_hide_btn','Yes, hide this widget','2023-11-30 00:33:02','2023-11-30 00:33:02'),(893,1,'en','core/dashboard/dashboard','cancel_hide_btn','Cancel','2023-11-30 00:33:02','2023-11-30 00:33:02'),(894,1,'en','core/dashboard/dashboard','collapse_expand','Collapse/Expand','2023-11-30 00:33:02','2023-11-30 00:33:02'),(895,1,'en','core/dashboard/dashboard','hide','Hide','2023-11-30 00:33:02','2023-11-30 00:33:02'),(896,1,'en','core/dashboard/dashboard','reload','Reload','2023-11-30 00:33:02','2023-11-30 00:33:02'),(897,1,'en','core/dashboard/dashboard','save_setting_success','Save widget settings successfully!','2023-11-30 00:33:02','2023-11-30 00:33:02'),(898,1,'en','core/dashboard/dashboard','widget_not_exists','Widget is not exits!','2023-11-30 00:33:02','2023-11-30 00:33:02'),(899,1,'en','core/dashboard/dashboard','manage_widgets','Manage Widgets','2023-11-30 00:33:02','2023-11-30 00:33:02'),(900,1,'en','core/dashboard/dashboard','fullscreen','Full screen','2023-11-30 00:33:02','2023-11-30 00:33:02'),(901,1,'en','core/dashboard/dashboard','title','Dashboard','2023-11-30 00:33:02','2023-11-30 00:33:02'),(902,1,'en','core/dashboard/dashboard','predefined_ranges.today','Today','2023-11-30 00:33:02','2023-11-30 00:33:02'),(903,1,'en','core/dashboard/dashboard','predefined_ranges.yesterday','Yesterday','2023-11-30 00:33:02','2023-11-30 00:33:02'),(904,1,'en','core/dashboard/dashboard','predefined_ranges.this_week','This Week','2023-11-30 00:33:02','2023-11-30 00:33:02'),(905,1,'en','core/dashboard/dashboard','predefined_ranges.last_7_days','Last 7 Days','2023-11-30 00:33:02','2023-11-30 00:33:02'),(906,1,'en','core/dashboard/dashboard','predefined_ranges.this_month','This Month','2023-11-30 00:33:02','2023-11-30 00:33:02'),(907,1,'en','core/dashboard/dashboard','predefined_ranges.last_30_days','Last 30 Days','2023-11-30 00:33:02','2023-11-30 00:33:02'),(908,1,'en','core/dashboard/dashboard','predefined_ranges.this_year','This Year','2023-11-30 00:33:02','2023-11-30 00:33:02'),(909,1,'en','core/media/media','filter','Filter','2023-11-30 00:33:03','2023-11-30 00:33:03'),(910,1,'en','core/media/media','everything','Everything','2023-11-30 00:33:03','2023-11-30 00:33:03'),(911,1,'en','core/media/media','image','Image','2023-11-30 00:33:03','2023-11-30 00:33:03'),(912,1,'en','core/media/media','video','Video','2023-11-30 00:33:03','2023-11-30 00:33:03'),(913,1,'en','core/media/media','document','Document','2023-11-30 00:33:03','2023-11-30 00:33:03'),(914,1,'en','core/media/media','view_in','View in','2023-11-30 00:33:03','2023-11-30 00:33:03'),(915,1,'en','core/media/media','all_media','All media','2023-11-30 00:33:03','2023-11-30 00:33:03'),(916,1,'en','core/media/media','trash','Trash','2023-11-30 00:33:03','2023-11-30 00:33:03'),(917,1,'en','core/media/media','recent','Recent','2023-11-30 00:33:03','2023-11-30 00:33:03'),(918,1,'en','core/media/media','favorites','Favorites','2023-11-30 00:33:03','2023-11-30 00:33:03'),(919,1,'en','core/media/media','upload','Upload','2023-11-30 00:33:03','2023-11-30 00:33:03'),(920,1,'en','core/media/media','create_folder','Create folder','2023-11-30 00:33:03','2023-11-30 00:33:03'),(921,1,'en','core/media/media','refresh','Refresh','2023-11-30 00:33:03','2023-11-30 00:33:03'),(922,1,'en','core/media/media','empty_trash','Empty trash','2023-11-30 00:33:03','2023-11-30 00:33:03'),(923,1,'en','core/media/media','search_file_and_folder','Search in current folder','2023-11-30 00:33:03','2023-11-30 00:33:03'),(924,1,'en','core/media/media','sort','Sort','2023-11-30 00:33:03','2023-11-30 00:33:03'),(925,1,'en','core/media/media','file_name_asc','File name - ASC','2023-11-30 00:33:03','2023-11-30 00:33:03'),(926,1,'en','core/media/media','file_name_desc','File name - DESC','2023-11-30 00:33:03','2023-11-30 00:33:03'),(927,1,'en','core/media/media','uploaded_date_asc','Uploaded date - ASC','2023-11-30 00:33:03','2023-11-30 00:33:03'),(928,1,'en','core/media/media','uploaded_date_desc','Uploaded date - DESC','2023-11-30 00:33:03','2023-11-30 00:33:03'),(929,1,'en','core/media/media','size_asc','Size - ASC','2023-11-30 00:33:03','2023-11-30 00:33:03'),(930,1,'en','core/media/media','size_desc','Size - DESC','2023-11-30 00:33:03','2023-11-30 00:33:03'),(931,1,'en','core/media/media','actions','Actions','2023-11-30 00:33:03','2023-11-30 00:33:03'),(932,1,'en','core/media/media','nothing_is_selected','Nothing is selected','2023-11-30 00:33:03','2023-11-30 00:33:03'),(933,1,'en','core/media/media','insert','Insert','2023-11-30 00:33:03','2023-11-30 00:33:03'),(934,1,'en','core/media/media','folder_name','Folder name','2023-11-30 00:33:03','2023-11-30 00:33:03'),(935,1,'en','core/media/media','create','Create','2023-11-30 00:33:03','2023-11-30 00:33:03'),(936,1,'en','core/media/media','rename','Rename','2023-11-30 00:33:03','2023-11-30 00:33:03'),(937,1,'en','core/media/media','crop','Crop','2023-11-30 00:33:03','2023-11-30 00:33:03'),(938,1,'en','core/media/media','close','Close','2023-11-30 00:33:03','2023-11-30 00:33:03'),(939,1,'en','core/media/media','save_changes','Save changes','2023-11-30 00:33:03','2023-11-30 00:33:03'),(940,1,'en','core/media/media','move_to_trash','Move items to trash','2023-11-30 00:33:03','2023-11-30 00:33:03'),(941,1,'en','core/media/media','confirm_trash','Are you sure you want to move these items to trash?','2023-11-30 00:33:03','2023-11-30 00:33:03'),(942,1,'en','core/media/media','confirm','Confirm','2023-11-30 00:33:03','2023-11-30 00:33:03'),(943,1,'en','core/media/media','confirm_delete','Delete item(s)','2023-11-30 00:33:03','2023-11-30 00:33:03'),(944,1,'en','core/media/media','confirm_delete_description','Your request cannot rollback. Are you sure you wanna delete these items?','2023-11-30 00:33:03','2023-11-30 00:33:03'),(945,1,'en','core/media/media','empty_trash_title','Empty trash','2023-11-30 00:33:03','2023-11-30 00:33:03'),(946,1,'en','core/media/media','empty_trash_description','Your request cannot rollback. Are you sure you wanna remove all items in trash?','2023-11-30 00:33:03','2023-11-30 00:33:03'),(947,1,'en','core/media/media','up_level','Up one level','2023-11-30 00:33:03','2023-11-30 00:33:03'),(948,1,'en','core/media/media','upload_progress','Upload progress','2023-11-30 00:33:03','2023-11-30 00:33:03'),(949,1,'en','core/media/media','alt_text','Alt text','2023-11-30 00:33:03','2023-11-30 00:33:03'),(950,1,'en','core/media/media','folder_created','Folder is created successfully!','2023-11-30 00:33:03','2023-11-30 00:33:03'),(951,1,'en','core/media/media','gallery','Media gallery','2023-11-30 00:33:03','2023-11-30 00:33:03'),(952,1,'en','core/media/media','trash_error','Error when delete selected item(s)','2023-11-30 00:33:03','2023-11-30 00:33:03'),(953,1,'en','core/media/media','trash_success','Moved selected item(s) to trash successfully!','2023-11-30 00:33:03','2023-11-30 00:33:03'),(954,1,'en','core/media/media','restore_error','Error when restore selected item(s)','2023-11-30 00:33:03','2023-11-30 00:33:03'),(955,1,'en','core/media/media','restore_success','Restore selected item(s) successfully!','2023-11-30 00:33:03','2023-11-30 00:33:03'),(956,1,'en','core/media/media','copy_success','Copied selected item(s) successfully!','2023-11-30 00:33:03','2023-11-30 00:33:03'),(957,1,'en','core/media/media','delete_success','Deleted selected item(s) successfully!','2023-11-30 00:33:03','2023-11-30 00:33:03'),(958,1,'en','core/media/media','favorite_success','Favorite selected item(s) successfully!','2023-11-30 00:33:03','2023-11-30 00:33:03'),(959,1,'en','core/media/media','remove_favorite_success','Remove selected item(s) from favorites successfully!','2023-11-30 00:33:03','2023-11-30 00:33:03'),(960,1,'en','core/media/media','rename_error','Error when rename item(s)','2023-11-30 00:33:03','2023-11-30 00:33:03'),(961,1,'en','core/media/media','rename_success','Rename selected item(s) successfully!','2023-11-30 00:33:03','2023-11-30 00:33:03'),(962,1,'en','core/media/media','crop_success','Crop image successfully!','2023-11-30 00:33:03','2023-11-30 00:33:03'),(963,1,'en','core/media/media','empty_trash_success','Empty trash successfully!','2023-11-30 00:33:03','2023-11-30 00:33:03'),(964,1,'en','core/media/media','invalid_action','Invalid action!','2023-11-30 00:33:03','2023-11-30 00:33:03'),(965,1,'en','core/media/media','file_not_exists','File is not exists!','2023-11-30 00:33:03','2023-11-30 00:33:03'),(966,1,'en','core/media/media','download_file_error','Error when downloading files!','2023-11-30 00:33:03','2023-11-30 00:33:03'),(967,1,'en','core/media/media','missing_zip_archive_extension','Please enable ZipArchive extension to download file!','2023-11-30 00:33:03','2023-11-30 00:33:03'),(968,1,'en','core/media/media','can_not_download_file','Can not download this file!','2023-11-30 00:33:03','2023-11-30 00:33:03'),(969,1,'en','core/media/media','invalid_request','Invalid request!','2023-11-30 00:33:03','2023-11-30 00:33:03'),(970,1,'en','core/media/media','add_success','Add item successfully!','2023-11-30 00:33:03','2023-11-30 00:33:03'),(971,1,'en','core/media/media','file_too_big','File too big. Max file upload is :size bytes','2023-11-30 00:33:03','2023-11-30 00:33:03'),(972,1,'en','core/media/media','file_too_big_readable_size','File too big. Max file upload is :size.','2023-11-30 00:33:03','2023-11-30 00:33:03'),(973,1,'en','core/media/media','can_not_detect_file_type','File type is not allowed or can not detect file type!','2023-11-30 00:33:03','2023-11-30 00:33:03'),(974,1,'en','core/media/media','upload_failed','The file is NOT uploaded completely. The server allows max upload file size is :size . Please check your file size OR try to upload again in case of having network errors','2023-11-30 00:33:03','2023-11-30 00:33:03'),(975,1,'en','core/media/media','failed_to_crop_image','The file cropping must be image type','2023-11-30 00:33:03','2023-11-30 00:33:03'),(976,1,'en','core/media/media','menu_name','Media','2023-11-30 00:33:03','2023-11-30 00:33:03'),(977,1,'en','core/media/media','description','Manage and view Media Files','2023-11-30 00:33:03','2023-11-30 00:33:03'),(978,1,'en','core/media/media','panel.title','Manage Media Files','2023-11-30 00:33:03','2023-11-30 00:33:03'),(979,1,'en','core/media/media','panel.description','Manage and view Media Files','2023-11-30 00:33:03','2023-11-30 00:33:03'),(980,1,'en','core/media/media','add','Add media','2023-11-30 00:33:03','2023-11-30 00:33:03'),(981,1,'en','core/media/media','javascript.name','Name','2023-11-30 00:33:03','2023-11-30 00:33:03'),(982,1,'en','core/media/media','javascript.url','URL','2023-11-30 00:33:03','2023-11-30 00:33:03'),(983,1,'en','core/media/media','javascript.full_url','Full URL','2023-11-30 00:33:03','2023-11-30 00:33:03'),(984,1,'en','core/media/media','javascript.alt','Alt text','2023-11-30 00:33:03','2023-11-30 00:33:03'),(985,1,'en','core/media/media','javascript.size','Size','2023-11-30 00:33:03','2023-11-30 00:33:03'),(986,1,'en','core/media/media','javascript.mime_type','Type','2023-11-30 00:33:03','2023-11-30 00:33:03'),(987,1,'en','core/media/media','javascript.created_at','Uploaded at','2023-11-30 00:33:03','2023-11-30 00:33:03'),(988,1,'en','core/media/media','javascript.updated_at','Modified at','2023-11-30 00:33:03','2023-11-30 00:33:03'),(989,1,'en','core/media/media','javascript.nothing_selected','Nothing is selected','2023-11-30 00:33:03','2023-11-30 00:33:03'),(990,1,'en','core/media/media','javascript.visit_link','Open link','2023-11-30 00:33:03','2023-11-30 00:33:03'),(991,1,'en','core/media/media','javascript.no_item.all_media.title','Drop files and folders here','2023-11-30 00:33:03','2023-11-30 00:33:03'),(992,1,'en','core/media/media','javascript.no_item.all_media.message','Or use the upload button above','2023-11-30 00:33:03','2023-11-30 00:33:03'),(993,1,'en','core/media/media','javascript.no_item.trash.title','There is nothing in your trash currently','2023-11-30 00:33:03','2023-11-30 00:33:03'),(994,1,'en','core/media/media','javascript.no_item.trash.message','Delete files to move them to trash automatically. Delete files from trash to remove them permanently','2023-11-30 00:33:03','2023-11-30 00:33:03'),(995,1,'en','core/media/media','javascript.no_item.favorites.title','You have not added anything to your favorites yet','2023-11-30 00:33:03','2023-11-30 00:33:03'),(996,1,'en','core/media/media','javascript.no_item.favorites.message','Add files to favorites to easily find them later','2023-11-30 00:33:03','2023-11-30 00:33:03'),(997,1,'en','core/media/media','javascript.no_item.recent.title','You did not opened anything yet','2023-11-30 00:33:03','2023-11-30 00:33:03'),(998,1,'en','core/media/media','javascript.no_item.recent.message','All recent files that you opened will be appeared here','2023-11-30 00:33:03','2023-11-30 00:33:03'),(999,1,'en','core/media/media','javascript.no_item.default.title','No items','2023-11-30 00:33:03','2023-11-30 00:33:03'),(1000,1,'en','core/media/media','javascript.no_item.default.message','This directory has no item','2023-11-30 00:33:03','2023-11-30 00:33:03'),(1001,1,'en','core/media/media','javascript.clipboard.success','These file links have been copied to clipboard','2023-11-30 00:33:03','2023-11-30 00:33:03'),(1002,1,'en','core/media/media','javascript.message.error_header','Error','2023-11-30 00:33:03','2023-11-30 00:33:03'),(1003,1,'en','core/media/media','javascript.message.success_header','Success','2023-11-30 00:33:03','2023-11-30 00:33:03'),(1004,1,'en','core/media/media','javascript.download.error','No files selected or cannot download these files','2023-11-30 00:33:03','2023-11-30 00:33:03'),(1005,1,'en','core/media/media','javascript.actions_list.basic.preview','Preview','2023-11-30 00:33:03','2023-11-30 00:33:03'),(1006,1,'en','core/media/media','javascript.actions_list.basic.crop','Crop','2023-11-30 00:33:03','2023-11-30 00:33:03'),(1007,1,'en','core/media/media','javascript.actions_list.file.copy_link','Copy link','2023-11-30 00:33:03','2023-11-30 00:33:03'),(1008,1,'en','core/media/media','javascript.actions_list.file.rename','Rename','2023-11-30 00:33:03','2023-11-30 00:33:03'),(1009,1,'en','core/media/media','javascript.actions_list.file.make_copy','Make a copy','2023-11-30 00:33:03','2023-11-30 00:33:03'),(1010,1,'en','core/media/media','javascript.actions_list.file.alt_text','ALT text','2023-11-30 00:33:03','2023-11-30 00:33:03'),(1011,1,'en','core/media/media','javascript.actions_list.user.favorite','Add to favorite','2023-11-30 00:33:03','2023-11-30 00:33:03'),(1012,1,'en','core/media/media','javascript.actions_list.user.remove_favorite','Remove favorite','2023-11-30 00:33:03','2023-11-30 00:33:03'),(1013,1,'en','core/media/media','javascript.actions_list.other.download','Download','2023-11-30 00:33:03','2023-11-30 00:33:03'),(1014,1,'en','core/media/media','javascript.actions_list.other.trash','Move to trash','2023-11-30 00:33:03','2023-11-30 00:33:03'),(1015,1,'en','core/media/media','javascript.actions_list.other.delete','Delete permanently','2023-11-30 00:33:03','2023-11-30 00:33:03'),(1016,1,'en','core/media/media','javascript.actions_list.other.restore','Restore','2023-11-30 00:33:03','2023-11-30 00:33:03'),(1017,1,'en','core/media/media','javascript.change_image','Change image','2023-11-30 00:33:03','2023-11-30 00:33:03'),(1018,1,'en','core/media/media','javascript.delete_image','Delete image','2023-11-30 00:33:03','2023-11-30 00:33:03'),(1019,1,'en','core/media/media','javascript.choose_image','Choose image','2023-11-30 00:33:03','2023-11-30 00:33:03'),(1020,1,'en','core/media/media','javascript.preview_image','Preview image','2023-11-30 00:33:03','2023-11-30 00:33:03'),(1021,1,'en','core/media/media','name_invalid','The folder name has invalid character(s).','2023-11-30 00:33:03','2023-11-30 00:33:03'),(1022,1,'en','core/media/media','add_from_url','Add from URL','2023-11-30 00:33:03','2023-11-30 00:33:03'),(1023,1,'en','core/media/media','or','or','2023-11-30 00:33:03','2023-11-30 00:33:03'),(1024,1,'en','core/media/media','url_invalid','Please provide a valid URL','2023-11-30 00:33:03','2023-11-30 00:33:03'),(1025,1,'en','core/media/media','path_invalid','Please provide a valid path','2023-11-30 00:33:03','2023-11-30 00:33:03'),(1026,1,'en','core/media/media','download_link','Download','2023-11-30 00:33:03','2023-11-30 00:33:03'),(1027,1,'en','core/media/media','url','URL','2023-11-30 00:33:03','2023-11-30 00:33:03'),(1028,1,'en','core/media/media','download_explain','Enter one URL per line.','2023-11-30 00:33:03','2023-11-30 00:33:03'),(1029,1,'en','core/media/media','downloading','Downloading...','2023-11-30 00:33:03','2023-11-30 00:33:03'),(1030,1,'en','core/media/media','prepare_file_to_download','Preparing file to download...','2023-11-30 00:33:03','2023-11-30 00:33:03'),(1031,1,'en','core/media/media','update_alt_text_success','Update alt text successfully!','2023-11-30 00:33:03','2023-11-30 00:33:03'),(1032,1,'en','core/media/media','cropper.height','Height','2023-11-30 00:33:03','2023-11-30 00:33:03'),(1033,1,'en','core/media/media','cropper.width','Width','2023-11-30 00:33:03','2023-11-30 00:33:03'),(1034,1,'en','core/media/media','cropper.aspect_ratio','Aspect ratio?','2023-11-30 00:33:03','2023-11-30 00:33:03'),(1035,1,'en','core/media/media','unable_to_write','Unable to write file. Please chmod folder \":folder\" to make it writeable!','2023-11-30 00:33:03','2023-11-30 00:33:03'),(1036,1,'en','core/setting/setting','title','Settings','2023-11-30 00:33:03','2023-11-30 00:33:03'),(1037,1,'en','core/setting/setting','general_setting','General Settings','2023-11-30 00:33:03','2023-11-30 00:33:03'),(1038,1,'en','core/setting/setting','menu','All Settings','2023-11-30 00:33:03','2023-11-30 00:33:03'),(1039,1,'en','core/setting/setting','email_setting_title','Email settings','2023-11-30 00:33:03','2023-11-30 00:33:03'),(1040,1,'en','core/setting/setting','email_setting_description','Configure email settings','2023-11-30 00:33:03','2023-11-30 00:33:03'),(1041,1,'en','core/setting/setting','general.theme','Theme','2023-11-30 00:33:03','2023-11-30 00:33:03'),(1042,1,'en','core/setting/setting','general.title','General Information','2023-11-30 00:33:03','2023-11-30 00:33:03'),(1043,1,'en','core/setting/setting','general.description','View and update site information','2023-11-30 00:33:03','2023-11-30 00:33:03'),(1044,1,'en','core/setting/setting','general.rich_editor','Rich Editor','2023-11-30 00:33:03','2023-11-30 00:33:03'),(1045,1,'en','core/setting/setting','general.site_title','Site title','2023-11-30 00:33:03','2023-11-30 00:33:03'),(1046,1,'en','core/setting/setting','general.admin_email','Admin Email','2023-11-30 00:33:03','2023-11-30 00:33:03'),(1047,1,'en','core/setting/setting','general.seo_block','SEO Configuration','2023-11-30 00:33:03','2023-11-30 00:33:03'),(1048,1,'en','core/setting/setting','general.seo_title','SEO Title','2023-11-30 00:33:03','2023-11-30 00:33:03'),(1049,1,'en','core/setting/setting','general.seo_description','SEO Description','2023-11-30 00:33:03','2023-11-30 00:33:03'),(1050,1,'en','core/setting/setting','general.webmaster_tools_block','Google Webmaster Tools','2023-11-30 00:33:03','2023-11-30 00:33:03'),(1051,1,'en','core/setting/setting','general.placeholder.site_title','Site Title (maximum 120 characters)','2023-11-30 00:33:03','2023-11-30 00:33:03'),(1052,1,'en','core/setting/setting','general.placeholder.admin_email','Admin Email','2023-11-30 00:33:03','2023-11-30 00:33:03'),(1053,1,'en','core/setting/setting','general.placeholder.seo_title','SEO Title (maximum 120 characters)','2023-11-30 00:33:03','2023-11-30 00:33:03'),(1054,1,'en','core/setting/setting','general.placeholder.seo_description','SEO Description (maximum 120 characters)','2023-11-30 00:33:03','2023-11-30 00:33:03'),(1055,1,'en','core/setting/setting','general.placeholder.google_analytics','Google Analytics','2023-11-30 00:33:03','2023-11-30 00:33:03'),(1056,1,'en','core/setting/setting','general.enable_send_error_reporting_via_email','Enable to send error reporting via email?','2023-11-30 00:33:03','2023-11-30 00:33:03'),(1057,1,'en','core/setting/setting','general.time_zone','Timezone','2023-11-30 00:33:03','2023-11-30 00:33:03'),(1058,1,'en','core/setting/setting','general.enable','Enable','2023-11-30 00:33:03','2023-11-30 00:33:03'),(1059,1,'en','core/setting/setting','general.disable','Disable','2023-11-30 00:33:03','2023-11-30 00:33:03'),(1060,1,'en','core/setting/setting','general.enable_cache','Enable cache?','2023-11-30 00:33:03','2023-11-30 00:33:03'),(1061,1,'en','core/setting/setting','general.disable_cache_in_the_admin_panel','Disable cache in the admin panel?','2023-11-30 00:33:03','2023-11-30 00:33:03'),(1062,1,'en','core/setting/setting','general.disabled_helper','Cannot disable this email template!','2023-11-30 00:33:03','2023-11-30 00:33:03'),(1063,1,'en','core/setting/setting','general.cache_time','Cache time (minutes)','2023-11-30 00:33:03','2023-11-30 00:33:03'),(1064,1,'en','core/setting/setting','general.enable_cache_site_map','Enable cache site map?','2023-11-30 00:33:03','2023-11-30 00:33:03'),(1065,1,'en','core/setting/setting','general.cache_time_site_map','Cache Time Site map (minutes)','2023-11-30 00:33:03','2023-11-30 00:33:03'),(1066,1,'en','core/setting/setting','general.admin_logo','Admin logo','2023-11-30 00:33:03','2023-11-30 00:33:03'),(1067,1,'en','core/setting/setting','general.admin_favicon','Admin favicon','2023-11-30 00:33:03','2023-11-30 00:33:03'),(1068,1,'en','core/setting/setting','general.admin_title','Admin title','2023-11-30 00:33:03','2023-11-30 00:33:03'),(1069,1,'en','core/setting/setting','general.admin_title_placeholder','Title show to tab of browser','2023-11-30 00:33:03','2023-11-30 00:33:03'),(1070,1,'en','core/setting/setting','general.admin_appearance_title','Admin appearance','2023-11-30 00:33:03','2023-11-30 00:33:03'),(1071,1,'en','core/setting/setting','general.admin_appearance_description','Setting admin appearance such as editor, language...','2023-11-30 00:33:03','2023-11-30 00:33:03'),(1072,1,'en','core/setting/setting','general.seo_block_description','Setting site title, site meta description, site keyword for optimize SEO','2023-11-30 00:33:03','2023-11-30 00:33:03'),(1073,1,'en','core/setting/setting','general.webmaster_tools_description','Google Webmaster Tools (GWT) is free software that helps you manage the technical side of your website','2023-11-30 00:33:03','2023-11-30 00:33:03'),(1074,1,'en','core/setting/setting','general.yes','Yes','2023-11-30 00:33:03','2023-11-30 00:33:03'),(1075,1,'en','core/setting/setting','general.no','No','2023-11-30 00:33:03','2023-11-30 00:33:03'),(1076,1,'en','core/setting/setting','general.show_on_front','Your homepage displays','2023-11-30 00:33:03','2023-11-30 00:33:03'),(1077,1,'en','core/setting/setting','general.select','— Select —','2023-11-30 00:33:03','2023-11-30 00:33:03'),(1078,1,'en','core/setting/setting','general.show_site_name','Show site name after page title, separate with \"-\"?','2023-11-30 00:33:03','2023-11-30 00:33:03'),(1079,1,'en','core/setting/setting','general.locale','Site language','2023-11-30 00:33:03','2023-11-30 00:33:03'),(1080,1,'en','core/setting/setting','general.locale_direction','Front site language direction','2023-11-30 00:33:04','2023-11-30 00:33:04'),(1081,1,'en','core/setting/setting','general.minutes','minutes','2023-11-30 00:33:04','2023-11-30 00:33:04'),(1082,1,'en','core/setting/setting','general.redirect_404_to_homepage','Redirect all not found requests to homepage?','2023-11-30 00:33:04','2023-11-30 00:33:04'),(1083,1,'en','core/setting/setting','admin_appearance.title','Admin appearance','2023-11-30 00:33:04','2023-11-30 00:33:04'),(1084,1,'en','core/setting/setting','admin_appearance.description','View and update logo, favicon, layout,...','2023-11-30 00:33:04','2023-11-30 00:33:04'),(1085,1,'en','core/setting/setting','admin_appearance.layout','Layout','2023-11-30 00:33:04','2023-11-30 00:33:04'),(1086,1,'en','core/setting/setting','admin_appearance.horizontal','Horizontal','2023-11-30 00:33:04','2023-11-30 00:33:04'),(1087,1,'en','core/setting/setting','admin_appearance.vertical','Vertical','2023-11-30 00:33:04','2023-11-30 00:33:04'),(1088,1,'en','core/setting/setting','admin_appearance.show_menu_item_icon','Show menu item icon?','2023-11-30 00:33:04','2023-11-30 00:33:04'),(1089,1,'en','core/setting/setting','admin_appearance.container_width.title','Container width','2023-11-30 00:33:04','2023-11-30 00:33:04'),(1090,1,'en','core/setting/setting','admin_appearance.container_width.default','Default','2023-11-30 00:33:04','2023-11-30 00:33:04'),(1091,1,'en','core/setting/setting','admin_appearance.container_width.large','Large','2023-11-30 00:33:04','2023-11-30 00:33:04'),(1092,1,'en','core/setting/setting','admin_appearance.container_width.full','Full','2023-11-30 00:33:04','2023-11-30 00:33:04'),(1093,1,'en','core/setting/setting','admin_appearance.form.admin_logo','Admin logo','2023-11-30 00:33:04','2023-11-30 00:33:04'),(1094,1,'en','core/setting/setting','admin_appearance.form.admin_favicon','Admin favicon','2023-11-30 00:33:04','2023-11-30 00:33:04'),(1095,1,'en','core/setting/setting','admin_appearance.form.admin_title','Admin title','2023-11-30 00:33:04','2023-11-30 00:33:04'),(1096,1,'en','core/setting/setting','admin_appearance.form.admin_title_placeholder','Title show to tab of browser','2023-11-30 00:33:04','2023-11-30 00:33:04'),(1097,1,'en','core/setting/setting','admin_appearance.form.admin_login_screen_backgrounds','Login screen backgrounds (~1366x768)','2023-11-30 00:33:04','2023-11-30 00:33:04'),(1098,1,'en','core/setting/setting','admin_appearance.form.admin_locale_direction','Admin language direction','2023-11-30 00:33:04','2023-11-30 00:33:04'),(1099,1,'en','core/setting/setting','admin_appearance.form.rich_editor','Rich Editor','2023-11-30 00:33:04','2023-11-30 00:33:04'),(1100,1,'en','core/setting/setting','admin_appearance.form.show_admin_bar','Show admin bar (When admin logged in, still show admin bar in website)?','2023-11-30 00:33:04','2023-11-30 00:33:04'),(1101,1,'en','core/setting/setting','admin_appearance.form.show_guidelines','Show guidelines?','2023-11-30 00:33:04','2023-11-30 00:33:04'),(1102,1,'en','core/setting/setting','admin_appearance.form.primary_font','Primary font','2023-11-30 00:33:04','2023-11-30 00:33:04'),(1103,1,'en','core/setting/setting','admin_appearance.form.primary_color','Primary color','2023-11-30 00:33:04','2023-11-30 00:33:04'),(1104,1,'en','core/setting/setting','admin_appearance.form.secondary_color','Secondary color','2023-11-30 00:33:04','2023-11-30 00:33:04'),(1105,1,'en','core/setting/setting','admin_appearance.form.heading_color','Heading color','2023-11-30 00:33:04','2023-11-30 00:33:04'),(1106,1,'en','core/setting/setting','admin_appearance.form.text_color','Text color','2023-11-30 00:33:04','2023-11-30 00:33:04'),(1107,1,'en','core/setting/setting','admin_appearance.form.link_color','Link color','2023-11-30 00:33:04','2023-11-30 00:33:04'),(1108,1,'en','core/setting/setting','admin_appearance.form.link_hover_color','Link hover color','2023-11-30 00:33:04','2023-11-30 00:33:04'),(1109,1,'en','core/setting/setting','admin_appearance.form.show_menu_item_icon','Show menu item icon?','2023-11-30 00:33:04','2023-11-30 00:33:04'),(1110,1,'en','core/setting/setting','datatable.title','Datatables','2023-11-30 00:33:04','2023-11-30 00:33:04'),(1111,1,'en','core/setting/setting','datatable.description','Settings for datatables','2023-11-30 00:33:04','2023-11-30 00:33:04'),(1112,1,'en','core/setting/setting','datatable.form.show_column_visibility','Default show column visibility?','2023-11-30 00:33:04','2023-11-30 00:33:04'),(1113,1,'en','core/setting/setting','datatable.form.show_export_button','Default show export button?','2023-11-30 00:33:04','2023-11-30 00:33:04'),(1114,1,'en','core/setting/setting','email.subject','Subject','2023-11-30 00:33:04','2023-11-30 00:33:04'),(1115,1,'en','core/setting/setting','email.content','Content','2023-11-30 00:33:04','2023-11-30 00:33:04'),(1116,1,'en','core/setting/setting','email.title','Setting for email template','2023-11-30 00:33:04','2023-11-30 00:33:04'),(1117,1,'en','core/setting/setting','email.description','Email template using HTML & system variables.','2023-11-30 00:33:04','2023-11-30 00:33:04'),(1118,1,'en','core/setting/setting','email.reset_to_default','Reset to default','2023-11-30 00:33:04','2023-11-30 00:33:04'),(1119,1,'en','core/setting/setting','email.back','Back to settings','2023-11-30 00:33:04','2023-11-30 00:33:04'),(1120,1,'en','core/setting/setting','email.reset_success','Reset back to default successfully','2023-11-30 00:33:04','2023-11-30 00:33:04'),(1121,1,'en','core/setting/setting','email.confirm_reset','Confirm reset email template?','2023-11-30 00:33:04','2023-11-30 00:33:04'),(1122,1,'en','core/setting/setting','email.confirm_message','Do you really want to reset this email template to default?','2023-11-30 00:33:04','2023-11-30 00:33:04'),(1123,1,'en','core/setting/setting','email.continue','Continue','2023-11-30 00:33:04','2023-11-30 00:33:04'),(1124,1,'en','core/setting/setting','email.sender_name','Sender name','2023-11-30 00:33:04','2023-11-30 00:33:04'),(1125,1,'en','core/setting/setting','email.sender_name_placeholder','Name','2023-11-30 00:33:04','2023-11-30 00:33:04'),(1126,1,'en','core/setting/setting','email.sender_email','Sender email','2023-11-30 00:33:04','2023-11-30 00:33:04'),(1127,1,'en','core/setting/setting','email.mailer','Mailer','2023-11-30 00:33:04','2023-11-30 00:33:04'),(1128,1,'en','core/setting/setting','email.port','Port','2023-11-30 00:33:04','2023-11-30 00:33:04'),(1129,1,'en','core/setting/setting','email.port_placeholder','Ex: 587','2023-11-30 00:33:04','2023-11-30 00:33:04'),(1130,1,'en','core/setting/setting','email.host','Host','2023-11-30 00:33:04','2023-11-30 00:33:04'),(1131,1,'en','core/setting/setting','email.host_placeholder','Ex: smtp.gmail.com','2023-11-30 00:33:04','2023-11-30 00:33:04'),(1132,1,'en','core/setting/setting','email.username','Username','2023-11-30 00:33:04','2023-11-30 00:33:04'),(1133,1,'en','core/setting/setting','email.username_placeholder','Username to login to mail server','2023-11-30 00:33:04','2023-11-30 00:33:04'),(1134,1,'en','core/setting/setting','email.password','Password','2023-11-30 00:33:04','2023-11-30 00:33:04'),(1135,1,'en','core/setting/setting','email.password_placeholder','Password to login to mail server','2023-11-30 00:33:04','2023-11-30 00:33:04'),(1136,1,'en','core/setting/setting','email.encryption','Encryption','2023-11-30 00:33:04','2023-11-30 00:33:04'),(1137,1,'en','core/setting/setting','email.mail_gun_domain','Domain','2023-11-30 00:33:04','2023-11-30 00:33:04'),(1138,1,'en','core/setting/setting','email.mail_gun_domain_placeholder','Domain','2023-11-30 00:33:04','2023-11-30 00:33:04'),(1139,1,'en','core/setting/setting','email.mail_gun_secret','Secret','2023-11-30 00:33:04','2023-11-30 00:33:04'),(1140,1,'en','core/setting/setting','email.mail_gun_secret_placeholder','Secret','2023-11-30 00:33:04','2023-11-30 00:33:04'),(1141,1,'en','core/setting/setting','email.mail_gun_endpoint','Endpoint','2023-11-30 00:33:04','2023-11-30 00:33:04'),(1142,1,'en','core/setting/setting','email.mail_gun_endpoint_placeholder','Endpoint','2023-11-30 00:33:04','2023-11-30 00:33:04'),(1143,1,'en','core/setting/setting','email.log_channel','Log channel','2023-11-30 00:33:04','2023-11-30 00:33:04'),(1144,1,'en','core/setting/setting','email.sendmail_path','Sendmail Path','2023-11-30 00:33:04','2023-11-30 00:33:04'),(1145,1,'en','core/setting/setting','email.encryption_placeholder','Encryption: ssl or tls','2023-11-30 00:33:04','2023-11-30 00:33:04'),(1146,1,'en','core/setting/setting','email.ses_key','Key','2023-11-30 00:33:04','2023-11-30 00:33:04'),(1147,1,'en','core/setting/setting','email.ses_key_placeholder','Key','2023-11-30 00:33:04','2023-11-30 00:33:04'),(1148,1,'en','core/setting/setting','email.ses_secret','Secret','2023-11-30 00:33:04','2023-11-30 00:33:04'),(1149,1,'en','core/setting/setting','email.ses_secret_placeholder','Secret','2023-11-30 00:33:04','2023-11-30 00:33:04'),(1150,1,'en','core/setting/setting','email.ses_region','Region','2023-11-30 00:33:04','2023-11-30 00:33:04'),(1151,1,'en','core/setting/setting','email.ses_region_placeholder','Region','2023-11-30 00:33:04','2023-11-30 00:33:04'),(1152,1,'en','core/setting/setting','email.postmark_token','Token','2023-11-30 00:33:04','2023-11-30 00:33:04'),(1153,1,'en','core/setting/setting','email.postmark_token_placeholder','Token','2023-11-30 00:33:04','2023-11-30 00:33:04'),(1154,1,'en','core/setting/setting','email.email_templates','Email templates','2023-11-30 00:33:04','2023-11-30 00:33:04'),(1155,1,'en','core/setting/setting','email.email_templates_description','Email templates using HTML & system variables.','2023-11-30 00:33:04','2023-11-30 00:33:04'),(1156,1,'en','core/setting/setting','email.email_rules','Email rules','2023-11-30 00:33:04','2023-11-30 00:33:04'),(1157,1,'en','core/setting/setting','email.email_rules_description','Configure email rules for validation','2023-11-30 00:33:04','2023-11-30 00:33:04'),(1158,1,'en','core/setting/setting','email.base_template','Base template','2023-11-30 00:33:04','2023-11-30 00:33:04'),(1159,1,'en','core/setting/setting','email.base_template_description','Base template for all emails','2023-11-30 00:33:04','2023-11-30 00:33:04'),(1160,1,'en','core/setting/setting','email.template_header','Email template header','2023-11-30 00:33:04','2023-11-30 00:33:04'),(1161,1,'en','core/setting/setting','email.template_header_description','Template for header of emails','2023-11-30 00:33:04','2023-11-30 00:33:04'),(1162,1,'en','core/setting/setting','email.template_footer','Email template footer','2023-11-30 00:33:04','2023-11-30 00:33:04'),(1163,1,'en','core/setting/setting','email.template_footer_description','Template for footer of emails','2023-11-30 00:33:04','2023-11-30 00:33:04'),(1164,1,'en','core/setting/setting','email.default','Default','2023-11-30 00:33:04','2023-11-30 00:33:04'),(1165,1,'en','core/setting/setting','email.template_off_status_helper','This email template is turned off.','2023-11-30 00:33:04','2023-11-30 00:33:04'),(1166,1,'en','core/setting/setting','email.blacklist_email_domains','Blacklisted Email Domains','2023-11-30 00:33:04','2023-11-30 00:33:04'),(1167,1,'en','core/setting/setting','email.blacklist_email_domains_helper','Enter a list of email domains to be blacklisted. E.g. gmail.com, yahoo.com.','2023-11-30 00:33:04','2023-11-30 00:33:04'),(1168,1,'en','core/setting/setting','email.blacklist_specified_emails','Blacklisted Email Addresses','2023-11-30 00:33:04','2023-11-30 00:33:04'),(1169,1,'en','core/setting/setting','email.blacklist_specified_emails_helper','Enter a list of specific email addresses to be blacklisted. E.g. mail@example.com.','2023-11-30 00:33:04','2023-11-30 00:33:04'),(1170,1,'en','core/setting/setting','email.exception_emails','Exception Emails','2023-11-30 00:33:04','2023-11-30 00:33:04'),(1171,1,'en','core/setting/setting','email.exception_emails_helper','These emails will be excluded from the validation rules.','2023-11-30 00:33:04','2023-11-30 00:33:04'),(1172,1,'en','core/setting/setting','email.email_rules_strict','Strict Email Validation','2023-11-30 00:33:04','2023-11-30 00:33:04'),(1173,1,'en','core/setting/setting','email.email_rules_strict_helper','Perform RFC-like email validation with strict rules.','2023-11-30 00:33:04','2023-11-30 00:33:04'),(1174,1,'en','core/setting/setting','email.email_rules_dns','DNS Check Validation','2023-11-30 00:33:04','2023-11-30 00:33:04'),(1175,1,'en','core/setting/setting','email.email_rules_dns_helper','Check if there are DNS records indicating the server accepts emails.','2023-11-30 00:33:04','2023-11-30 00:33:04'),(1176,1,'en','core/setting/setting','email.email_rules_spoof','Spoofing Detection','2023-11-30 00:33:04','2023-11-30 00:33:04'),(1177,1,'en','core/setting/setting','email.email_rules_spoof_helper','Detect potential email spoofing attempts.','2023-11-30 00:33:04','2023-11-30 00:33:04'),(1178,1,'en','core/setting/setting','email.template_turn_off','Click to turn off this email template','2023-11-30 00:33:04','2023-11-30 00:33:04'),(1179,1,'en','core/setting/setting','email.template_turn_on','Click to turn on this email template','2023-11-30 00:33:04','2023-11-30 00:33:04'),(1180,1,'en','core/setting/setting','email.turn_on_success_message','Turn on email template successfully!','2023-11-30 00:33:04','2023-11-30 00:33:04'),(1181,1,'en','core/setting/setting','email.turn_off_success_message','Turn off email template successfully!','2023-11-30 00:33:04','2023-11-30 00:33:04'),(1182,1,'en','core/setting/setting','media.title','Media','2023-11-30 00:33:04','2023-11-30 00:33:04'),(1183,1,'en','core/setting/setting','media.driver','Driver','2023-11-30 00:33:04','2023-11-30 00:33:04'),(1184,1,'en','core/setting/setting','media.description','Settings for media','2023-11-30 00:33:04','2023-11-30 00:33:04'),(1185,1,'en','core/setting/setting','media.aws_access_key_id','AWS Access Key ID','2023-11-30 00:33:04','2023-11-30 00:33:04'),(1186,1,'en','core/setting/setting','media.aws_secret_key','AWS Secret Key','2023-11-30 00:33:04','2023-11-30 00:33:04'),(1187,1,'en','core/setting/setting','media.aws_default_region','AWS Default Region','2023-11-30 00:33:04','2023-11-30 00:33:04'),(1188,1,'en','core/setting/setting','media.aws_bucket','AWS Bucket','2023-11-30 00:33:04','2023-11-30 00:33:04'),(1189,1,'en','core/setting/setting','media.aws_url','AWS URL','2023-11-30 00:33:04','2023-11-30 00:33:04'),(1190,1,'en','core/setting/setting','media.aws_endpoint','AWS Endpoint (Optional)','2023-11-30 00:33:04','2023-11-30 00:33:04'),(1191,1,'en','core/setting/setting','media.r2_access_key_id','R2 Access Key ID','2023-11-30 00:33:04','2023-11-30 00:33:04'),(1192,1,'en','core/setting/setting','media.r2_secret_key','R2 Secret Key','2023-11-30 00:33:04','2023-11-30 00:33:04'),(1193,1,'en','core/setting/setting','media.r2_bucket','R2 Bucket','2023-11-30 00:33:04','2023-11-30 00:33:04'),(1194,1,'en','core/setting/setting','media.r2_url','R2 URL','2023-11-30 00:33:04','2023-11-30 00:33:04'),(1195,1,'en','core/setting/setting','media.r2_endpoint','R2 Endpoint','2023-11-30 00:33:04','2023-11-30 00:33:04'),(1196,1,'en','core/setting/setting','media.do_spaces_access_key_id','DO Spaces Access Key ID','2023-11-30 00:33:04','2023-11-30 00:33:04'),(1197,1,'en','core/setting/setting','media.do_spaces_secret_key','DO Spaces Secret Key','2023-11-30 00:33:04','2023-11-30 00:33:04'),(1198,1,'en','core/setting/setting','media.do_spaces_default_region','DO Spaces Default Region','2023-11-30 00:33:04','2023-11-30 00:33:04'),(1199,1,'en','core/setting/setting','media.do_spaces_bucket','DO Spaces Bucket','2023-11-30 00:33:04','2023-11-30 00:33:04'),(1200,1,'en','core/setting/setting','media.do_spaces_endpoint','DO Spaces Endpoint','2023-11-30 00:33:04','2023-11-30 00:33:04'),(1201,1,'en','core/setting/setting','media.do_spaces_cdn_enabled','Is DO Spaces CDN enabled?','2023-11-30 00:33:04','2023-11-30 00:33:04'),(1202,1,'en','core/setting/setting','media.media_do_spaces_cdn_custom_domain','Do Spaces CDN custom domain','2023-11-30 00:33:04','2023-11-30 00:33:04'),(1203,1,'en','core/setting/setting','media.media_do_spaces_cdn_custom_domain_placeholder','https://your-custom-domain.com','2023-11-30 00:33:04','2023-11-30 00:33:04'),(1204,1,'en','core/setting/setting','media.wasabi_access_key_id','Wasabi Access Key ID','2023-11-30 00:33:04','2023-11-30 00:33:04'),(1205,1,'en','core/setting/setting','media.wasabi_secret_key','Wasabi Secret Key','2023-11-30 00:33:04','2023-11-30 00:33:04'),(1206,1,'en','core/setting/setting','media.wasabi_default_region','Wasabi Default Region','2023-11-30 00:33:04','2023-11-30 00:33:04'),(1207,1,'en','core/setting/setting','media.wasabi_bucket','Wasabi Bucket','2023-11-30 00:33:04','2023-11-30 00:33:04'),(1208,1,'en','core/setting/setting','media.wasabi_root','Wasabi Root','2023-11-30 00:33:04','2023-11-30 00:33:04'),(1209,1,'en','core/setting/setting','media.default_placeholder_image','Default placeholder image','2023-11-30 00:33:04','2023-11-30 00:33:04'),(1210,1,'en','core/setting/setting','media.enable_chunk','Enable chunk size upload?','2023-11-30 00:33:04','2023-11-30 00:33:04'),(1211,1,'en','core/setting/setting','media.chunk_size','Chunk size (Bytes)','2023-11-30 00:33:04','2023-11-30 00:33:04'),(1212,1,'en','core/setting/setting','media.chunk_size_placeholder','Default: 1048576 ~ 1MB','2023-11-30 00:33:04','2023-11-30 00:33:04'),(1213,1,'en','core/setting/setting','media.max_file_size','Chunk max file size (MB)','2023-11-30 00:33:04','2023-11-30 00:33:04'),(1214,1,'en','core/setting/setting','media.max_file_size_placeholder','Default: 1048576 ~ 1GB','2023-11-30 00:33:04','2023-11-30 00:33:04'),(1215,1,'en','core/setting/setting','media.enable_watermark','Enable watermark?','2023-11-30 00:33:04','2023-11-30 00:33:04'),(1216,1,'en','core/setting/setting','media.watermark_source','Watermark image','2023-11-30 00:33:04','2023-11-30 00:33:04'),(1217,1,'en','core/setting/setting','media.watermark_size','Size of watermark (%)','2023-11-30 00:33:04','2023-11-30 00:33:04'),(1218,1,'en','core/setting/setting','media.watermark_size_placeholder','Default: 10 (%)','2023-11-30 00:33:04','2023-11-30 00:33:04'),(1219,1,'en','core/setting/setting','media.watermark_opacity','Watermark Opacity (%)','2023-11-30 00:33:04','2023-11-30 00:33:04'),(1220,1,'en','core/setting/setting','media.watermark_opacity_placeholder','Default: 70 (%)','2023-11-30 00:33:04','2023-11-30 00:33:04'),(1221,1,'en','core/setting/setting','media.watermark_position','Watermark position','2023-11-30 00:33:04','2023-11-30 00:33:04'),(1222,1,'en','core/setting/setting','media.watermark_position_x','Watermark position X','2023-11-30 00:33:04','2023-11-30 00:33:04'),(1223,1,'en','core/setting/setting','media.watermark_position_y','Watermark position Y','2023-11-30 00:33:04','2023-11-30 00:33:04'),(1224,1,'en','core/setting/setting','media.watermark_position_top_left','Top left','2023-11-30 00:33:04','2023-11-30 00:33:04'),(1225,1,'en','core/setting/setting','media.watermark_position_top_right','Top right','2023-11-30 00:33:04','2023-11-30 00:33:04'),(1226,1,'en','core/setting/setting','media.watermark_position_bottom_left','Bottom left','2023-11-30 00:33:04','2023-11-30 00:33:04'),(1227,1,'en','core/setting/setting','media.watermark_position_bottom_right','Bottom right','2023-11-30 00:33:04','2023-11-30 00:33:04'),(1228,1,'en','core/setting/setting','media.watermark_position_center','Center','2023-11-30 00:33:04','2023-11-30 00:33:04'),(1229,1,'en','core/setting/setting','media.turn_off_automatic_url_translation_into_latin','Turn off automatic URL translation into Latin?','2023-11-30 00:33:04','2023-11-30 00:33:04'),(1230,1,'en','core/setting/setting','media.bunnycdn_hostname','Hostname','2023-11-30 00:33:04','2023-11-30 00:33:04'),(1231,1,'en','core/setting/setting','media.bunnycdn_zone','Zone Name (The name of your storage zone)','2023-11-30 00:33:04','2023-11-30 00:33:04'),(1232,1,'en','core/setting/setting','media.bunnycdn_key','FTP & API Access Password (The storage zone API Access Password)','2023-11-30 00:33:04','2023-11-30 00:33:04'),(1233,1,'en','core/setting/setting','media.bunnycdn_region','Region (The storage zone region)','2023-11-30 00:33:04','2023-11-30 00:33:04'),(1234,1,'en','core/setting/setting','media.optional','Optional','2023-11-30 00:33:04','2023-11-30 00:33:04'),(1235,1,'en','core/setting/setting','media.sizes','Media thumbnails sizes','2023-11-30 00:33:04','2023-11-30 00:33:04'),(1236,1,'en','core/setting/setting','media.media_sizes_helper','Set width or height to 0 if you just want to crop by width or height. Need to click on \"Generate thumbnails\" to apply changes.','2023-11-30 00:33:04','2023-11-30 00:33:04'),(1237,1,'en','core/setting/setting','media.width','Width','2023-11-30 00:33:04','2023-11-30 00:33:04'),(1238,1,'en','core/setting/setting','media.height','Height','2023-11-30 00:33:04','2023-11-30 00:33:04'),(1239,1,'en','core/setting/setting','media.default_size_value','Default: :size','2023-11-30 00:33:04','2023-11-30 00:33:04'),(1240,1,'en','core/setting/setting','media.all','All','2023-11-30 00:33:04','2023-11-30 00:33:04'),(1241,1,'en','core/setting/setting','media.media_folders_can_add_watermark','Add watermark for images in folders:','2023-11-30 00:33:05','2023-11-30 00:33:05'),(1242,1,'en','core/setting/setting','media.max_upload_filesize','Max upload filesize (MB)','2023-11-30 00:33:05','2023-11-30 00:33:05'),(1243,1,'en','core/setting/setting','media.max_upload_filesize_placeholder','Default: :size, must less than :size.','2023-11-30 00:33:05','2023-11-30 00:33:05'),(1244,1,'en','core/setting/setting','media.max_upload_filesize_helper','Your server allows to upload files maximum :size, you can change this value to limit upload filesize.','2023-11-30 00:33:05','2023-11-30 00:33:05'),(1245,1,'en','core/setting/setting','media.image_processing_library','Image processing library','2023-11-30 00:33:05','2023-11-30 00:33:05'),(1246,1,'en','core/setting/setting','license.purchase_code','Purchase code','2023-11-30 00:33:05','2023-11-30 00:33:05'),(1247,1,'en','core/setting/setting','license.buyer','Buyer','2023-11-30 00:33:05','2023-11-30 00:33:05'),(1248,1,'en','core/setting/setting','field_type_not_exists','This field type does not exist','2023-11-30 00:33:05','2023-11-30 00:33:05'),(1249,1,'en','core/setting/setting','save_settings','Save settings','2023-11-30 00:33:05','2023-11-30 00:33:05'),(1250,1,'en','core/setting/setting','template','Template','2023-11-30 00:33:05','2023-11-30 00:33:05'),(1251,1,'en','core/setting/setting','description','Description','2023-11-30 00:33:05','2023-11-30 00:33:05'),(1252,1,'en','core/setting/setting','enable','Enable','2023-11-30 00:33:05','2023-11-30 00:33:05'),(1253,1,'en','core/setting/setting','send','Send','2023-11-30 00:33:05','2023-11-30 00:33:05'),(1254,1,'en','core/setting/setting','test_email_description','To send test email, please make sure you are updated configuration to send mail!','2023-11-30 00:33:05','2023-11-30 00:33:05'),(1255,1,'en','core/setting/setting','test_email_input_placeholder','Enter the email which you want to send test email.','2023-11-30 00:33:05','2023-11-30 00:33:05'),(1256,1,'en','core/setting/setting','test_email_modal_title','Send a test email','2023-11-30 00:33:05','2023-11-30 00:33:05'),(1257,1,'en','core/setting/setting','test_send_mail','Send test mail','2023-11-30 00:33:05','2023-11-30 00:33:05'),(1258,1,'en','core/setting/setting','test_email_send_success','Send email successfully!','2023-11-30 00:33:05','2023-11-30 00:33:05'),(1259,1,'en','core/setting/setting','locale_direction_ltr','Left to Right','2023-11-30 00:33:05','2023-11-30 00:33:05'),(1260,1,'en','core/setting/setting','locale_direction_rtl','Right to Left','2023-11-30 00:33:05','2023-11-30 00:33:05'),(1261,1,'en','core/setting/setting','emails_warning','You can add maximum :count emails','2023-11-30 00:33:05','2023-11-30 00:33:05'),(1262,1,'en','core/setting/setting','email_add_more','Add more','2023-11-30 00:33:05','2023-11-30 00:33:05'),(1263,1,'en','core/setting/setting','generate','Generate','2023-11-30 00:33:05','2023-11-30 00:33:05'),(1264,1,'en','core/setting/setting','generate_thumbnails','Generate thumbnails','2023-11-30 00:33:05','2023-11-30 00:33:05'),(1265,1,'en','core/setting/setting','generate_thumbnails_success','Generate thumbnails successfully. :count files are generated!','2023-11-30 00:33:05','2023-11-30 00:33:05'),(1266,1,'en','core/setting/setting','generate_thumbnails_error','We are unable to regenerate thumbnail for these files :count files!','2023-11-30 00:33:05','2023-11-30 00:33:05'),(1267,1,'en','core/setting/setting','generate_thumbnails_description','Are you sure you want to re-generate thumbnails for all images? It will take time so please DO NOT leave this page, wait until it is finished.','2023-11-30 00:33:05','2023-11-30 00:33:05'),(1268,1,'en','core/setting/setting','enable_chunk_description','Chunk size upload is used to upload large file size.','2023-11-30 00:33:05','2023-11-30 00:33:05'),(1269,1,'en','core/setting/setting','watermark_description','WARNING: Watermark is just added to new uploaded images, it won\'t be added to existing images. Disable watermark won\'t remove watermark from existing images.','2023-11-30 00:33:05','2023-11-30 00:33:05'),(1270,1,'en','core/setting/setting','submit','Submit','2023-11-30 00:33:05','2023-11-30 00:33:05'),(1271,1,'en','core/setting/setting','back','Back','2023-11-30 00:33:05','2023-11-30 00:33:05'),(1272,1,'en','core/setting/setting','enter_sample_value','Enter sample values for testing','2023-11-30 00:33:05','2023-11-30 00:33:05'),(1273,1,'en','core/setting/setting','preview','Preview','2023-11-30 00:33:05','2023-11-30 00:33:05'),(1274,1,'en','core/setting/setting','media_size_width',':size size width must be greater than 0','2023-11-30 00:33:05','2023-11-30 00:33:05'),(1275,1,'en','core/setting/setting','media_size_height',':size size height must be greater than 0','2023-11-30 00:33:05','2023-11-30 00:33:05'),(1276,1,'en','core/setting/setting','cronjob.name','Cronjob','2023-11-30 00:33:05','2023-11-30 00:33:05'),(1277,1,'en','core/setting/setting','cronjob.description','Cronjob allow you to automate certain commands or scripts on your site.','2023-11-30 00:33:05','2023-11-30 00:33:05'),(1278,1,'en','core/setting/setting','cronjob.is_not_ready','To run the cronjob, follow the instructions below.','2023-11-30 00:33:05','2023-11-30 00:33:05'),(1279,1,'en','core/setting/setting','cronjob.is_working','Congratulations! Your cronjob is running.','2023-11-30 00:33:05','2023-11-30 00:33:05'),(1280,1,'en','core/setting/setting','cronjob.is_not_working','Your cronjob is not running. Please check your server\'s cronjob.','2023-11-30 00:33:05','2023-11-30 00:33:05'),(1281,1,'en','core/setting/setting','cronjob.last_checked','Last checked at :time.','2023-11-30 00:33:05','2023-11-30 00:33:05'),(1282,1,'en','core/setting/setting','cronjob.copy_button','Copy','2023-11-30 00:33:05','2023-11-30 00:33:05'),(1283,1,'en','core/setting/setting','cronjob.setup.name','Setting up the Cronjob','2023-11-30 00:33:05','2023-11-30 00:33:05'),(1284,1,'en','core/setting/setting','cronjob.setup.connect_to_server','Connect to your server via SSH or any preferred method.','2023-11-30 00:33:05','2023-11-30 00:33:05'),(1285,1,'en','core/setting/setting','cronjob.setup.open_crontab','Open the crontab file using a text editor (e.g., `crontab -e`).','2023-11-30 00:33:05','2023-11-30 00:33:05'),(1286,1,'en','core/setting/setting','cronjob.setup.add_cronjob','Add the above command to the crontab file and save it.','2023-11-30 00:33:05','2023-11-30 00:33:05'),(1287,1,'en','core/setting/setting','cronjob.setup.done','The cronjob will now run at every minute and execute the specified command.','2023-11-30 00:33:05','2023-11-30 00:33:05'),(1288,1,'en','core/setting/setting','cronjob.setup.learn_more','You can learn more about cronjob from the Laravel :documentation','2023-11-30 00:33:05','2023-11-30 00:33:05'),(1289,1,'en','core/setting/setting','cronjob.setup.documentation','documentation','2023-11-30 00:33:05','2023-11-30 00:33:05'),(1290,1,'en','core/setting/setting','cronjob.setup.copied','Copied','2023-11-30 00:33:05','2023-11-30 00:33:05'),(1291,1,'en','core/setting/setting','cache.title','Cache','2023-11-30 00:33:05','2023-11-30 00:33:05'),(1292,1,'en','core/setting/setting','cache.description','Config cache for system for optimize speed','2023-11-30 00:33:05','2023-11-30 00:33:05'),(1293,1,'en','core/setting/setting','cache.form.enable_cache','Enable cache?','2023-11-30 00:33:05','2023-11-30 00:33:05'),(1294,1,'en','core/setting/setting','cache.form.cache_time','Cache time (minutes)','2023-11-30 00:33:05','2023-11-30 00:33:05'),(1295,1,'en','core/setting/setting','cache.form.disable_cache_in_the_admin_panel','Disable cache in the admin panel?','2023-11-30 00:33:05','2023-11-30 00:33:05'),(1296,1,'en','core/setting/setting','cache.form.cache_admin_menu','Cache admin menu?','2023-11-30 00:33:05','2023-11-30 00:33:05'),(1297,1,'en','core/setting/setting','cache.form.enable_cache_site_map','Enable cache site map?','2023-11-30 00:33:05','2023-11-30 00:33:05'),(1298,1,'en','core/setting/setting','cache.form.cache_time_site_map','Cache Time Site map (minutes)','2023-11-30 00:33:05','2023-11-30 00:33:05'),(1299,1,'en','core/setting/setting','appearance.title','Appearance','2023-11-30 00:33:05','2023-11-30 00:33:05'),(1300,1,'en','core/setting/setting','panel.common','Common','2023-11-30 00:33:05','2023-11-30 00:33:05'),(1301,1,'en','core/setting/setting','panel.general','General','2023-11-30 00:33:05','2023-11-30 00:33:05'),(1302,1,'en','core/setting/setting','panel.general_description','View and update your general settings and activate license','2023-11-30 00:33:05','2023-11-30 00:33:05'),(1303,1,'en','core/setting/setting','panel.email','Email','2023-11-30 00:33:05','2023-11-30 00:33:05'),(1304,1,'en','core/setting/setting','panel.email_description','View and update your email settings and email templates','2023-11-30 00:33:05','2023-11-30 00:33:05'),(1305,1,'en','core/setting/setting','panel.media','Media','2023-11-30 00:33:05','2023-11-30 00:33:05'),(1306,1,'en','core/setting/setting','panel.media_description','View and update your media settings','2023-11-30 00:33:05','2023-11-30 00:33:05'),(1307,1,'en','core/setting/setting','panel.system','System','2023-11-30 00:33:05','2023-11-30 00:33:05'),(1308,1,'en','core/setting/setting','panel.system_updater','System Updater','2023-11-30 00:33:05','2023-11-30 00:33:05'),(1309,1,'en','core/setting/setting','panel.system_updater_description','Update your system to the latest version','2023-11-30 00:33:05','2023-11-30 00:33:05'),(1310,1,'en','core/setting/setting','panel.others','Others','2023-11-30 00:33:05','2023-11-30 00:33:05'),(1311,1,'en','core/setting/setting','saving','Saving...','2023-11-30 00:33:05','2023-11-30 00:33:05'),(1312,1,'en','core/setting/setting','generating_media_thumbnails','Generating media thumbnails...','2023-11-30 00:33:05','2023-11-30 00:33:05'),(1313,1,'en','core/table/table','operations','Operations','2023-11-30 00:33:05','2023-11-30 00:33:05'),(1314,1,'en','core/table/table','loading_data','Loading data from server','2023-11-30 00:33:05','2023-11-30 00:33:05'),(1315,1,'en','core/table/table','display','Display','2023-11-30 00:33:05','2023-11-30 00:33:05'),(1316,1,'en','core/table/table','all','All','2023-11-30 00:33:05','2023-11-30 00:33:05'),(1317,1,'en','core/table/table','edit_entry','Edit','2023-11-30 00:33:05','2023-11-30 00:33:05'),(1318,1,'en','core/table/table','delete_entry','Delete','2023-11-30 00:33:05','2023-11-30 00:33:05'),(1319,1,'en','core/table/table','show_from','Showing from','2023-11-30 00:33:05','2023-11-30 00:33:05'),(1320,1,'en','core/table/table','to','to','2023-11-30 00:33:05','2023-11-30 00:33:05'),(1321,1,'en','core/table/table','in','in','2023-11-30 00:33:05','2023-11-30 00:33:05'),(1322,1,'en','core/table/table','records','records','2023-11-30 00:33:05','2023-11-30 00:33:05'),(1323,1,'en','core/table/table','no_data','No data to display','2023-11-30 00:33:05','2023-11-30 00:33:05'),(1324,1,'en','core/table/table','no_record','No record','2023-11-30 00:33:05','2023-11-30 00:33:05'),(1325,1,'en','core/table/table','loading','Loading data from server','2023-11-30 00:33:05','2023-11-30 00:33:05'),(1326,1,'en','core/table/table','confirm_delete','Confirm delete','2023-11-30 00:33:05','2023-11-30 00:33:05'),(1327,1,'en','core/table/table','confirm_delete_msg','Do you really want to delete this record?','2023-11-30 00:33:05','2023-11-30 00:33:05'),(1328,1,'en','core/table/table','cancel','Cancel','2023-11-30 00:33:05','2023-11-30 00:33:05'),(1329,1,'en','core/table/table','delete','Delete','2023-11-30 00:33:05','2023-11-30 00:33:05'),(1330,1,'en','core/table/table','close','Close','2023-11-30 00:33:05','2023-11-30 00:33:05'),(1331,1,'en','core/table/table','contains','Contains','2023-11-30 00:33:05','2023-11-30 00:33:05'),(1332,1,'en','core/table/table','is_equal_to','Is equal to','2023-11-30 00:33:05','2023-11-30 00:33:05'),(1333,1,'en','core/table/table','greater_than','Greater than','2023-11-30 00:33:05','2023-11-30 00:33:05'),(1334,1,'en','core/table/table','less_than','Less than','2023-11-30 00:33:05','2023-11-30 00:33:05'),(1335,1,'en','core/table/table','value','Value','2023-11-30 00:33:05','2023-11-30 00:33:05'),(1336,1,'en','core/table/table','select_field','Select field','2023-11-30 00:33:05','2023-11-30 00:33:05'),(1337,1,'en','core/table/table','reset','Reset','2023-11-30 00:33:05','2023-11-30 00:33:05'),(1338,1,'en','core/table/table','add_additional_filter','Add additional filter','2023-11-30 00:33:05','2023-11-30 00:33:05'),(1339,1,'en','core/table/table','apply','Apply','2023-11-30 00:33:05','2023-11-30 00:33:05'),(1340,1,'en','core/table/table','filters','Filters','2023-11-30 00:33:05','2023-11-30 00:33:05'),(1341,1,'en','core/table/table','bulk_change','Bulk changes','2023-11-30 00:33:05','2023-11-30 00:33:05'),(1342,1,'en','core/table/table','select_option','Select option','2023-11-30 00:33:05','2023-11-30 00:33:05'),(1343,1,'en','core/table/table','bulk_actions','Bulk Actions','2023-11-30 00:33:05','2023-11-30 00:33:05'),(1344,1,'en','core/table/table','invalid_bulk_action','Invalid bulk action','2023-11-30 00:33:05','2023-11-30 00:33:05'),(1345,1,'en','core/table/table','confirm_bulk_action','Confirm to perform this action','2023-11-30 00:33:05','2023-11-30 00:33:05'),(1346,1,'en','core/table/table','confirm_bulk_message','Are you sure you want to do this action? This cannot be undone.','2023-11-30 00:33:05','2023-11-30 00:33:05'),(1347,1,'en','core/table/table','yes','Yes','2023-11-30 00:33:05','2023-11-30 00:33:05'),(1348,1,'en','core/table/table','save_bulk_change_success','Update data for selected record(s) successfully!','2023-11-30 00:33:05','2023-11-30 00:33:05'),(1349,1,'en','core/table/table','please_select_record','Please select at least one record to perform this action!','2023-11-30 00:33:05','2023-11-30 00:33:05'),(1350,1,'en','core/table/table','filtered','(filtered from _MAX_ total records)','2023-11-30 00:33:05','2023-11-30 00:33:05'),(1351,1,'en','core/table/table','search','Search...','2023-11-30 00:33:05','2023-11-30 00:33:05'),(1352,1,'en','core/table/table','copied','Copied','2023-11-30 00:33:05','2023-11-30 00:33:05'),(1353,1,'en','core/table/table','copy','Copy','2023-11-30 00:33:05','2023-11-30 00:33:05'),(1354,1,'en','packages/api/api','settings','API Settings','2023-11-30 00:33:05','2023-11-30 00:33:05'),(1355,1,'en','packages/api/api','settings_description','View and update your API settings','2023-11-30 00:33:05','2023-11-30 00:33:05'),(1356,1,'en','packages/api/api','save_settings','Save settings','2023-11-30 00:33:05','2023-11-30 00:33:05'),(1357,1,'en','packages/api/api','setting_title','API settings','2023-11-30 00:33:05','2023-11-30 00:33:05'),(1358,1,'en','packages/api/api','setting_description','Settings for API','2023-11-30 00:33:05','2023-11-30 00:33:05'),(1359,1,'en','packages/api/api','api_enabled','API enabled?','2023-11-30 00:33:05','2023-11-30 00:33:05'),(1360,1,'en','packages/get-started/get-started','welcome_title','Welcome to your admin dashboard!','2023-11-30 00:33:05','2023-11-30 00:33:05'),(1361,1,'en','packages/get-started/get-started','welcome_description','In a few short steps, you can have your new dashboard up and running!','2023-11-30 00:33:05','2023-11-30 00:33:05'),(1362,1,'en','packages/get-started/get-started','get_started','Get Started!','2023-11-30 00:33:05','2023-11-30 00:33:05'),(1363,1,'en','packages/get-started/get-started','customize_branding_title','Customize branding','2023-11-30 00:33:05','2023-11-30 00:33:05'),(1364,1,'en','packages/get-started/get-started','customize_branding_description','Customize your site with colors, logo and subdomain to match your business unique branding and identity.','2023-11-30 00:33:05','2023-11-30 00:33:05'),(1365,1,'en','packages/get-started/get-started','colors','Colors','2023-11-30 00:33:05','2023-11-30 00:33:05'),(1366,1,'en','packages/get-started/get-started','fonts','Fonts','2023-11-30 00:33:06','2023-11-30 00:33:06'),(1367,1,'en','packages/get-started/get-started','primary_color','Primary color','2023-11-30 00:33:06','2023-11-30 00:33:06'),(1368,1,'en','packages/get-started/get-started','primary_font','Primary font','2023-11-30 00:33:06','2023-11-30 00:33:06'),(1369,1,'en','packages/get-started/get-started','setup_wizard_button',':link to finish Quick setup Wizard!','2023-11-30 00:33:06','2023-11-30 00:33:06'),(1370,1,'en','packages/get-started/get-started','click_here','Click here','2023-11-30 00:33:06','2023-11-30 00:33:06'),(1371,1,'en','packages/get-started/get-started','site_title','Site title','2023-11-30 00:33:06','2023-11-30 00:33:06'),(1372,1,'en','packages/get-started/get-started','identify','Identify','2023-11-30 00:33:06','2023-11-30 00:33:06'),(1373,1,'en','packages/get-started/get-started','logo','Logo','2023-11-30 00:33:06','2023-11-30 00:33:06'),(1374,1,'en','packages/get-started/get-started','admin_logo','Admin logo','2023-11-30 00:33:06','2023-11-30 00:33:06'),(1375,1,'en','packages/get-started/get-started','favicon','Favicon','2023-11-30 00:33:06','2023-11-30 00:33:06'),(1376,1,'en','packages/get-started/get-started','admin_favicon','Admin favicon','2023-11-30 00:33:06','2023-11-30 00:33:06'),(1377,1,'en','packages/get-started/get-started','next_step','Next step','2023-11-30 00:33:06','2023-11-30 00:33:06'),(1378,1,'en','packages/get-started/get-started','site_ready_title','Your site is ready!','2023-11-30 00:33:06','2023-11-30 00:33:06'),(1379,1,'en','packages/get-started/get-started','site_ready_description','Welcome to your new site! Your website has been created and populated with sample data. You are in the admin area of your site where you can set up everything else needed to complete your site.','2023-11-30 00:33:06','2023-11-30 00:33:06'),(1380,1,'en','packages/get-started/get-started','finish','Finish','2023-11-30 00:33:06','2023-11-30 00:33:06'),(1381,1,'en','packages/get-started/get-started','exit_wizard_title','Are you sure you want to exit the Quick Setup Wizard?','2023-11-30 00:33:06','2023-11-30 00:33:06'),(1382,1,'en','packages/get-started/get-started','exit_wizard_confirm','Yes, I\'ll finish it later','2023-11-30 00:33:06','2023-11-30 00:33:06'),(1383,1,'en','packages/get-started/get-started','exit_wizard_cancel','No, take me back to the wizard','2023-11-30 00:33:06','2023-11-30 00:33:06'),(1384,1,'en','packages/get-started/get-started','change_default_account_info_title','Change default account info','2023-11-30 00:33:06','2023-11-30 00:33:06'),(1385,1,'en','packages/get-started/get-started','change_default_account_info_description','The default account is using a weak password. You need to change it to a complex password for better security.','2023-11-30 00:33:06','2023-11-30 00:33:06'),(1386,1,'en','packages/get-started/get-started','username','Username','2023-11-30 00:33:06','2023-11-30 00:33:06'),(1387,1,'en','packages/get-started/get-started','email','Email','2023-11-30 00:33:06','2023-11-30 00:33:06'),(1388,1,'en','packages/get-started/get-started','password','Password','2023-11-30 00:33:06','2023-11-30 00:33:06'),(1389,1,'en','packages/get-started/get-started','password_confirmation','Password confirmation','2023-11-30 00:33:06','2023-11-30 00:33:06'),(1390,1,'en','packages/installer/installer','title','Installation','2023-11-30 00:33:06','2023-11-30 00:33:06'),(1391,1,'en','packages/installer/installer','next','Next Step','2023-11-30 00:33:06','2023-11-30 00:33:06'),(1392,1,'en','packages/installer/installer','back','Previous','2023-11-30 00:33:06','2023-11-30 00:33:06'),(1393,1,'en','packages/installer/installer','finish','Install','2023-11-30 00:33:06','2023-11-30 00:33:06'),(1394,1,'en','packages/installer/installer','installation','Installation','2023-11-30 00:33:06','2023-11-30 00:33:06'),(1395,1,'en','packages/installer/installer','forms.errorTitle','The following errors occurred:','2023-11-30 00:33:06','2023-11-30 00:33:06'),(1396,1,'en','packages/installer/installer','welcome.pageTitle','Installation - Step 1: Welcome','2023-11-30 00:33:06','2023-11-30 00:33:06'),(1397,1,'en','packages/installer/installer','welcome.title','Welcome','2023-11-30 00:33:06','2023-11-30 00:33:06'),(1398,1,'en','packages/installer/installer','welcome.message','Before getting started, we need some information on the database. You will need to know the following items before proceeding.','2023-11-30 00:33:06','2023-11-30 00:33:06'),(1399,1,'en','packages/installer/installer','welcome.next','Let\'s go','2023-11-30 00:33:06','2023-11-30 00:33:06'),(1400,1,'en','packages/installer/installer','requirements.pageTitle','Installation - Step 2: Server Requirements','2023-11-30 00:33:06','2023-11-30 00:33:06'),(1401,1,'en','packages/installer/installer','requirements.title','Server Requirements','2023-11-30 00:33:06','2023-11-30 00:33:06'),(1402,1,'en','packages/installer/installer','requirements.next','Check Permissions','2023-11-30 00:33:06','2023-11-30 00:33:06'),(1403,1,'en','packages/installer/installer','permissions.next','Configure Environment','2023-11-30 00:33:06','2023-11-30 00:33:06'),(1404,1,'en','packages/installer/installer','environment.wizard.pageTitle','Installation - Step 3: Environment Settings','2023-11-30 00:33:06','2023-11-30 00:33:06'),(1405,1,'en','packages/installer/installer','environment.wizard.title','Environment Settings','2023-11-30 00:33:06','2023-11-30 00:33:06'),(1406,1,'en','packages/installer/installer','environment.wizard.form.name_required','An environment name is required.','2023-11-30 00:33:06','2023-11-30 00:33:06'),(1407,1,'en','packages/installer/installer','environment.wizard.form.app_name_label','Site title','2023-11-30 00:33:06','2023-11-30 00:33:06'),(1408,1,'en','packages/installer/installer','environment.wizard.form.app_name_placeholder','Site title','2023-11-30 00:33:06','2023-11-30 00:33:06'),(1409,1,'en','packages/installer/installer','environment.wizard.form.app_url_label','URL','2023-11-30 00:33:06','2023-11-30 00:33:06'),(1410,1,'en','packages/installer/installer','environment.wizard.form.app_url_placeholder','URL','2023-11-30 00:33:06','2023-11-30 00:33:06'),(1411,1,'en','packages/installer/installer','environment.wizard.form.db_connection_label','Database Connection','2023-11-30 00:33:06','2023-11-30 00:33:06'),(1412,1,'en','packages/installer/installer','environment.wizard.form.db_connection_label_mysql','MySQL','2023-11-30 00:33:06','2023-11-30 00:33:06'),(1413,1,'en','packages/installer/installer','environment.wizard.form.db_connection_label_sqlite','SQLite','2023-11-30 00:33:06','2023-11-30 00:33:06'),(1414,1,'en','packages/installer/installer','environment.wizard.form.db_connection_label_pgsql','PostgreSQL','2023-11-30 00:33:06','2023-11-30 00:33:06'),(1415,1,'en','packages/installer/installer','environment.wizard.form.db_host_label','Database host','2023-11-30 00:33:06','2023-11-30 00:33:06'),(1416,1,'en','packages/installer/installer','environment.wizard.form.db_host_placeholder','Database host','2023-11-30 00:33:06','2023-11-30 00:33:06'),(1417,1,'en','packages/installer/installer','environment.wizard.form.db_port_label','Database port','2023-11-30 00:33:06','2023-11-30 00:33:06'),(1418,1,'en','packages/installer/installer','environment.wizard.form.db_port_placeholder','Database port','2023-11-30 00:33:06','2023-11-30 00:33:06'),(1419,1,'en','packages/installer/installer','environment.wizard.form.db_name_label','Database name','2023-11-30 00:33:06','2023-11-30 00:33:06'),(1420,1,'en','packages/installer/installer','environment.wizard.form.db_name_placeholder','Database name','2023-11-30 00:33:06','2023-11-30 00:33:06'),(1421,1,'en','packages/installer/installer','environment.wizard.form.db_username_label','Database username','2023-11-30 00:33:06','2023-11-30 00:33:06'),(1422,1,'en','packages/installer/installer','environment.wizard.form.db_username_placeholder','Database username','2023-11-30 00:33:06','2023-11-30 00:33:06'),(1423,1,'en','packages/installer/installer','environment.wizard.form.db_password_label','Database password','2023-11-30 00:33:06','2023-11-30 00:33:06'),(1424,1,'en','packages/installer/installer','environment.wizard.form.db_password_placeholder','Database password','2023-11-30 00:33:06','2023-11-30 00:33:06'),(1425,1,'en','packages/installer/installer','environment.wizard.form.buttons.install','Install','2023-11-30 00:33:06','2023-11-30 00:33:06'),(1426,1,'en','packages/installer/installer','environment.wizard.form.db_host_helper','If you use Laravel Sail, just change DB_HOST to DB_HOST=mysql. On some hosting DB_HOST can be localhost instead of 127.0.0.1','2023-11-30 00:33:06','2023-11-30 00:33:06'),(1427,1,'en','packages/installer/installer','environment.wizard.form.db_connections.mysql','MySQL','2023-11-30 00:33:06','2023-11-30 00:33:06'),(1428,1,'en','packages/installer/installer','environment.wizard.form.db_connections.sqlite','SQLite','2023-11-30 00:33:06','2023-11-30 00:33:06'),(1429,1,'en','packages/installer/installer','environment.wizard.form.db_connections.pgsql','PostgreSQL','2023-11-30 00:33:06','2023-11-30 00:33:06'),(1430,1,'en','packages/installer/installer','environment.success','Your .env file settings have been saved.','2023-11-30 00:33:06','2023-11-30 00:33:06'),(1431,1,'en','packages/installer/installer','environment.errors','Unable to save the .env file, Please create it manually.','2023-11-30 00:33:06','2023-11-30 00:33:06'),(1432,1,'en','packages/installer/installer','createAccount.pageTitle','Installation - Step 4: Create account','2023-11-30 00:33:06','2023-11-30 00:33:06'),(1433,1,'en','packages/installer/installer','createAccount.title','Create account','2023-11-30 00:33:06','2023-11-30 00:33:06'),(1434,1,'en','packages/installer/installer','createAccount.form.first_name','First name','2023-11-30 00:33:06','2023-11-30 00:33:06'),(1435,1,'en','packages/installer/installer','createAccount.form.last_name','Last name','2023-11-30 00:33:06','2023-11-30 00:33:06'),(1436,1,'en','packages/installer/installer','createAccount.form.username','Username','2023-11-30 00:33:06','2023-11-30 00:33:06'),(1437,1,'en','packages/installer/installer','createAccount.form.email','Email','2023-11-30 00:33:06','2023-11-30 00:33:06'),(1438,1,'en','packages/installer/installer','createAccount.form.password','Password','2023-11-30 00:33:06','2023-11-30 00:33:06'),(1439,1,'en','packages/installer/installer','createAccount.form.password_confirmation','Password confirmation','2023-11-30 00:33:06','2023-11-30 00:33:06'),(1440,1,'en','packages/installer/installer','createAccount.form.create','Create','2023-11-30 00:33:06','2023-11-30 00:33:06'),(1441,1,'en','packages/installer/installer','license.pageTitle','Installation - Step 5: Activate License','2023-11-30 00:33:06','2023-11-30 00:33:06'),(1442,1,'en','packages/installer/installer','license.title','Activate License','2023-11-30 00:33:06','2023-11-30 00:33:06'),(1443,1,'en','packages/installer/installer','license.skip','Skip for now','2023-11-30 00:33:06','2023-11-30 00:33:06'),(1444,1,'en','packages/installer/installer','install','Install','2023-11-30 00:33:06','2023-11-30 00:33:06'),(1445,1,'en','packages/installer/installer','final.pageTitle','Installation Finished','2023-11-30 00:33:06','2023-11-30 00:33:06'),(1446,1,'en','packages/installer/installer','final.title','Done','2023-11-30 00:33:06','2023-11-30 00:33:06'),(1447,1,'en','packages/installer/installer','final.message','Application has been successfully installed.','2023-11-30 00:33:06','2023-11-30 00:33:06'),(1448,1,'en','packages/installer/installer','final.exit','Go to admin dashboard','2023-11-30 00:33:06','2023-11-30 00:33:06'),(1449,1,'en','packages/installer/installer','install_success','Installed successfully!','2023-11-30 00:33:06','2023-11-30 00:33:06'),(1450,1,'en','packages/menu/menu','name','Menus','2023-11-30 00:33:06','2023-11-30 00:33:06'),(1451,1,'en','packages/menu/menu','description','Manage your system menus','2023-11-30 00:33:06','2023-11-30 00:33:06'),(1452,1,'en','packages/menu/menu','key_name','Menu name (key: :key)','2023-11-30 00:33:06','2023-11-30 00:33:06'),(1453,1,'en','packages/menu/menu','basic_info','Basic information','2023-11-30 00:33:06','2023-11-30 00:33:06'),(1454,1,'en','packages/menu/menu','add_to_menu','Add to menu','2023-11-30 00:33:06','2023-11-30 00:33:06'),(1455,1,'en','packages/menu/menu','custom_link','Custom link','2023-11-30 00:33:06','2023-11-30 00:33:06'),(1456,1,'en','packages/menu/menu','add_link','Add link','2023-11-30 00:33:06','2023-11-30 00:33:06'),(1457,1,'en','packages/menu/menu','structure','Menu structure','2023-11-30 00:33:06','2023-11-30 00:33:06'),(1458,1,'en','packages/menu/menu','remove','Remove','2023-11-30 00:33:06','2023-11-30 00:33:06'),(1459,1,'en','packages/menu/menu','cancel','Cancel','2023-11-30 00:33:06','2023-11-30 00:33:06'),(1460,1,'en','packages/menu/menu','title','Title','2023-11-30 00:33:06','2023-11-30 00:33:06'),(1461,1,'en','packages/menu/menu','icon','Icon','2023-11-30 00:33:06','2023-11-30 00:33:06'),(1462,1,'en','packages/menu/menu','url','URL','2023-11-30 00:33:06','2023-11-30 00:33:06'),(1463,1,'en','packages/menu/menu','target','Target','2023-11-30 00:33:06','2023-11-30 00:33:06'),(1464,1,'en','packages/menu/menu','css_class','CSS class','2023-11-30 00:33:06','2023-11-30 00:33:06'),(1465,1,'en','packages/menu/menu','self_open_link','Open link directly','2023-11-30 00:33:06','2023-11-30 00:33:06'),(1466,1,'en','packages/menu/menu','blank_open_link','Open link in new tab','2023-11-30 00:33:06','2023-11-30 00:33:06'),(1467,1,'en','packages/menu/menu','create','Create menu','2023-11-30 00:33:06','2023-11-30 00:33:06'),(1468,1,'en','packages/menu/menu','menu_settings','Menu settings','2023-11-30 00:33:06','2023-11-30 00:33:06'),(1469,1,'en','packages/menu/menu','display_location','Display location','2023-11-30 00:33:06','2023-11-30 00:33:06'),(1470,1,'en','packages/menu/menu','title_placeholder','Title','2023-11-30 00:33:06','2023-11-30 00:33:06'),(1471,1,'en','packages/menu/menu','icon_placeholder','Icon','2023-11-30 00:33:06','2023-11-30 00:33:06'),(1472,1,'en','packages/menu/menu','url_placeholder','URL','2023-11-30 00:33:06','2023-11-30 00:33:06'),(1473,1,'en','packages/menu/menu','css_class_placeholder','CSS class','2023-11-30 00:33:06','2023-11-30 00:33:06'),(1474,1,'en','packages/menu/menu','menu_id','Menu ID','2023-11-30 00:33:06','2023-11-30 00:33:06'),(1475,1,'en','packages/optimize/optimize','settings.title','Optimize','2023-11-30 00:33:06','2023-11-30 00:33:06'),(1476,1,'en','packages/optimize/optimize','settings.description','Minify HTML output, inline CSS, remove comments...','2023-11-30 00:33:06','2023-11-30 00:33:06'),(1477,1,'en','packages/optimize/optimize','settings.enable','Enable optimize page speed?','2023-11-30 00:33:06','2023-11-30 00:33:06'),(1478,1,'en','packages/optimize/optimize','collapse_white_space','Collapse white space','2023-11-30 00:33:06','2023-11-30 00:33:06'),(1479,1,'en','packages/optimize/optimize','collapse_white_space_description','This filter reduces bytes transmitted in an HTML file by removing unnecessary whitespace.','2023-11-30 00:33:06','2023-11-30 00:33:06'),(1480,1,'en','packages/optimize/optimize','elide_attributes','Elide attributes','2023-11-30 00:33:06','2023-11-30 00:33:06'),(1481,1,'en','packages/optimize/optimize','elide_attributes_description','This filter reduces the transfer size of HTML files by removing attributes from tags when the specified value is equal to the default value for that attribute. This can save a modest number of bytes, and may make the document more compressible by canonicalizing the affected tags.','2023-11-30 00:33:06','2023-11-30 00:33:06'),(1482,1,'en','packages/optimize/optimize','inline_css','Inline CSS','2023-11-30 00:33:06','2023-11-30 00:33:06'),(1483,1,'en','packages/optimize/optimize','inline_css_description','This filter transforms the inline \"style\" attribute of tags into classes by moving the CSS to the header.','2023-11-30 00:33:06','2023-11-30 00:33:06'),(1484,1,'en','packages/optimize/optimize','insert_dns_prefetch','Insert DNS prefetch','2023-11-30 00:33:06','2023-11-30 00:33:06'),(1485,1,'en','packages/optimize/optimize','insert_dns_prefetch_description','This filter injects tags in the HEAD to enable the browser to do DNS prefetching.','2023-11-30 00:33:06','2023-11-30 00:33:06'),(1486,1,'en','packages/optimize/optimize','remove_comments','Remove comments','2023-11-30 00:33:07','2023-11-30 00:33:07'),(1487,1,'en','packages/optimize/optimize','remove_comments_description','This filter eliminates HTML, JS and CSS comments. The filter reduces the transfer size of HTML files by removing the comments. Depending on the HTML file, this filter can significantly reduce the number of bytes transmitted on the network.','2023-11-30 00:33:07','2023-11-30 00:33:07'),(1488,1,'en','packages/optimize/optimize','remove_quotes','Remove quotes','2023-11-30 00:33:07','2023-11-30 00:33:07'),(1489,1,'en','packages/optimize/optimize','remove_quotes_description','This filter eliminates unnecessary quotation marks from HTML attributes. While required by the various HTML specifications, browsers permit their omission when the value of an attribute is composed of a certain subset of characters (alphanumerics and some punctuation characters).','2023-11-30 00:33:07','2023-11-30 00:33:07'),(1490,1,'en','packages/optimize/optimize','defer_javascript','Defer javascript','2023-11-30 00:33:07','2023-11-30 00:33:07'),(1491,1,'en','packages/optimize/optimize','defer_javascript_description','Defers the execution of javascript in the HTML. If necessary cancel deferring in some script, use data-pagespeed-no-defer as script attribute to cancel deferring.','2023-11-30 00:33:07','2023-11-30 00:33:07'),(1492,1,'en','packages/page/pages','create','Create new page','2023-11-30 00:33:07','2023-11-30 00:33:07'),(1493,1,'en','packages/page/pages','form.name','Name','2023-11-30 00:33:07','2023-11-30 00:33:07'),(1494,1,'en','packages/page/pages','form.name_placeholder','Page\'s name (Maximum 120 characters)','2023-11-30 00:33:07','2023-11-30 00:33:07'),(1495,1,'en','packages/page/pages','form.content','Content','2023-11-30 00:33:07','2023-11-30 00:33:07'),(1496,1,'en','packages/page/pages','form.note','Note content','2023-11-30 00:33:07','2023-11-30 00:33:07'),(1497,1,'en','packages/page/pages','notices.no_select','Please select at least one record to take this action!','2023-11-30 00:33:07','2023-11-30 00:33:07'),(1498,1,'en','packages/page/pages','notices.update_success_message','Update successfully','2023-11-30 00:33:07','2023-11-30 00:33:07'),(1499,1,'en','packages/page/pages','cannot_delete','Page could not be deleted','2023-11-30 00:33:07','2023-11-30 00:33:07'),(1500,1,'en','packages/page/pages','deleted','Page deleted','2023-11-30 00:33:07','2023-11-30 00:33:07'),(1501,1,'en','packages/page/pages','pages','Pages','2023-11-30 00:33:07','2023-11-30 00:33:07'),(1502,1,'en','packages/page/pages','menu','Pages','2023-11-30 00:33:07','2023-11-30 00:33:07'),(1503,1,'en','packages/page/pages','menu_name','Pages','2023-11-30 00:33:07','2023-11-30 00:33:07'),(1504,1,'en','packages/page/pages','edit_this_page','Edit this page','2023-11-30 00:33:07','2023-11-30 00:33:07'),(1505,1,'en','packages/page/pages','total_pages','Total pages','2023-11-30 00:33:07','2023-11-30 00:33:07'),(1506,1,'en','packages/page/pages','settings.show_on_front','Your homepage displays','2023-11-30 00:33:07','2023-11-30 00:33:07'),(1507,1,'en','packages/page/pages','settings.select','— Select —','2023-11-30 00:33:07','2023-11-30 00:33:07'),(1508,1,'en','packages/page/pages','front_page','Front Page','2023-11-30 00:33:07','2023-11-30 00:33:07'),(1509,1,'en','packages/plugin-management/marketplace','showing','Showing','2023-11-30 00:33:07','2023-11-30 00:33:07'),(1510,1,'en','packages/plugin-management/marketplace','to','to','2023-11-30 00:33:07','2023-11-30 00:33:07'),(1511,1,'en','packages/plugin-management/marketplace','of','of','2023-11-30 00:33:07','2023-11-30 00:33:07'),(1512,1,'en','packages/plugin-management/marketplace','results','results','2023-11-30 00:33:07','2023-11-30 00:33:07'),(1513,1,'en','packages/plugin-management/marketplace','add_new','Add new','2023-11-30 00:33:07','2023-11-30 00:33:07'),(1514,1,'en','packages/plugin-management/marketplace','view_on_marketplace','View on Marketplace','2023-11-30 00:33:07','2023-11-30 00:33:07'),(1515,1,'en','packages/plugin-management/marketplace','author','Author','2023-11-30 00:33:07','2023-11-30 00:33:07'),(1516,1,'en','packages/plugin-management/marketplace','downloads','Downloads','2023-11-30 00:33:07','2023-11-30 00:33:07'),(1517,1,'en','packages/plugin-management/marketplace','version','Version','2023-11-30 00:33:07','2023-11-30 00:33:07'),(1518,1,'en','packages/plugin-management/marketplace','rating','Rating','2023-11-30 00:33:07','2023-11-30 00:33:07'),(1519,1,'en','packages/plugin-management/marketplace','last_update','Last update','2023-11-30 00:33:07','2023-11-30 00:33:07'),(1520,1,'en','packages/plugin-management/marketplace','license','License','2023-11-30 00:33:07','2023-11-30 00:33:07'),(1521,1,'en','packages/plugin-management/marketplace','minimum_core_version','Minimum core version','2023-11-30 00:33:07','2023-11-30 00:33:07'),(1522,1,'en','packages/plugin-management/marketplace','compatible_version','Compatible with your version','2023-11-30 00:33:07','2023-11-30 00:33:07'),(1523,1,'en','packages/plugin-management/marketplace','incompatible_version','Incompatible with your version','2023-11-30 00:33:07','2023-11-30 00:33:07'),(1524,1,'en','packages/plugin-management/marketplace','install_now','Install now','2023-11-30 00:33:07','2023-11-30 00:33:07'),(1525,1,'en','packages/plugin-management/marketplace','remove','Remove','2023-11-30 00:33:07','2023-11-30 00:33:07'),(1526,1,'en','packages/plugin-management/marketplace','detail','Details','2023-11-30 00:33:07','2023-11-30 00:33:07'),(1527,1,'en','packages/plugin-management/marketplace','activate','Activate','2023-11-30 00:33:07','2023-11-30 00:33:07'),(1528,1,'en','packages/plugin-management/marketplace','deactivate','Deactivate','2023-11-30 00:33:07','2023-11-30 00:33:07'),(1529,1,'en','packages/plugin-management/marketplace','api_connect_error','Connect to Marketplace API Error, please contact support','2023-11-30 00:33:07','2023-11-30 00:33:07'),(1530,1,'en','packages/plugin-management/marketplace','search','Search...','2023-11-30 00:33:07','2023-11-30 00:33:07'),(1531,1,'en','packages/plugin-management/marketplace','clear_search','Clear search','2023-11-30 00:33:07','2023-11-30 00:33:07'),(1532,1,'en','packages/plugin-management/marketplace','all','All','2023-11-30 00:33:07','2023-11-30 00:33:07'),(1533,1,'en','packages/plugin-management/marketplace','featured','Featured','2023-11-30 00:33:07','2023-11-30 00:33:07'),(1534,1,'en','packages/plugin-management/marketplace','default','Default','2023-11-30 00:33:07','2023-11-30 00:33:07'),(1535,1,'en','packages/plugin-management/marketplace','popular','Popular','2023-11-30 00:33:07','2023-11-30 00:33:07'),(1536,1,'en','packages/plugin-management/marketplace','top_rated','Top Rated','2023-11-30 00:33:07','2023-11-30 00:33:07'),(1537,1,'en','packages/plugin-management/marketplace','install_plugin','Install plugin','2023-11-30 00:33:07','2023-11-30 00:33:07'),(1538,1,'en','packages/plugin-management/marketplace','folder_permissions','Folder does not have permission to write file or the update file path could not be resolved, please contact support','2023-11-30 00:33:07','2023-11-30 00:33:07'),(1539,1,'en','packages/plugin-management/marketplace','unzip_failed','Unzip extraction failed','2023-11-30 00:33:07','2023-11-30 00:33:07'),(1540,1,'en','packages/plugin-management/marketplace','unzip_success','Download file extracted','2023-11-30 00:33:07','2023-11-30 00:33:07'),(1541,1,'en','packages/plugin-management/marketplace','install_success','Installed plugin successfully!','2023-11-30 00:33:07','2023-11-30 00:33:07'),(1542,1,'en','packages/plugin-management/marketplace','update_success','Updated plugin successfully!','2023-11-30 00:33:07','2023-11-30 00:33:07'),(1543,1,'en','packages/plugin-management/marketplace','minimum_core_version_error','Cannot install this plugin. Minimum core version is :version.','2023-11-30 00:33:07','2023-11-30 00:33:07'),(1544,1,'en','packages/plugin-management/plugin','enabled','Enabled','2023-11-30 00:33:07','2023-11-30 00:33:07'),(1545,1,'en','packages/plugin-management/plugin','deactivated','Deactivated','2023-11-30 00:33:07','2023-11-30 00:33:07'),(1546,1,'en','packages/plugin-management/plugin','activated','Activated','2023-11-30 00:33:07','2023-11-30 00:33:07'),(1547,1,'en','packages/plugin-management/plugin','activate','Activate','2023-11-30 00:33:07','2023-11-30 00:33:07'),(1548,1,'en','packages/plugin-management/plugin','deactivate','Deactivate','2023-11-30 00:33:07','2023-11-30 00:33:07'),(1549,1,'en','packages/plugin-management/plugin','author','By','2023-11-30 00:33:07','2023-11-30 00:33:07'),(1550,1,'en','packages/plugin-management/plugin','update_plugin_status_success','Update plugin successfully','2023-11-30 00:33:07','2023-11-30 00:33:07'),(1551,1,'en','packages/plugin-management/plugin','plugins','Plugins','2023-11-30 00:33:07','2023-11-30 00:33:07'),(1552,1,'en','packages/plugin-management/plugin','installed_plugins','Installed Plugins','2023-11-30 00:33:07','2023-11-30 00:33:07'),(1553,1,'en','packages/plugin-management/plugin','add_new_plugin','Add New Plugin','2023-11-30 00:33:07','2023-11-30 00:33:07'),(1554,1,'en','packages/plugin-management/plugin','missing_required_plugins','Please activate plugin(s): :plugins before activate this plugin!','2023-11-30 00:33:07','2023-11-30 00:33:07'),(1555,1,'en','packages/plugin-management/plugin','remove','Remove','2023-11-30 00:33:07','2023-11-30 00:33:07'),(1556,1,'en','packages/plugin-management/plugin','remove_plugin_success','Remove plugin successfully!','2023-11-30 00:33:07','2023-11-30 00:33:07'),(1557,1,'en','packages/plugin-management/plugin','remove_plugin','Remove plugin','2023-11-30 00:33:07','2023-11-30 00:33:07'),(1558,1,'en','packages/plugin-management/plugin','remove_plugin_confirm_message','Do you really want to remove this plugin?','2023-11-30 00:33:07','2023-11-30 00:33:07'),(1559,1,'en','packages/plugin-management/plugin','remove_plugin_confirm_yes','Yes, remove it!','2023-11-30 00:33:07','2023-11-30 00:33:07'),(1560,1,'en','packages/plugin-management/plugin','total_plugins','Total plugins','2023-11-30 00:33:07','2023-11-30 00:33:07'),(1561,1,'en','packages/plugin-management/plugin','invalid_plugin','This plugin is not a valid plugin, please check it again!','2023-11-30 00:33:07','2023-11-30 00:33:07'),(1562,1,'en','packages/plugin-management/plugin','version','Version','2023-11-30 00:33:07','2023-11-30 00:33:07'),(1563,1,'en','packages/plugin-management/plugin','invalid_json','Invalid plugin.json!','2023-11-30 00:33:07','2023-11-30 00:33:07'),(1564,1,'en','packages/plugin-management/plugin','activate_success','Activate plugin successfully!','2023-11-30 00:33:07','2023-11-30 00:33:07'),(1565,1,'en','packages/plugin-management/plugin','activated_already','This plugin is activated already!','2023-11-30 00:33:07','2023-11-30 00:33:07'),(1566,1,'en','packages/plugin-management/plugin','plugin_not_exist','This plugin is not exists.','2023-11-30 00:33:07','2023-11-30 00:33:07'),(1567,1,'en','packages/plugin-management/plugin','missing_json_file','Missing file plugin.json!','2023-11-30 00:33:07','2023-11-30 00:33:07'),(1568,1,'en','packages/plugin-management/plugin','plugin_invalid','Plugin is valid!','2023-11-30 00:33:07','2023-11-30 00:33:07'),(1569,1,'en','packages/plugin-management/plugin','published_assets_success','Publish assets for plugin :name successfully!','2023-11-30 00:33:07','2023-11-30 00:33:07'),(1570,1,'en','packages/plugin-management/plugin','plugin_removed','Plugin has been removed!','2023-11-30 00:33:07','2023-11-30 00:33:07'),(1571,1,'en','packages/plugin-management/plugin','deactivated_success','Deactivate plugin successfully!','2023-11-30 00:33:07','2023-11-30 00:33:07'),(1572,1,'en','packages/plugin-management/plugin','deactivated_already','This plugin is deactivated already!','2023-11-30 00:33:07','2023-11-30 00:33:07'),(1573,1,'en','packages/plugin-management/plugin','folder_is_not_writeable','Cannot write files! Folder :name is not writable. Please chmod to make it writable!','2023-11-30 00:33:07','2023-11-30 00:33:07'),(1574,1,'en','packages/plugin-management/plugin','plugin_is_not_ready','Plugin :name is not ready to use','2023-11-30 00:33:07','2023-11-30 00:33:07'),(1575,1,'en','packages/plugin-management/plugin','plugins_installed','Installed Plugins','2023-11-30 00:33:07','2023-11-30 00:33:07'),(1576,1,'en','packages/plugin-management/plugin','plugins_add_new','Add new','2023-11-30 00:33:07','2023-11-30 00:33:07'),(1577,1,'en','packages/plugin-management/plugin','update','Update','2023-11-30 00:33:07','2023-11-30 00:33:07'),(1578,1,'en','packages/plugin-management/plugin','requirement_not_met','Plugin :plugin requires plugin(s): :required_plugins. Do you want to install them and activate :plugin now?','2023-11-30 00:33:07','2023-11-30 00:33:07'),(1579,1,'en','packages/plugin-management/plugin','install','Install now','2023-11-30 00:33:07','2023-11-30 00:33:07'),(1580,1,'en','packages/plugin-management/plugin','install_plugin','Install Plugin','2023-11-30 00:33:07','2023-11-30 00:33:07'),(1581,1,'en','packages/plugin-management/plugin','minimum_core_version_not_met','Plugin :plugin requires :minimum_core_version version of core, but your core version is :current_core_version. Please upgrade your core to use this plugin!','2023-11-30 00:33:07','2023-11-30 00:33:07'),(1582,1,'en','packages/seo-helper/seo-helper','meta_box_header','Search Engine Optimize','2023-11-30 00:33:07','2023-11-30 00:33:07'),(1583,1,'en','packages/seo-helper/seo-helper','edit_seo_meta','Edit SEO meta','2023-11-30 00:33:07','2023-11-30 00:33:07'),(1584,1,'en','packages/seo-helper/seo-helper','default_description','Setup meta title & description to make your site easy to discovered on search engines such as Google','2023-11-30 00:33:07','2023-11-30 00:33:07'),(1585,1,'en','packages/seo-helper/seo-helper','seo_title','SEO Title','2023-11-30 00:33:07','2023-11-30 00:33:07'),(1586,1,'en','packages/seo-helper/seo-helper','seo_description','SEO description','2023-11-30 00:33:07','2023-11-30 00:33:07'),(1587,1,'en','packages/shortcode/shortcode','shortcode','Shortcode','2023-11-30 00:33:07','2023-11-30 00:33:07'),(1588,1,'en','packages/shortcode/shortcode','use','Use','2023-11-30 00:33:07','2023-11-30 00:33:07'),(1589,1,'en','packages/shortcode/shortcode','ui-blocks','UI Blocks','2023-11-30 00:33:07','2023-11-30 00:33:07'),(1590,1,'en','packages/slug/slug','permalink_settings','Permalink','2023-11-30 00:33:07','2023-11-30 00:33:07'),(1591,1,'en','packages/slug/slug','permalink_settings_description','View and update your permalink settings','2023-11-30 00:33:07','2023-11-30 00:33:07'),(1592,1,'en','packages/slug/slug','settings.title','Permalink settings','2023-11-30 00:33:07','2023-11-30 00:33:07'),(1593,1,'en','packages/slug/slug','settings.description','Manage permalink for all modules.','2023-11-30 00:33:07','2023-11-30 00:33:07'),(1594,1,'en','packages/slug/slug','settings.preview','Preview','2023-11-30 00:33:07','2023-11-30 00:33:07'),(1595,1,'en','packages/slug/slug','settings.helper_text','Preview: :url','2023-11-30 00:33:07','2023-11-30 00:33:07'),(1596,1,'en','packages/slug/slug','settings.turn_off_automatic_url_translation_into_latin','Turn off automatic URL translation into Latin?','2023-11-30 00:33:07','2023-11-30 00:33:07'),(1597,1,'en','packages/slug/slug','settings.available_variables','Available variables','2023-11-30 00:33:07','2023-11-30 00:33:07'),(1598,1,'en','packages/slug/slug','preview','Preview','2023-11-30 00:33:07','2023-11-30 00:33:07'),(1599,1,'en','packages/slug/slug','prefix_for','Prefix for :name','2023-11-30 00:33:07','2023-11-30 00:33:07'),(1600,1,'en','packages/slug/slug','public_single_ending_url','Postfix for single page URL','2023-11-30 00:33:07','2023-11-30 00:33:07'),(1601,1,'en','packages/slug/slug','current_year','Current year','2023-11-30 00:33:07','2023-11-30 00:33:07'),(1602,1,'en','packages/slug/slug','current_month','Current month','2023-11-30 00:33:07','2023-11-30 00:33:07'),(1603,1,'en','packages/slug/slug','current_day','Current day','2023-11-30 00:33:07','2023-11-30 00:33:07'),(1604,1,'en','packages/theme/theme','name','Themes','2023-11-30 00:33:07','2023-11-30 00:33:07'),(1605,1,'en','packages/theme/theme','theme','Theme','2023-11-30 00:33:07','2023-11-30 00:33:07'),(1606,1,'en','packages/theme/theme','author','Author','2023-11-30 00:33:07','2023-11-30 00:33:07'),(1607,1,'en','packages/theme/theme','version','Version','2023-11-30 00:33:07','2023-11-30 00:33:07'),(1608,1,'en','packages/theme/theme','description','Description','2023-11-30 00:33:07','2023-11-30 00:33:07'),(1609,1,'en','packages/theme/theme','active_success','Activate theme :name successfully!','2023-11-30 00:33:07','2023-11-30 00:33:07'),(1610,1,'en','packages/theme/theme','active','Active','2023-11-30 00:33:07','2023-11-30 00:33:07'),(1611,1,'en','packages/theme/theme','activated','Activated','2023-11-30 00:33:07','2023-11-30 00:33:07'),(1612,1,'en','packages/theme/theme','appearance','Appearance','2023-11-30 00:33:07','2023-11-30 00:33:07'),(1613,1,'en','packages/theme/theme','theme_options','Theme Options','2023-11-30 00:33:07','2023-11-30 00:33:07'),(1614,1,'en','packages/theme/theme','save_changes','Save Changes','2023-11-30 00:33:08','2023-11-30 00:33:08'),(1615,1,'en','packages/theme/theme','custom_css','Custom CSS','2023-11-30 00:33:08','2023-11-30 00:33:08'),(1616,1,'en','packages/theme/theme','custom_js','Custom JS','2023-11-30 00:33:08','2023-11-30 00:33:08'),(1617,1,'en','packages/theme/theme','custom_header_js','Header JS','2023-11-30 00:33:08','2023-11-30 00:33:08'),(1618,1,'en','packages/theme/theme','custom_header_js_placeholder','JS in header of page, wrap it inside &#x3C;script&#x3E;&#x3C;/script&#x3E;','2023-11-30 00:33:08','2023-11-30 00:33:08'),(1619,1,'en','packages/theme/theme','custom_body_js','Body JS','2023-11-30 00:33:08','2023-11-30 00:33:08'),(1620,1,'en','packages/theme/theme','custom_body_js_placeholder','JS in body of page, wrap it inside &#x3C;script&#x3E;&#x3C;/script&#x3E;','2023-11-30 00:33:08','2023-11-30 00:33:08'),(1621,1,'en','packages/theme/theme','custom_footer_js','Footer JS','2023-11-30 00:33:08','2023-11-30 00:33:08'),(1622,1,'en','packages/theme/theme','custom_footer_js_placeholder','JS in footer of page, wrap it inside &#x3C;script&#x3E;&#x3C;/script&#x3E;','2023-11-30 00:33:08','2023-11-30 00:33:08'),(1623,1,'en','packages/theme/theme','custom_html','Custom HTML','2023-11-30 00:33:08','2023-11-30 00:33:08'),(1624,1,'en','packages/theme/theme','custom_header_html','Header HTML','2023-11-30 00:33:08','2023-11-30 00:33:08'),(1625,1,'en','packages/theme/theme','custom_header_html_placeholder','HTML in header of page, no special tags: script, style, iframe...','2023-11-30 00:33:08','2023-11-30 00:33:08'),(1626,1,'en','packages/theme/theme','custom_body_html','Body HTML','2023-11-30 00:33:08','2023-11-30 00:33:08'),(1627,1,'en','packages/theme/theme','custom_body_html_placeholder','HTML in body of page, no special tags: script, style, iframe...','2023-11-30 00:33:08','2023-11-30 00:33:08'),(1628,1,'en','packages/theme/theme','custom_footer_html','Footer HTML','2023-11-30 00:33:08','2023-11-30 00:33:08'),(1629,1,'en','packages/theme/theme','custom_footer_html_placeholder','HTML in footer of page, no special tags: script, style, iframe...','2023-11-30 00:33:08','2023-11-30 00:33:08'),(1630,1,'en','packages/theme/theme','remove_theme_success','Remove theme successfully!','2023-11-30 00:33:08','2023-11-30 00:33:08'),(1631,1,'en','packages/theme/theme','theme_is_not_existed','This theme is not existed!','2023-11-30 00:33:08','2023-11-30 00:33:08'),(1632,1,'en','packages/theme/theme','remove','Remove','2023-11-30 00:33:08','2023-11-30 00:33:08'),(1633,1,'en','packages/theme/theme','remove_theme','Remove theme','2023-11-30 00:33:08','2023-11-30 00:33:08'),(1634,1,'en','packages/theme/theme','remove_theme_confirm_message','Do you really want to remove this theme?','2023-11-30 00:33:08','2023-11-30 00:33:08'),(1635,1,'en','packages/theme/theme','remove_theme_confirm_yes','Yes, remove it!','2023-11-30 00:33:08','2023-11-30 00:33:08'),(1636,1,'en','packages/theme/theme','total_themes','Total themes','2023-11-30 00:33:08','2023-11-30 00:33:08'),(1637,1,'en','packages/theme/theme','add_new','Add new','2023-11-30 00:33:08','2023-11-30 00:33:08'),(1638,1,'en','packages/theme/theme','theme_activated_already','Theme \":name\" is activated already!','2023-11-30 00:33:08','2023-11-30 00:33:08'),(1639,1,'en','packages/theme/theme','missing_json_file','Missing file theme.json!','2023-11-30 00:33:08','2023-11-30 00:33:08'),(1640,1,'en','packages/theme/theme','theme_invalid','Theme is valid!','2023-11-30 00:33:08','2023-11-30 00:33:08'),(1641,1,'en','packages/theme/theme','published_assets_success','Publish assets for :themes successfully!','2023-11-30 00:33:08','2023-11-30 00:33:08'),(1642,1,'en','packages/theme/theme','cannot_remove_theme','Cannot remove activated theme, please activate another theme before removing \":name\"!','2023-11-30 00:33:08','2023-11-30 00:33:08'),(1643,1,'en','packages/theme/theme','theme_deleted','Theme \":name\" has been destroyed.','2023-11-30 00:33:08','2023-11-30 00:33:08'),(1644,1,'en','packages/theme/theme','removed_assets','Remove assets of a theme :name successfully!','2023-11-30 00:33:08','2023-11-30 00:33:08'),(1645,1,'en','packages/theme/theme','go_to_dashboard','Go to dashboard','2023-11-30 00:33:08','2023-11-30 00:33:08'),(1646,1,'en','packages/theme/theme','theme_option_general','General','2023-11-30 00:33:08','2023-11-30 00:33:08'),(1647,1,'en','packages/theme/theme','theme_option_general_description','General settings','2023-11-30 00:33:08','2023-11-30 00:33:08'),(1648,1,'en','packages/theme/theme','theme_option_seo_open_graph_image','SEO default Open Graph image','2023-11-30 00:33:08','2023-11-30 00:33:08'),(1649,1,'en','packages/theme/theme','theme_option_logo','Logo','2023-11-30 00:33:08','2023-11-30 00:33:08'),(1650,1,'en','packages/theme/theme','theme_option_favicon','Favicon','2023-11-30 00:33:08','2023-11-30 00:33:08'),(1651,1,'en','packages/theme/theme','folder_is_not_writeable','Cannot write files! Folder :name is not writable. Please chmod to make it writable!','2023-11-30 00:33:08','2023-11-30 00:33:08'),(1652,1,'en','packages/theme/theme','breadcrumb_enabled','Enable breadcrumb?','2023-11-30 00:33:08','2023-11-30 00:33:08'),(1653,1,'en','packages/widget/widget','name','Widgets','2023-11-30 00:33:08','2023-11-30 00:33:08'),(1654,1,'en','packages/widget/widget','description','Manage your system widgets','2023-11-30 00:33:08','2023-11-30 00:33:08'),(1655,1,'en','packages/widget/widget','create','New widget','2023-11-30 00:33:08','2023-11-30 00:33:08'),(1656,1,'en','packages/widget/widget','edit','Edit widget','2023-11-30 00:33:08','2023-11-30 00:33:08'),(1657,1,'en','packages/widget/widget','delete','Delete','2023-11-30 00:33:08','2023-11-30 00:33:08'),(1658,1,'en','packages/widget/widget','available','Available Widgets','2023-11-30 00:33:08','2023-11-30 00:33:08'),(1659,1,'en','packages/widget/widget','usage_instruction','To activate a widget drag and drop it to a sidebar. To deactivate a widget, open it in sidebar and click delete button.','2023-11-30 00:33:08','2023-11-30 00:33:08'),(1660,1,'en','packages/widget/widget','number_tag_display','Number tags will be display','2023-11-30 00:33:08','2023-11-30 00:33:08'),(1661,1,'en','packages/widget/widget','number_post_display','Number posts will be display','2023-11-30 00:33:08','2023-11-30 00:33:08'),(1662,1,'en','packages/widget/widget','select_menu','Select Menu','2023-11-30 00:33:08','2023-11-30 00:33:08'),(1663,1,'en','packages/widget/widget','widget_text','Text','2023-11-30 00:33:08','2023-11-30 00:33:08'),(1664,1,'en','packages/widget/widget','widget_text_description','Arbitrary text or HTML.','2023-11-30 00:33:08','2023-11-30 00:33:08'),(1665,1,'en','packages/widget/widget','widget_recent_post','Recent Posts','2023-11-30 00:33:08','2023-11-30 00:33:08'),(1666,1,'en','packages/widget/widget','widget_recent_post_description','Recent posts widget.','2023-11-30 00:33:08','2023-11-30 00:33:08'),(1667,1,'en','packages/widget/widget','widget_custom_menu','Custom Menu','2023-11-30 00:33:08','2023-11-30 00:33:08'),(1668,1,'en','packages/widget/widget','widget_custom_menu_description','Add a custom menu to your widget area.','2023-11-30 00:33:08','2023-11-30 00:33:08'),(1669,1,'en','packages/widget/widget','widget_tag','Tags','2023-11-30 00:33:08','2023-11-30 00:33:08'),(1670,1,'en','packages/widget/widget','widget_tag_description','Popular tags','2023-11-30 00:33:08','2023-11-30 00:33:08'),(1671,1,'en','packages/widget/widget','widget_menu','Simple Menu','2023-11-30 00:33:08','2023-11-30 00:33:08'),(1672,1,'en','packages/widget/widget','widget_menu_description','Add a simple menu to your widget area.','2023-11-30 00:33:08','2023-11-30 00:33:08'),(1673,1,'en','packages/widget/widget','widget_menu_label','Label','2023-11-30 00:33:08','2023-11-30 00:33:08'),(1674,1,'en','packages/widget/widget','widget_menu_attributes','Attributes','2023-11-30 00:33:08','2023-11-30 00:33:08'),(1675,1,'en','packages/widget/widget','widget_menu_url','URL','2023-11-30 00:33:08','2023-11-30 00:33:08'),(1676,1,'en','packages/widget/widget','widget_menu_is_open_new_tab','Is open new tab?','2023-11-30 00:33:08','2023-11-30 00:33:08'),(1677,1,'en','packages/widget/widget','save_success','Save widget successfully!','2023-11-30 00:33:08','2023-11-30 00:33:08'),(1678,1,'en','packages/widget/widget','delete_success','Delete widget successfully!','2023-11-30 00:33:08','2023-11-30 00:33:08'),(1679,1,'en','packages/widget/widget','primary_sidebar_name','Primary sidebar','2023-11-30 00:33:08','2023-11-30 00:33:08'),(1680,1,'en','packages/widget/widget','primary_sidebar_description','Primary sidebar section','2023-11-30 00:33:08','2023-11-30 00:33:08'),(1681,1,'en','packages/widget/widget','drag_widget_to_sidebar','Drag and drop widgets to this area.','2023-11-30 00:33:08','2023-11-30 00:33:08'),(1682,1,'en','plugins/analytics/analytics','sessions','Sessions','2023-11-30 00:33:08','2023-11-30 00:33:08'),(1683,1,'en','plugins/analytics/analytics','visitors','Visitors','2023-11-30 00:33:08','2023-11-30 00:33:08'),(1684,1,'en','plugins/analytics/analytics','pageviews','Pageviews','2023-11-30 00:33:08','2023-11-30 00:33:08'),(1685,1,'en','plugins/analytics/analytics','bounce_rate','Bounce Rate','2023-11-30 00:33:08','2023-11-30 00:33:08'),(1686,1,'en','plugins/analytics/analytics','page_session','Pages/Session','2023-11-30 00:33:08','2023-11-30 00:33:08'),(1687,1,'en','plugins/analytics/analytics','avg_duration','Avg. Duration','2023-11-30 00:33:08','2023-11-30 00:33:08'),(1688,1,'en','plugins/analytics/analytics','percent_new_session','Percent new session','2023-11-30 00:33:08','2023-11-30 00:33:08'),(1689,1,'en','plugins/analytics/analytics','new_users','New visitors','2023-11-30 00:33:08','2023-11-30 00:33:08'),(1690,1,'en','plugins/analytics/analytics','visits','visits','2023-11-30 00:33:08','2023-11-30 00:33:08'),(1691,1,'en','plugins/analytics/analytics','views','views','2023-11-30 00:33:08','2023-11-30 00:33:08'),(1692,1,'en','plugins/analytics/analytics','start_date_can_not_before_end_date','Start date :start_date cannot be after end date :end_date','2023-11-30 00:33:08','2023-11-30 00:33:08'),(1693,1,'en','plugins/analytics/analytics','not_set_up','Widget is not set up','2023-11-30 00:33:08','2023-11-30 00:33:08'),(1694,1,'en','plugins/analytics/analytics','settings.title','Google Analytics','2023-11-30 00:33:08','2023-11-30 00:33:08'),(1695,1,'en','plugins/analytics/analytics','settings.description','Config Credentials for Google Analytics','2023-11-30 00:33:08','2023-11-30 00:33:08'),(1696,1,'en','plugins/analytics/analytics','settings.google_tag_id','Google tag ID','2023-11-30 00:33:08','2023-11-30 00:33:08'),(1697,1,'en','plugins/analytics/analytics','settings.google_tag_id_placeholder','Example: G-76NX8HY29D','2023-11-30 00:33:08','2023-11-30 00:33:08'),(1698,1,'en','plugins/analytics/analytics','settings.analytics_property_id','Property ID for GA4','2023-11-30 00:33:08','2023-11-30 00:33:08'),(1699,1,'en','plugins/analytics/analytics','settings.analytics_property_id_description','Google Analytics Property ID (GA4)','2023-11-30 00:33:08','2023-11-30 00:33:08'),(1700,1,'en','plugins/analytics/analytics','settings.json_credential','Service Account Credentials','2023-11-30 00:33:08','2023-11-30 00:33:08'),(1701,1,'en','plugins/analytics/analytics','settings.json_credential_description','Service Account Credentials','2023-11-30 00:33:08','2023-11-30 00:33:08'),(1702,1,'en','plugins/analytics/analytics','settings.credential_is_not_valid','Analytics credentials is not valid. The document here: :url','2023-11-30 00:33:08','2023-11-30 00:33:08'),(1703,1,'en','plugins/analytics/analytics','settings.property_id_is_invalid','Property ID is invalid. Check this: https://developers.google.com/analytics/devguides/reporting/data/v1/property-id','2023-11-30 00:33:08','2023-11-30 00:33:08'),(1704,1,'en','plugins/analytics/analytics','settings.wrong_configuration','To view analytics you\'ll need to get a Google Analytics client id and add it to your settings. <br /> You also need JSON credential data. <br /> The document here: :url','2023-11-30 00:33:08','2023-11-30 00:33:08'),(1705,1,'en','plugins/analytics/analytics','widget_analytics_page','Top Most Visit Pages','2023-11-30 00:33:08','2023-11-30 00:33:08'),(1706,1,'en','plugins/analytics/analytics','widget_analytics_browser','Top Browsers','2023-11-30 00:33:08','2023-11-30 00:33:08'),(1707,1,'en','plugins/analytics/analytics','widget_analytics_referrer','Top Referrers','2023-11-30 00:33:08','2023-11-30 00:33:08'),(1708,1,'en','plugins/analytics/analytics','widget_analytics_general','Site Analytics','2023-11-30 00:33:08','2023-11-30 00:33:08'),(1709,1,'en','plugins/analytics/analytics','missing_library_warning','Analytics plugin error: Missing third-party libraries, please run \"composer update\" to install them.','2023-11-30 00:33:08','2023-11-30 00:33:08'),(1710,1,'en','plugins/analytics/analytics','browser','Browser','2023-11-30 00:33:08','2023-11-30 00:33:08'),(1711,1,'en','plugins/analytics/analytics','url','URL','2023-11-30 00:33:08','2023-11-30 00:33:08'),(1712,1,'en','plugins/audit-log/history','name','Activities Logs','2023-11-30 00:33:08','2023-11-30 00:33:08'),(1713,1,'en','plugins/audit-log/history','description','View and delete your system activity logs','2023-11-30 00:33:08','2023-11-30 00:33:08'),(1714,1,'en','plugins/audit-log/history','created','created','2023-11-30 00:33:08','2023-11-30 00:33:08'),(1715,1,'en','plugins/audit-log/history','updated','updated','2023-11-30 00:33:08','2023-11-30 00:33:08'),(1716,1,'en','plugins/audit-log/history','deleted','deleted','2023-11-30 00:33:08','2023-11-30 00:33:08'),(1717,1,'en','plugins/audit-log/history','logged in','logged in','2023-11-30 00:33:08','2023-11-30 00:33:08'),(1718,1,'en','plugins/audit-log/history','logged out','logged out','2023-11-30 00:33:08','2023-11-30 00:33:08'),(1719,1,'en','plugins/audit-log/history','changed password','changed password','2023-11-30 00:33:08','2023-11-30 00:33:08'),(1720,1,'en','plugins/audit-log/history','updated profile','updated profile','2023-11-30 00:33:08','2023-11-30 00:33:08'),(1721,1,'en','plugins/audit-log/history','attached','attached','2023-11-30 00:33:08','2023-11-30 00:33:08'),(1722,1,'en','plugins/audit-log/history','shared','shared','2023-11-30 00:33:08','2023-11-30 00:33:08'),(1723,1,'en','plugins/audit-log/history','to the system','to the system','2023-11-30 00:33:08','2023-11-30 00:33:08'),(1724,1,'en','plugins/audit-log/history','of the system','of the system','2023-11-30 00:33:08','2023-11-30 00:33:08'),(1725,1,'en','plugins/audit-log/history','menu','menu','2023-11-30 00:33:08','2023-11-30 00:33:08'),(1726,1,'en','plugins/audit-log/history','post','post','2023-11-30 00:33:08','2023-11-30 00:33:08'),(1727,1,'en','plugins/audit-log/history','page','page','2023-11-30 00:33:08','2023-11-30 00:33:08'),(1728,1,'en','plugins/audit-log/history','category','category','2023-11-30 00:33:08','2023-11-30 00:33:08'),(1729,1,'en','plugins/audit-log/history','tag','tag','2023-11-30 00:33:08','2023-11-30 00:33:08'),(1730,1,'en','plugins/audit-log/history','user','user','2023-11-30 00:33:08','2023-11-30 00:33:08'),(1731,1,'en','plugins/audit-log/history','contact','contact','2023-11-30 00:33:08','2023-11-30 00:33:08'),(1732,1,'en','plugins/audit-log/history','backup','backup','2023-11-30 00:33:08','2023-11-30 00:33:08'),(1733,1,'en','plugins/audit-log/history','custom-field','custom field','2023-11-30 00:33:08','2023-11-30 00:33:08'),(1734,1,'en','plugins/audit-log/history','widget_audit_logs','Activities Logs','2023-11-30 00:33:08','2023-11-30 00:33:08'),(1735,1,'en','plugins/audit-log/history','action','Action','2023-11-30 00:33:08','2023-11-30 00:33:08'),(1736,1,'en','plugins/audit-log/history','user_agent','User Agent','2023-11-30 00:33:08','2023-11-30 00:33:08'),(1737,1,'en','plugins/audit-log/history','system','System','2023-11-30 00:33:08','2023-11-30 00:33:08'),(1738,1,'en','plugins/audit-log/history','delete_all','Delete all records','2023-11-30 00:33:08','2023-11-30 00:33:08'),(1739,1,'en','plugins/audit-log/history','empty_logs','Empty logs','2023-11-30 00:33:08','2023-11-30 00:33:08'),(1740,1,'en','plugins/audit-log/history','confirm_empty_logs_msg','Do you really want to empty logs?','2023-11-30 00:33:09','2023-11-30 00:33:09'),(1741,1,'en','plugins/backup/backup','name','Backup','2023-11-30 00:33:09','2023-11-30 00:33:09'),(1742,1,'en','plugins/backup/backup','backup_description','Backup database and uploads folder.','2023-11-30 00:33:09','2023-11-30 00:33:09'),(1743,1,'en','plugins/backup/backup','create_backup_success','Created backup successfully!','2023-11-30 00:33:09','2023-11-30 00:33:09'),(1744,1,'en','plugins/backup/backup','delete_backup_success','Delete backup successfully!','2023-11-30 00:33:09','2023-11-30 00:33:09'),(1745,1,'en','plugins/backup/backup','restore_backup_success','Restore backup successfully!','2023-11-30 00:33:09','2023-11-30 00:33:09'),(1746,1,'en','plugins/backup/backup','generate_btn','Generate backup','2023-11-30 00:33:09','2023-11-30 00:33:09'),(1747,1,'en','plugins/backup/backup','create','Create a backup','2023-11-30 00:33:09','2023-11-30 00:33:09'),(1748,1,'en','plugins/backup/backup','restore','Restore a backup','2023-11-30 00:33:09','2023-11-30 00:33:09'),(1749,1,'en','plugins/backup/backup','create_btn','Create','2023-11-30 00:33:09','2023-11-30 00:33:09'),(1750,1,'en','plugins/backup/backup','restore_btn','Restore','2023-11-30 00:33:09','2023-11-30 00:33:09'),(1751,1,'en','plugins/backup/backup','restore_confirm_msg','Do you really want to restore this revision?','2023-11-30 00:33:09','2023-11-30 00:33:09'),(1752,1,'en','plugins/backup/backup','download_uploads_folder','Download backup of uploads folder','2023-11-30 00:33:09','2023-11-30 00:33:09'),(1753,1,'en','plugins/backup/backup','download_database','Download backup of database','2023-11-30 00:33:09','2023-11-30 00:33:09'),(1754,1,'en','plugins/backup/backup','restore_tooltip','Restore this backup','2023-11-30 00:33:09','2023-11-30 00:33:09'),(1755,1,'en','plugins/backup/backup','demo_alert','Hi guest, if you see demo site is destroyed, please help me <a href=\":link\">go here</a> and restore demo site to the latest revision! Thank you so much!','2023-11-30 00:33:09','2023-11-30 00:33:09'),(1756,1,'en','plugins/backup/backup','menu_name','Backups','2023-11-30 00:33:09','2023-11-30 00:33:09'),(1757,1,'en','plugins/backup/backup','size','Size','2023-11-30 00:33:09','2023-11-30 00:33:09'),(1758,1,'en','plugins/backup/backup','no_backups','There is no backup now!','2023-11-30 00:33:09','2023-11-30 00:33:09'),(1759,1,'en','plugins/backup/backup','proc_open_disabled_error','Function <strong>proc_open()</strong> has been disabled so the system cannot backup the database. Please contact your hosting provider to enable it.','2023-11-30 00:33:09','2023-11-30 00:33:09'),(1760,1,'en','plugins/backup/backup','database_backup_not_existed','Backup database is not existed!','2023-11-30 00:33:09','2023-11-30 00:33:09'),(1761,1,'en','plugins/backup/backup','uploads_folder_backup_not_existed','Backup uploads folder is not existed!','2023-11-30 00:33:09','2023-11-30 00:33:09'),(1762,1,'en','plugins/backup/backup','important_message1','This is a simple backup feature, it is a solution for you if your site has < 1GB data and can be used for quickly backup your site.','2023-11-30 00:33:09','2023-11-30 00:33:09'),(1763,1,'en','plugins/backup/backup','important_message2','If you have more than 1GB images/files in local storage, you should use backup feature of your hosting or VPS.','2023-11-30 00:33:09','2023-11-30 00:33:09'),(1764,1,'en','plugins/backup/backup','important_message3','To backup your database, function <strong>proc_open()</strong> or <strong>system()</strong> must be enabled. Contact your hosting provider to enable it if it is disabled.','2023-11-30 00:33:09','2023-11-30 00:33:09'),(1765,1,'en','plugins/backup/backup','important_message4','It is not a full backup, it is just back up uploaded files and your database.','2023-11-30 00:33:09','2023-11-30 00:33:09'),(1766,1,'en','plugins/backup/backup','important_message_pgsql1','Currently, we cannot backup <strong>PostgreSQL</strong> database on the web due to PostgreSQL doesnt have option to enter database password directly when exporting database.','2023-11-30 00:33:09','2023-11-30 00:33:09'),(1767,1,'en','plugins/backup/backup','important_message_pgsql2','You can run a command <strong>php artisan cms:backup:create {name}</strong> to generate the backup or <strong>php artisan cms:backup:restore</strong> to restore the latest backup.','2023-11-30 00:33:09','2023-11-30 00:33:09'),(1768,1,'en','plugins/backup/backup','cannot_restore_database','Cannot restore database. The database backup is missing!','2023-11-30 00:33:09','2023-11-30 00:33:09'),(1769,1,'en','plugins/backup/backup','database_driver_not_supported','Database driver is not supported.','2023-11-30 00:33:09','2023-11-30 00:33:09'),(1770,1,'en','plugins/blog/base','menu_name','Blog','2023-11-30 00:33:09','2023-11-30 00:33:09'),(1771,1,'en','plugins/blog/base','blog_page','Blog Page','2023-11-30 00:33:09','2023-11-30 00:33:09'),(1772,1,'en','plugins/blog/base','select','-- Select --','2023-11-30 00:33:09','2023-11-30 00:33:09'),(1773,1,'en','plugins/blog/base','blog_page_id','Blog page','2023-11-30 00:33:09','2023-11-30 00:33:09'),(1774,1,'en','plugins/blog/base','number_posts_per_page','Number posts per page','2023-11-30 00:33:09','2023-11-30 00:33:09'),(1775,1,'en','plugins/blog/base','write_some_tags','Write some tags','2023-11-30 00:33:09','2023-11-30 00:33:09'),(1776,1,'en','plugins/blog/base','short_code_name','Blog posts','2023-11-30 00:33:09','2023-11-30 00:33:09'),(1777,1,'en','plugins/blog/base','short_code_description','Add blog posts','2023-11-30 00:33:09','2023-11-30 00:33:09'),(1778,1,'en','plugins/blog/base','number_posts_per_page_in_category','Number of posts per page in a category','2023-11-30 00:33:09','2023-11-30 00:33:09'),(1779,1,'en','plugins/blog/base','number_posts_per_page_in_tag','Number of posts per page in a tag','2023-11-30 00:33:09','2023-11-30 00:33:09'),(1780,1,'en','plugins/blog/base','settings.title','Blog','2023-11-30 00:33:09','2023-11-30 00:33:09'),(1781,1,'en','plugins/blog/base','settings.description','View and update blog settings','2023-11-30 00:33:09','2023-11-30 00:33:09'),(1782,1,'en','plugins/blog/base','settings.enable_blog_post_schema','Enable Blog Post Schema?','2023-11-30 00:33:09','2023-11-30 00:33:09'),(1783,1,'en','plugins/blog/base','settings.enable_blog_post_schema_description','Learn more: https://schema.org/Article','2023-11-30 00:33:09','2023-11-30 00:33:09'),(1784,1,'en','plugins/blog/base','settings.schema_type','Schema type','2023-11-30 00:33:09','2023-11-30 00:33:09'),(1785,1,'en','plugins/blog/categories','create','Create new category','2023-11-30 00:33:09','2023-11-30 00:33:09'),(1786,1,'en','plugins/blog/categories','menu','Categories','2023-11-30 00:33:09','2023-11-30 00:33:09'),(1787,1,'en','plugins/blog/categories','edit_this_category','Edit this category','2023-11-30 00:33:09','2023-11-30 00:33:09'),(1788,1,'en','plugins/blog/categories','menu_name','Categories','2023-11-30 00:33:09','2023-11-30 00:33:09'),(1789,1,'en','plugins/blog/categories','none','None','2023-11-30 00:33:09','2023-11-30 00:33:09'),(1790,1,'en','plugins/blog/categories','total_posts','Total posts: :total','2023-11-30 00:33:09','2023-11-30 00:33:09'),(1791,1,'en','plugins/blog/member','dob','Born :date','2023-11-30 00:33:09','2023-11-30 00:33:09'),(1792,1,'en','plugins/blog/member','draft_posts','Draft Posts','2023-11-30 00:33:09','2023-11-30 00:33:09'),(1793,1,'en','plugins/blog/member','pending_posts','Pending Posts','2023-11-30 00:33:09','2023-11-30 00:33:09'),(1794,1,'en','plugins/blog/member','published_posts','Published Posts','2023-11-30 00:33:09','2023-11-30 00:33:09'),(1795,1,'en','plugins/blog/member','posts','Posts','2023-11-30 00:33:09','2023-11-30 00:33:09'),(1796,1,'en','plugins/blog/member','write_post','Write a post','2023-11-30 00:33:09','2023-11-30 00:33:09'),(1797,1,'en','plugins/blog/posts','create','Create new post','2023-11-30 00:33:09','2023-11-30 00:33:09'),(1798,1,'en','plugins/blog/posts','form.name','Name','2023-11-30 00:33:09','2023-11-30 00:33:09'),(1799,1,'en','plugins/blog/posts','form.name_placeholder','Post\'s name (Maximum :c characters)','2023-11-30 00:33:09','2023-11-30 00:33:09'),(1800,1,'en','plugins/blog/posts','form.description','Description','2023-11-30 00:33:09','2023-11-30 00:33:09'),(1801,1,'en','plugins/blog/posts','form.description_placeholder','Short description for post (Maximum :c characters)','2023-11-30 00:33:09','2023-11-30 00:33:09'),(1802,1,'en','plugins/blog/posts','form.categories','Categories','2023-11-30 00:33:09','2023-11-30 00:33:09'),(1803,1,'en','plugins/blog/posts','form.tags','Tags','2023-11-30 00:33:09','2023-11-30 00:33:09'),(1804,1,'en','plugins/blog/posts','form.tags_placeholder','Tags','2023-11-30 00:33:09','2023-11-30 00:33:09'),(1805,1,'en','plugins/blog/posts','form.content','Content','2023-11-30 00:33:09','2023-11-30 00:33:09'),(1806,1,'en','plugins/blog/posts','form.is_featured','Is featured?','2023-11-30 00:33:09','2023-11-30 00:33:09'),(1807,1,'en','plugins/blog/posts','form.note','Note content','2023-11-30 00:33:09','2023-11-30 00:33:09'),(1808,1,'en','plugins/blog/posts','form.format_type','Format','2023-11-30 00:33:09','2023-11-30 00:33:09'),(1809,1,'en','plugins/blog/posts','cannot_delete','Post could not be deleted','2023-11-30 00:33:09','2023-11-30 00:33:09'),(1810,1,'en','plugins/blog/posts','post_deleted','Post deleted','2023-11-30 00:33:09','2023-11-30 00:33:09'),(1811,1,'en','plugins/blog/posts','posts','Posts','2023-11-30 00:33:09','2023-11-30 00:33:09'),(1812,1,'en','plugins/blog/posts','post','Post','2023-11-30 00:33:09','2023-11-30 00:33:09'),(1813,1,'en','plugins/blog/posts','edit_this_post','Edit this post','2023-11-30 00:33:09','2023-11-30 00:33:09'),(1814,1,'en','plugins/blog/posts','no_new_post_now','There is no new post now!','2023-11-30 00:33:09','2023-11-30 00:33:09'),(1815,1,'en','plugins/blog/posts','menu_name','Posts','2023-11-30 00:33:09','2023-11-30 00:33:09'),(1816,1,'en','plugins/blog/posts','widget_posts_recent','Recent Posts','2023-11-30 00:33:09','2023-11-30 00:33:09'),(1817,1,'en','plugins/blog/posts','categories','Categories','2023-11-30 00:33:09','2023-11-30 00:33:09'),(1818,1,'en','plugins/blog/posts','category','Category','2023-11-30 00:33:09','2023-11-30 00:33:09'),(1819,1,'en','plugins/blog/posts','author','Author','2023-11-30 00:33:09','2023-11-30 00:33:09'),(1820,1,'en','plugins/blog/tags','form.name','Name','2023-11-30 00:33:09','2023-11-30 00:33:09'),(1821,1,'en','plugins/blog/tags','form.name_placeholder','Tag\'s name (Maximum 120 characters)','2023-11-30 00:33:09','2023-11-30 00:33:09'),(1822,1,'en','plugins/blog/tags','form.description','Description','2023-11-30 00:33:09','2023-11-30 00:33:09'),(1823,1,'en','plugins/blog/tags','form.description_placeholder','Short description for tag (Maximum 400 characters)','2023-11-30 00:33:09','2023-11-30 00:33:09'),(1824,1,'en','plugins/blog/tags','form.categories','Categories','2023-11-30 00:33:09','2023-11-30 00:33:09'),(1825,1,'en','plugins/blog/tags','notices.no_select','Please select at least one tag to take this action!','2023-11-30 00:33:09','2023-11-30 00:33:09'),(1826,1,'en','plugins/blog/tags','create','Create new tag','2023-11-30 00:33:09','2023-11-30 00:33:09'),(1827,1,'en','plugins/blog/tags','cannot_delete','Tag could not be deleted','2023-11-30 00:33:09','2023-11-30 00:33:09'),(1828,1,'en','plugins/blog/tags','deleted','Tag deleted','2023-11-30 00:33:09','2023-11-30 00:33:09'),(1829,1,'en','plugins/blog/tags','menu','Tags','2023-11-30 00:33:09','2023-11-30 00:33:09'),(1830,1,'en','plugins/blog/tags','edit_this_tag','Edit this tag','2023-11-30 00:33:09','2023-11-30 00:33:09'),(1831,1,'en','plugins/blog/tags','menu_name','Tags','2023-11-30 00:33:09','2023-11-30 00:33:09'),(1832,1,'en','plugins/captcha/captcha','settings.title','Captcha','2023-11-30 00:33:09','2023-11-30 00:33:09'),(1833,1,'en','plugins/captcha/captcha','settings.description','reCAPTCHA is a free service from Google that helps protect websites from spam and abuse.\n        <br/><br/> Math Captcha allows you to use simple math problems to test site users to prove their human identity.','2023-11-30 00:33:09','2023-11-30 00:33:09'),(1834,1,'en','plugins/captcha/captcha','settings.panel_description','View and update reCAPTCHA and math captcha.','2023-11-30 00:33:09','2023-11-30 00:33:09'),(1835,1,'en','plugins/captcha/captcha','settings.recaptcha_site_key','reCAPTCHA Site Key','2023-11-30 00:33:09','2023-11-30 00:33:09'),(1836,1,'en','plugins/captcha/captcha','settings.recaptcha_secret','reCAPTCHA Secret','2023-11-30 00:33:09','2023-11-30 00:33:09'),(1837,1,'en','plugins/captcha/captcha','settings.enable_recaptcha','Enable reCAPTCHA?','2023-11-30 00:33:09','2023-11-30 00:33:09'),(1838,1,'en','plugins/captcha/captcha','settings.recaptcha_score','Score','2023-11-30 00:33:09','2023-11-30 00:33:09'),(1839,1,'en','plugins/captcha/captcha','settings.recaptcha_credential_helper','Obtain your Google reCAPTCHA credentials :link.','2023-11-30 00:33:09','2023-11-30 00:33:09'),(1840,1,'en','plugins/captcha/captcha','settings.recaptcha_credential_helper_here','here','2023-11-30 00:33:09','2023-11-30 00:33:09'),(1841,1,'en','plugins/captcha/captcha','settings.recaptcha_warning','Must use reCAPTCHA in credentials setup. Be careful, the wrong settings will make the login system interruption.','2023-11-30 00:33:09','2023-11-30 00:33:09'),(1842,1,'en','plugins/captcha/captcha','settings.hide_badge','Hide reCAPTCHA badge?','2023-11-30 00:33:09','2023-11-30 00:33:09'),(1843,1,'en','plugins/captcha/captcha','settings.show_disclaimer','Display reCAPTCHA disclaimer?','2023-11-30 00:33:09','2023-11-30 00:33:09'),(1844,1,'en','plugins/captcha/captcha','settings.type','Type','2023-11-30 00:33:09','2023-11-30 00:33:09'),(1845,1,'en','plugins/captcha/captcha','settings.v2_description','V2 (Verify requests with a challenge)','2023-11-30 00:33:09','2023-11-30 00:33:09'),(1846,1,'en','plugins/captcha/captcha','settings.v3_description','V3 (Verify requests with a score)','2023-11-30 00:33:09','2023-11-30 00:33:09'),(1847,1,'en','plugins/captcha/captcha','settings.enable_math_captcha','Enable Math Captcha?','2023-11-30 00:33:09','2023-11-30 00:33:09'),(1848,1,'en','plugins/captcha/captcha','numbers.0','Zero','2023-11-30 00:33:09','2023-11-30 00:33:09'),(1849,1,'en','plugins/captcha/captcha','numbers.1','One','2023-11-30 00:33:09','2023-11-30 00:33:09'),(1850,1,'en','plugins/captcha/captcha','numbers.2','Two','2023-11-30 00:33:09','2023-11-30 00:33:09'),(1851,1,'en','plugins/captcha/captcha','numbers.3','Three','2023-11-30 00:33:09','2023-11-30 00:33:09'),(1852,1,'en','plugins/captcha/captcha','numbers.4','Four','2023-11-30 00:33:09','2023-11-30 00:33:09'),(1853,1,'en','plugins/captcha/captcha','numbers.5','Five','2023-11-30 00:33:09','2023-11-30 00:33:09'),(1854,1,'en','plugins/captcha/captcha','numbers.6','Six','2023-11-30 00:33:09','2023-11-30 00:33:09'),(1855,1,'en','plugins/captcha/captcha','numbers.7','Seven','2023-11-30 00:33:09','2023-11-30 00:33:09'),(1856,1,'en','plugins/captcha/captcha','numbers.8','Eight','2023-11-30 00:33:09','2023-11-30 00:33:09'),(1857,1,'en','plugins/captcha/captcha','numbers.9','Nine','2023-11-30 00:33:09','2023-11-30 00:33:09'),(1858,1,'en','plugins/captcha/captcha','numbers.10','Ten','2023-11-30 00:33:09','2023-11-30 00:33:09'),(1859,1,'en','plugins/captcha/captcha','numbers.11','Eleven','2023-11-30 00:33:10','2023-11-30 00:33:10'),(1860,1,'en','plugins/captcha/captcha','numbers.12','Twelve','2023-11-30 00:33:10','2023-11-30 00:33:10'),(1861,1,'en','plugins/captcha/captcha','operands.+','plus','2023-11-30 00:33:10','2023-11-30 00:33:10'),(1862,1,'en','plugins/captcha/captcha','operands.-','minus','2023-11-30 00:33:10','2023-11-30 00:33:10'),(1863,1,'en','plugins/captcha/captcha','operands.*','times','2023-11-30 00:33:10','2023-11-30 00:33:10'),(1864,1,'en','plugins/captcha/captcha','operands./','divided by','2023-11-30 00:33:10','2023-11-30 00:33:10'),(1865,1,'en','plugins/captcha/captcha','recaptcha_disclaimer_message','This site is protected by reCAPTCHA and the Google Privacy Policy and Terms of Service apply.','2023-11-30 00:33:10','2023-11-30 00:33:10'),(1866,1,'en','plugins/contact/contact','menu','Contact','2023-11-30 00:33:10','2023-11-30 00:33:10'),(1867,1,'en','plugins/contact/contact','edit','View contact','2023-11-30 00:33:10','2023-11-30 00:33:10'),(1868,1,'en','plugins/contact/contact','tables.phone','Phone','2023-11-30 00:33:10','2023-11-30 00:33:10'),(1869,1,'en','plugins/contact/contact','tables.email','Email','2023-11-30 00:33:10','2023-11-30 00:33:10'),(1870,1,'en','plugins/contact/contact','tables.full_name','Full Name','2023-11-30 00:33:10','2023-11-30 00:33:10'),(1871,1,'en','plugins/contact/contact','tables.time','Time','2023-11-30 00:33:10','2023-11-30 00:33:10'),(1872,1,'en','plugins/contact/contact','tables.address','Address','2023-11-30 00:33:10','2023-11-30 00:33:10'),(1873,1,'en','plugins/contact/contact','tables.subject','Subject','2023-11-30 00:33:10','2023-11-30 00:33:10'),(1874,1,'en','plugins/contact/contact','tables.content','Content','2023-11-30 00:33:10','2023-11-30 00:33:10'),(1875,1,'en','plugins/contact/contact','contact_information','Contact information','2023-11-30 00:33:10','2023-11-30 00:33:10'),(1876,1,'en','plugins/contact/contact','replies','Replies','2023-11-30 00:33:10','2023-11-30 00:33:10'),(1877,1,'en','plugins/contact/contact','email.header','Email','2023-11-30 00:33:10','2023-11-30 00:33:10'),(1878,1,'en','plugins/contact/contact','email.title','New contact from your site','2023-11-30 00:33:10','2023-11-30 00:33:10'),(1879,1,'en','plugins/contact/contact','form.name.required','Name is required','2023-11-30 00:33:10','2023-11-30 00:33:10'),(1880,1,'en','plugins/contact/contact','form.email.required','Email is required','2023-11-30 00:33:10','2023-11-30 00:33:10'),(1881,1,'en','plugins/contact/contact','form.email.email','The email address is not valid','2023-11-30 00:33:10','2023-11-30 00:33:10'),(1882,1,'en','plugins/contact/contact','form.content.required','Content is required','2023-11-30 00:33:10','2023-11-30 00:33:10'),(1883,1,'en','plugins/contact/contact','contact_sent_from','This contact information sent from','2023-11-30 00:33:10','2023-11-30 00:33:10'),(1884,1,'en','plugins/contact/contact','sender','Sender','2023-11-30 00:33:10','2023-11-30 00:33:10'),(1885,1,'en','plugins/contact/contact','sender_email','Email','2023-11-30 00:33:10','2023-11-30 00:33:10'),(1886,1,'en','plugins/contact/contact','sender_address','Address','2023-11-30 00:33:10','2023-11-30 00:33:10'),(1887,1,'en','plugins/contact/contact','sender_phone','Phone','2023-11-30 00:33:10','2023-11-30 00:33:10'),(1888,1,'en','plugins/contact/contact','message_content','Message content','2023-11-30 00:33:10','2023-11-30 00:33:10'),(1889,1,'en','plugins/contact/contact','sent_from','Email sent from','2023-11-30 00:33:10','2023-11-30 00:33:10'),(1890,1,'en','plugins/contact/contact','form_name','Name','2023-11-30 00:33:10','2023-11-30 00:33:10'),(1891,1,'en','plugins/contact/contact','form_email','Email','2023-11-30 00:33:10','2023-11-30 00:33:10'),(1892,1,'en','plugins/contact/contact','form_address','Address','2023-11-30 00:33:10','2023-11-30 00:33:10'),(1893,1,'en','plugins/contact/contact','form_subject','Subject','2023-11-30 00:33:10','2023-11-30 00:33:10'),(1894,1,'en','plugins/contact/contact','form_phone','Phone','2023-11-30 00:33:10','2023-11-30 00:33:10'),(1895,1,'en','plugins/contact/contact','form_message','Message','2023-11-30 00:33:10','2023-11-30 00:33:10'),(1896,1,'en','plugins/contact/contact','required_field','The field with (<span style=\"color: red\">*</span>) is required.','2023-11-30 00:33:10','2023-11-30 00:33:10'),(1897,1,'en','plugins/contact/contact','send_btn','Send message','2023-11-30 00:33:10','2023-11-30 00:33:10'),(1898,1,'en','plugins/contact/contact','new_msg_notice','You have <span class=\"bold\">:count</span> New Messages','2023-11-30 00:33:10','2023-11-30 00:33:10'),(1899,1,'en','plugins/contact/contact','view_all','View all','2023-11-30 00:33:10','2023-11-30 00:33:10'),(1900,1,'en','plugins/contact/contact','statuses.read','Read','2023-11-30 00:33:10','2023-11-30 00:33:10'),(1901,1,'en','plugins/contact/contact','statuses.unread','Unread','2023-11-30 00:33:10','2023-11-30 00:33:10'),(1902,1,'en','plugins/contact/contact','phone','Phone','2023-11-30 00:33:10','2023-11-30 00:33:10'),(1903,1,'en','plugins/contact/contact','address','Address','2023-11-30 00:33:10','2023-11-30 00:33:10'),(1904,1,'en','plugins/contact/contact','message','Message','2023-11-30 00:33:10','2023-11-30 00:33:10'),(1905,1,'en','plugins/contact/contact','settings.email.title','Contact','2023-11-30 00:33:10','2023-11-30 00:33:10'),(1906,1,'en','plugins/contact/contact','settings.email.description','Contact email configuration','2023-11-30 00:33:10','2023-11-30 00:33:10'),(1907,1,'en','plugins/contact/contact','settings.email.templates.notice_title','Send notice to administrator','2023-11-30 00:33:10','2023-11-30 00:33:10'),(1908,1,'en','plugins/contact/contact','settings.email.templates.notice_description','Email template to send notice to administrator when system get new contact','2023-11-30 00:33:10','2023-11-30 00:33:10'),(1909,1,'en','plugins/contact/contact','settings.title','Contact','2023-11-30 00:33:10','2023-11-30 00:33:10'),(1910,1,'en','plugins/contact/contact','settings.description','Settings for contact plugin','2023-11-30 00:33:10','2023-11-30 00:33:10'),(1911,1,'en','plugins/contact/contact','settings.blacklist_keywords','Blacklist keywords','2023-11-30 00:33:10','2023-11-30 00:33:10'),(1912,1,'en','plugins/contact/contact','settings.blacklist_keywords_placeholder','keywords...','2023-11-30 00:33:10','2023-11-30 00:33:10'),(1913,1,'en','plugins/contact/contact','settings.blacklist_keywords_helper','Blacklist contact requests if it includes those keywords in the content field (separate by comma).','2023-11-30 00:33:10','2023-11-30 00:33:10'),(1914,1,'en','plugins/contact/contact','settings.enable_math_captcha_in_contact_form','Enable Math Captcha in the contact form?','2023-11-30 00:33:10','2023-11-30 00:33:10'),(1915,1,'en','plugins/contact/contact','no_reply','No reply yet!','2023-11-30 00:33:10','2023-11-30 00:33:10'),(1916,1,'en','plugins/contact/contact','reply','Reply','2023-11-30 00:33:10','2023-11-30 00:33:10'),(1917,1,'en','plugins/contact/contact','send','Send','2023-11-30 00:33:10','2023-11-30 00:33:10'),(1918,1,'en','plugins/contact/contact','shortcode_name','Contact form','2023-11-30 00:33:10','2023-11-30 00:33:10'),(1919,1,'en','plugins/contact/contact','shortcode_description','Add a contact form','2023-11-30 00:33:10','2023-11-30 00:33:10'),(1920,1,'en','plugins/contact/contact','shortcode_content_description','Add shortcode [contact-form][/contact-form] to editor?','2023-11-30 00:33:10','2023-11-30 00:33:10'),(1921,1,'en','plugins/contact/contact','message_sent_success','Message sent successfully!','2023-11-30 00:33:10','2023-11-30 00:33:10'),(1922,1,'en','plugins/contact/contact','dropdown_show_label','Show contacts','2023-11-30 00:33:10','2023-11-30 00:33:10'),(1923,1,'en','plugins/cookie-consent/cookie-consent','theme_options.name','Cookie Consent','2023-11-30 00:33:10','2023-11-30 00:33:10'),(1924,1,'en','plugins/cookie-consent/cookie-consent','theme_options.description','Cookie consent settings','2023-11-30 00:33:10','2023-11-30 00:33:10'),(1925,1,'en','plugins/cookie-consent/cookie-consent','theme_options.enable','Enable cookie consent?','2023-11-30 00:33:10','2023-11-30 00:33:10'),(1926,1,'en','plugins/cookie-consent/cookie-consent','theme_options.message','Message','2023-11-30 00:33:10','2023-11-30 00:33:10'),(1927,1,'en','plugins/cookie-consent/cookie-consent','theme_options.button_text','Button text','2023-11-30 00:33:10','2023-11-30 00:33:10'),(1928,1,'en','plugins/cookie-consent/cookie-consent','theme_options.max_width','Max width (px)','2023-11-30 00:33:10','2023-11-30 00:33:10'),(1929,1,'en','plugins/cookie-consent/cookie-consent','theme_options.background_color','Background color','2023-11-30 00:33:10','2023-11-30 00:33:10'),(1930,1,'en','plugins/cookie-consent/cookie-consent','theme_options.text_color','Text color','2023-11-30 00:33:10','2023-11-30 00:33:10'),(1931,1,'en','plugins/cookie-consent/cookie-consent','theme_options.learn_more_url','Learn more URL','2023-11-30 00:33:10','2023-11-30 00:33:10'),(1932,1,'en','plugins/cookie-consent/cookie-consent','theme_options.learn_more_text','Learn more text','2023-11-30 00:33:10','2023-11-30 00:33:10'),(1933,1,'en','plugins/cookie-consent/cookie-consent','theme_options.style','Style','2023-11-30 00:33:10','2023-11-30 00:33:10'),(1934,1,'en','plugins/cookie-consent/cookie-consent','theme_options.full_width','Full width','2023-11-30 00:33:10','2023-11-30 00:33:10'),(1935,1,'en','plugins/cookie-consent/cookie-consent','theme_options.minimal','Minimal','2023-11-30 00:33:10','2023-11-30 00:33:10'),(1936,1,'en','plugins/cookie-consent/cookie-consent','message','Your experience on this site will be improved by allowing cookies.','2023-11-30 00:33:10','2023-11-30 00:33:10'),(1937,1,'en','plugins/cookie-consent/cookie-consent','button_text','Allow cookies','2023-11-30 00:33:10','2023-11-30 00:33:10'),(1938,1,'en','plugins/faq/faq-category','name','Categories','2023-11-30 00:33:10','2023-11-30 00:33:10'),(1939,1,'en','plugins/faq/faq-category','create','New category','2023-11-30 00:33:10','2023-11-30 00:33:10'),(1940,1,'en','plugins/faq/faq','name','FAQs','2023-11-30 00:33:10','2023-11-30 00:33:10'),(1941,1,'en','plugins/faq/faq','create','New FAQ','2023-11-30 00:33:10','2023-11-30 00:33:10'),(1942,1,'en','plugins/faq/faq','question','Question','2023-11-30 00:33:10','2023-11-30 00:33:10'),(1943,1,'en','plugins/faq/faq','answer','Answer','2023-11-30 00:33:10','2023-11-30 00:33:10'),(1944,1,'en','plugins/faq/faq','category','Category','2023-11-30 00:33:10','2023-11-30 00:33:10'),(1945,1,'en','plugins/faq/faq','faq_schema_config','FAQ schema configuration (:link)','2023-11-30 00:33:10','2023-11-30 00:33:10'),(1946,1,'en','plugins/faq/faq','learn_more','Learn more','2023-11-30 00:33:10','2023-11-30 00:33:10'),(1947,1,'en','plugins/faq/faq','settings.title','FAQs','2023-11-30 00:33:10','2023-11-30 00:33:10'),(1948,1,'en','plugins/faq/faq','settings.description','View and update FAQs settings','2023-11-30 00:33:10','2023-11-30 00:33:10'),(1949,1,'en','plugins/faq/faq','settings.enable_faq_schema','Enable FAQs Schema?','2023-11-30 00:33:10','2023-11-30 00:33:10'),(1950,1,'en','plugins/faq/faq','settings.enable_faq_schema_description','Learn more: :url','2023-11-30 00:33:10','2023-11-30 00:33:10'),(1951,1,'en','plugins/faq/faq','select_category','Select a category','2023-11-30 00:33:10','2023-11-30 00:33:10'),(1952,1,'en','plugins/faq/faq','add_item','Add item','2023-11-30 00:33:10','2023-11-30 00:33:10'),(1953,1,'en','plugins/gallery/gallery','create','Create new gallery','2023-11-30 00:33:10','2023-11-30 00:33:10'),(1954,1,'en','plugins/gallery/gallery','galleries','Galleries','2023-11-30 00:33:10','2023-11-30 00:33:10'),(1955,1,'en','plugins/gallery/gallery','item','Gallery item','2023-11-30 00:33:10','2023-11-30 00:33:10'),(1956,1,'en','plugins/gallery/gallery','select_image','Select images','2023-11-30 00:33:10','2023-11-30 00:33:10'),(1957,1,'en','plugins/gallery/gallery','reset','Reset gallery','2023-11-30 00:33:10','2023-11-30 00:33:10'),(1958,1,'en','plugins/gallery/gallery','update_photo_description','Update photo\'s description','2023-11-30 00:33:10','2023-11-30 00:33:10'),(1959,1,'en','plugins/gallery/gallery','update_photo_description_placeholder','Photo\'s description...','2023-11-30 00:33:10','2023-11-30 00:33:10'),(1960,1,'en','plugins/gallery/gallery','delete_photo','Delete this photo','2023-11-30 00:33:10','2023-11-30 00:33:10'),(1961,1,'en','plugins/gallery/gallery','gallery_box','Gallery images','2023-11-30 00:33:10','2023-11-30 00:33:10'),(1962,1,'en','plugins/gallery/gallery','by','By','2023-11-30 00:33:10','2023-11-30 00:33:10'),(1963,1,'en','plugins/gallery/gallery','menu_name','Galleries','2023-11-30 00:33:10','2023-11-30 00:33:10'),(1964,1,'en','plugins/gallery/gallery','gallery_images','Gallery images','2023-11-30 00:33:10','2023-11-30 00:33:10'),(1965,1,'en','plugins/gallery/gallery','add_gallery_short_code','Add a gallery','2023-11-30 00:33:10','2023-11-30 00:33:10'),(1966,1,'en','plugins/gallery/gallery','shortcode_name','Gallery images','2023-11-30 00:33:10','2023-11-30 00:33:10'),(1967,1,'en','plugins/gallery/gallery','limit_display','Limit number display','2023-11-30 00:33:10','2023-11-30 00:33:10'),(1968,1,'en','plugins/gallery/gallery','edit_this_gallery','Edit this gallery','2023-11-30 00:33:10','2023-11-30 00:33:10'),(1969,1,'en','plugins/gallery/gallery','galleries_page','Galleries page','2023-11-30 00:33:10','2023-11-30 00:33:10'),(1970,1,'en','plugins/language/language','name','Languages','2023-11-30 00:33:10','2023-11-30 00:33:10'),(1971,1,'en','plugins/language/language','description','View and update your website languages','2023-11-30 00:33:11','2023-11-30 00:33:11'),(1972,1,'en','plugins/language/language','choose_language','Choose a language','2023-11-30 00:33:11','2023-11-30 00:33:11'),(1973,1,'en','plugins/language/language','select_language','Select language','2023-11-30 00:33:11','2023-11-30 00:33:11'),(1974,1,'en','plugins/language/language','choose_language_helper','You can choose a language in the list or directly edit it below.','2023-11-30 00:33:11','2023-11-30 00:33:11'),(1975,1,'en','plugins/language/language','language_name','Language name','2023-11-30 00:33:11','2023-11-30 00:33:11'),(1976,1,'en','plugins/language/language','language_name_helper','The name is how it is displayed on your site (for example: English).','2023-11-30 00:33:11','2023-11-30 00:33:11'),(1977,1,'en','plugins/language/language','locale','Locale','2023-11-30 00:33:11','2023-11-30 00:33:11'),(1978,1,'en','plugins/language/language','locale_helper','Laravel Locale for the language (for example: <code>en</code>).','2023-11-30 00:33:11','2023-11-30 00:33:11'),(1979,1,'en','plugins/language/language','language_code','Language code','2023-11-30 00:33:11','2023-11-30 00:33:11'),(1980,1,'en','plugins/language/language','language_code_helper','Language code - preferably 2-letters ISO 639-1 (for example: en)','2023-11-30 00:33:11','2023-11-30 00:33:11'),(1981,1,'en','plugins/language/language','text_direction','Text direction','2023-11-30 00:33:11','2023-11-30 00:33:11'),(1982,1,'en','plugins/language/language','text_direction_helper','Choose the text direction for the language','2023-11-30 00:33:11','2023-11-30 00:33:11'),(1983,1,'en','plugins/language/language','left_to_right','Left to right','2023-11-30 00:33:11','2023-11-30 00:33:11'),(1984,1,'en','plugins/language/language','right_to_left','Right to left','2023-11-30 00:33:11','2023-11-30 00:33:11'),(1985,1,'en','plugins/language/language','flag','Flag','2023-11-30 00:33:11','2023-11-30 00:33:11'),(1986,1,'en','plugins/language/language','flag_helper','Choose a flag for the language.','2023-11-30 00:33:11','2023-11-30 00:33:11'),(1987,1,'en','plugins/language/language','order','Order','2023-11-30 00:33:11','2023-11-30 00:33:11'),(1988,1,'en','plugins/language/language','order_helper','Position of the language in the language switcher','2023-11-30 00:33:11','2023-11-30 00:33:11'),(1989,1,'en','plugins/language/language','add_new_language','Add new language','2023-11-30 00:33:11','2023-11-30 00:33:11'),(1990,1,'en','plugins/language/language','code','Code','2023-11-30 00:33:11','2023-11-30 00:33:11'),(1991,1,'en','plugins/language/language','default_language','Is default?','2023-11-30 00:33:11','2023-11-30 00:33:11'),(1992,1,'en','plugins/language/language','actions','Actions','2023-11-30 00:33:11','2023-11-30 00:33:11'),(1993,1,'en','plugins/language/language','translations','Translations','2023-11-30 00:33:11','2023-11-30 00:33:11'),(1994,1,'en','plugins/language/language','edit','Edit','2023-11-30 00:33:11','2023-11-30 00:33:11'),(1995,1,'en','plugins/language/language','edit_tooltip','Edit this language','2023-11-30 00:33:11','2023-11-30 00:33:11'),(1996,1,'en','plugins/language/language','delete','Delete','2023-11-30 00:33:11','2023-11-30 00:33:11'),(1997,1,'en','plugins/language/language','delete_tooltip','Delete this language and all its associated data','2023-11-30 00:33:11','2023-11-30 00:33:11'),(1998,1,'en','plugins/language/language','choose_default_language','Choose :language as default language','2023-11-30 00:33:11','2023-11-30 00:33:11'),(1999,1,'en','plugins/language/language','current_language','Current record\'s language','2023-11-30 00:33:11','2023-11-30 00:33:11'),(2000,1,'en','plugins/language/language','edit_related','Edit related language for this record','2023-11-30 00:33:11','2023-11-30 00:33:11'),(2001,1,'en','plugins/language/language','add_language_for_item','Add other language version for this record','2023-11-30 00:33:11','2023-11-30 00:33:11'),(2002,1,'en','plugins/language/language','settings','Settings','2023-11-30 00:33:11','2023-11-30 00:33:11'),(2003,1,'en','plugins/language/language','language_hide_default','Hide default language from URL?','2023-11-30 00:33:11','2023-11-30 00:33:11'),(2004,1,'en','plugins/language/language','language_display_flag_only','Flag only','2023-11-30 00:33:11','2023-11-30 00:33:11'),(2005,1,'en','plugins/language/language','language_display_name_only','Name only','2023-11-30 00:33:11','2023-11-30 00:33:11'),(2006,1,'en','plugins/language/language','language_display_all','Display all flag and name','2023-11-30 00:33:11','2023-11-30 00:33:11'),(2007,1,'en','plugins/language/language','language_display','Language display','2023-11-30 00:33:11','2023-11-30 00:33:11'),(2008,1,'en','plugins/language/language','switcher_display','Switcher language display','2023-11-30 00:33:11','2023-11-30 00:33:11'),(2009,1,'en','plugins/language/language','language_switcher_display_dropdown','Dropdown','2023-11-30 00:33:11','2023-11-30 00:33:11'),(2010,1,'en','plugins/language/language','language_switcher_display_list','List','2023-11-30 00:33:11','2023-11-30 00:33:11'),(2011,1,'en','plugins/language/language','current_language_edit_notification','You are editing \"<strong class=\"current_language_text\">:language</strong>\" version','2023-11-30 00:33:11','2023-11-30 00:33:11'),(2012,1,'en','plugins/language/language','confirm-change-language','Confirm change language','2023-11-30 00:33:11','2023-11-30 00:33:11'),(2013,1,'en','plugins/language/language','confirm-change-language-message','Do you really want to change language to \"<strong class=\"change_to_language_text\"></strong>\" ? This action will be override \"<strong class=\"change_to_language_text\"></strong>\" version if it\'s existed!','2023-11-30 00:33:11','2023-11-30 00:33:11'),(2014,1,'en','plugins/language/language','confirm-change-language-btn','Confirm change','2023-11-30 00:33:11','2023-11-30 00:33:11'),(2015,1,'en','plugins/language/language','hide_languages','Hide languages','2023-11-30 00:33:11','2023-11-30 00:33:11'),(2016,1,'en','plugins/language/language','hide_languages_description','You can completely hide content in specific languages from visitors and search engines, but still view it yourself. This allows reviewing translations that are in progress.','2023-11-30 00:33:11','2023-11-30 00:33:11'),(2017,1,'en','plugins/language/language','hide_languages_helper_display_hidden','{0} All languages are currently displayed.|{1} :language is currently hidden to visitors.|[2, Inf] :language are currently hidden to visitors.','2023-11-30 00:33:11','2023-11-30 00:33:11'),(2018,1,'en','plugins/language/language','show_all','Show all','2023-11-30 00:33:11','2023-11-30 00:33:11'),(2019,1,'en','plugins/language/language','change_language','Language','2023-11-30 00:33:11','2023-11-30 00:33:11'),(2020,1,'en','plugins/language/language','language_show_default_item_if_current_version_not_existed','Show item in default language if it is not existed in current language','2023-11-30 00:33:11','2023-11-30 00:33:11'),(2021,1,'en','plugins/language/language','select_flag','Select a flag...','2023-11-30 00:33:11','2023-11-30 00:33:11'),(2022,1,'en','plugins/language/language','delete_confirmation_message','Do you really want to delete this language? It also deletes all items in this language and cannot rollback!','2023-11-30 00:33:11','2023-11-30 00:33:11'),(2023,1,'en','plugins/language/language','added_already','This language was added already!','2023-11-30 00:33:11','2023-11-30 00:33:11'),(2024,1,'en','plugins/language/language','language_auto_detect_user_language','Auto detect user language?','2023-11-30 00:33:11','2023-11-30 00:33:11'),(2025,1,'en','plugins/logistics/logistics','name','Logistics','2023-11-30 00:33:11','2023-11-30 00:33:11'),(2026,1,'en','plugins/logistics/logistics','settings.success_message','Settings has been saved successfully!','2023-11-30 00:33:11','2023-11-30 00:33:11'),(2027,1,'en','plugins/logistics/logistics','settings.email.title','Quotation Requests','2023-11-30 00:33:11','2023-11-30 00:33:11'),(2028,1,'en','plugins/logistics/logistics','settings.email.description','Email templates for quotation requests','2023-11-30 00:33:11','2023-11-30 00:33:11'),(2029,1,'en','plugins/logistics/logistics','settings.email.templates.notice_title','Send notice to administrator','2023-11-30 00:33:11','2023-11-30 00:33:11'),(2030,1,'en','plugins/logistics/logistics','settings.email.templates.notice_description','Send notice to administrator when a quotation request is sent','2023-11-30 00:33:11','2023-11-30 00:33:11'),(2031,1,'en','plugins/logistics/logistics','service_category.name','Service Categories','2023-11-30 00:33:11','2023-11-30 00:33:11'),(2032,1,'en','plugins/logistics/logistics','service_category.create','Create Service Category','2023-11-30 00:33:11','2023-11-30 00:33:11'),(2033,1,'en','plugins/logistics/logistics','service.name','Services','2023-11-30 00:33:11','2023-11-30 00:33:11'),(2034,1,'en','plugins/logistics/logistics','service.create','Create Service','2023-11-30 00:33:11','2023-11-30 00:33:11'),(2035,1,'en','plugins/logistics/logistics','package.name','Packages','2023-11-30 00:33:11','2023-11-30 00:33:11'),(2036,1,'en','plugins/logistics/logistics','package.create','Create Package','2023-11-30 00:33:11','2023-11-30 00:33:11'),(2037,1,'en','plugins/logistics/logistics','thumbnail','Thumbnail','2023-11-30 00:33:11','2023-11-30 00:33:11'),(2038,1,'en','plugins/logistics/logistics','category','Category','2023-11-30 00:33:11','2023-11-30 00:33:11'),(2039,1,'en','plugins/logistics/logistics','duration','Duration','2023-11-30 00:33:11','2023-11-30 00:33:11'),(2040,1,'en','plugins/logistics/logistics','price','Price','2023-11-30 00:33:11','2023-11-30 00:33:11'),(2041,1,'en','plugins/logistics/logistics','annual_price','Annual Price','2023-11-30 00:33:11','2023-11-30 00:33:11'),(2042,1,'en','plugins/logistics/logistics','form.none','None','2023-11-30 00:33:11','2023-11-30 00:33:11'),(2043,1,'en','plugins/logistics/logistics','form.images','Images','2023-11-30 00:33:11','2023-11-30 00:33:11'),(2044,1,'en','plugins/logistics/logistics','form.title_placeholder','Enter title','2023-11-30 00:33:11','2023-11-30 00:33:11'),(2045,1,'en','plugins/logistics/logistics','form.is_featured','Is featured?','2023-11-30 00:33:11','2023-11-30 00:33:11'),(2046,1,'en','plugins/logistics/logistics','form.price_placeholder','Enter price','2023-11-30 00:33:11','2023-11-30 00:33:11'),(2047,1,'en','plugins/logistics/logistics','form.features','Features','2023-11-30 00:33:11','2023-11-30 00:33:11'),(2048,1,'en','plugins/logistics/logistics','form.features_help_block','Separate by new line (+ is included, - is not included)','2023-11-30 00:33:11','2023-11-30 00:33:11'),(2049,1,'en','plugins/logistics/logistics','form.packages_switch_pricing_plan','Enter annual price to switch pricing plan feature','2023-11-30 00:33:11','2023-11-30 00:33:11'),(2050,1,'en','plugins/logistics/logistics','form.features_placeholder','Example:\n+ 15-Days Shipping World Wide\n+ Free Bubble Warp\n- 24/7 Support\n        ','2023-11-30 00:33:11','2023-11-30 00:33:11'),(2051,1,'en','plugins/logistics/logistics','form.description_placeholder','Enter description','2023-11-30 00:33:11','2023-11-30 00:33:11'),(2052,1,'en','plugins/logistics/logistics','is_popular','Is popular?','2023-11-30 00:33:11','2023-11-30 00:33:11'),(2053,1,'en','plugins/logistics/logistics','enums.package_durations.hourly','Hourly','2023-11-30 00:33:11','2023-11-30 00:33:11'),(2054,1,'en','plugins/logistics/logistics','enums.package_durations.daily','Daily','2023-11-30 00:33:11','2023-11-30 00:33:11'),(2055,1,'en','plugins/logistics/logistics','enums.package_durations.weekly','Weekly','2023-11-30 00:33:11','2023-11-30 00:33:11'),(2056,1,'en','plugins/logistics/logistics','enums.package_durations.monthly','Monthly','2023-11-30 00:33:11','2023-11-30 00:33:11'),(2057,1,'en','plugins/logistics/logistics','enums.package_durations.annually','Annually','2023-11-30 00:33:11','2023-11-30 00:33:11'),(2058,1,'en','plugins/logistics/logistics','enums.package_durations.quarterly','Quarterly','2023-11-30 00:33:11','2023-11-30 00:33:11'),(2059,1,'en','plugins/logistics/logistics','enums.quote_statuses.read','Read','2023-11-30 00:33:11','2023-11-30 00:33:11'),(2060,1,'en','plugins/logistics/logistics','enums.quote_statuses.unread','Unread','2023-11-30 00:33:11','2023-11-30 00:33:11'),(2061,1,'en','plugins/logistics/logistics','custom_field.name','Custom Fields','2023-11-30 00:33:11','2023-11-30 00:33:11'),(2062,1,'en','plugins/logistics/logistics','custom_field.create','Create','2023-11-30 00:33:11','2023-11-30 00:33:11'),(2063,1,'en','plugins/logistics/logistics','custom_field.type','Type','2023-11-30 00:33:11','2023-11-30 00:33:11'),(2064,1,'en','plugins/logistics/logistics','custom_field.options','Options','2023-11-30 00:33:11','2023-11-30 00:33:11'),(2065,1,'en','plugins/logistics/logistics','custom_field.placeholder','Placeholder','2023-11-30 00:33:11','2023-11-30 00:33:11'),(2066,1,'en','plugins/logistics/logistics','custom_field.placeholder_placeholder','Enter placeholder','2023-11-30 00:33:11','2023-11-30 00:33:11'),(2067,1,'en','plugins/logistics/logistics','custom_field.required','Required','2023-11-30 00:33:11','2023-11-30 00:33:11'),(2068,1,'en','plugins/logistics/logistics','custom_field.option.label','Label','2023-11-30 00:33:11','2023-11-30 00:33:11'),(2069,1,'en','plugins/logistics/logistics','custom_field.option.value','Value','2023-11-30 00:33:11','2023-11-30 00:33:11'),(2070,1,'en','plugins/logistics/logistics','custom_field.option.add_row','Add new row','2023-11-30 00:33:11','2023-11-30 00:33:11'),(2071,1,'en','plugins/logistics/logistics','custom_field.option.add_from_global','Add global custom field','2023-11-30 00:33:11','2023-11-30 00:33:11'),(2072,1,'en','plugins/logistics/logistics','custom_field.modal.heading','Add new custom field','2023-11-30 00:33:11','2023-11-30 00:33:11'),(2073,1,'en','plugins/logistics/logistics','custom_field.modal.select_field','Select field','2023-11-30 00:33:11','2023-11-30 00:33:11'),(2074,1,'en','plugins/logistics/logistics','custom_field.modal.button','Add new','2023-11-30 00:33:11','2023-11-30 00:33:11'),(2075,1,'en','plugins/logistics/logistics','custom_field.enums.fields.text','Text','2023-11-30 00:33:11','2023-11-30 00:33:11'),(2076,1,'en','plugins/logistics/logistics','custom_field.enums.fields.dropdown','Dropdown','2023-11-30 00:33:11','2023-11-30 00:33:11'),(2077,1,'en','plugins/logistics/logistics','custom_field.enums.fields.checkbox','Checkbox','2023-11-30 00:33:11','2023-11-30 00:33:11'),(2078,1,'en','plugins/logistics/logistics','custom_field.enums.fields.textarea','Textarea','2023-11-30 00:33:11','2023-11-30 00:33:11'),(2079,1,'en','plugins/logistics/logistics','custom_field.ask_for_select','Please select a custom field','2023-11-30 00:33:11','2023-11-30 00:33:11'),(2080,1,'en','plugins/logistics/logistics','custom_field.add_a_new_custom_field','Add a new custom field','2023-11-30 00:33:11','2023-11-30 00:33:11'),(2081,1,'en','plugins/logistics/logistics','quotation_request.name','Quotation Requests','2023-11-30 00:33:11','2023-11-30 00:33:11'),(2082,1,'en','plugins/logistics/logistics','quotation_request.viewing','Viewing quotation request #:name','2023-11-30 00:33:11','2023-11-30 00:33:11'),(2083,1,'en','plugins/logistics/logistics','quotation_request.information','Information','2023-11-30 00:33:11','2023-11-30 00:33:11'),(2084,1,'en','plugins/logistics/logistics','message','Message','2023-11-30 00:33:11','2023-11-30 00:33:11'),(2085,1,'en','plugins/logistics/logistics','edit_this_service','Edit this service','2023-11-30 00:33:11','2023-11-30 00:33:11'),(2086,1,'en','plugins/logistics/logistics','edit_this_service_category','Edit this service category','2023-11-30 00:33:11','2023-11-30 00:33:11'),(2087,1,'en','plugins/logistics/logistics','edit_this_package','Edit this package','2023-11-30 00:33:11','2023-11-30 00:33:11'),(2088,1,'en','plugins/newsletter/newsletter','name','Newsletters','2023-11-30 00:33:11','2023-11-30 00:33:11'),(2089,1,'en','plugins/newsletter/newsletter','description','View and delete newsletter subscribers','2023-11-30 00:33:11','2023-11-30 00:33:11'),(2090,1,'en','plugins/newsletter/newsletter','settings.email.templates.title','Newsletter','2023-11-30 00:33:12','2023-11-30 00:33:12'),(2091,1,'en','plugins/newsletter/newsletter','settings.email.templates.description','Config newsletter email templates','2023-11-30 00:33:12','2023-11-30 00:33:12'),(2092,1,'en','plugins/newsletter/newsletter','settings.email.templates.to_admin.title','Email send to admin','2023-11-30 00:33:12','2023-11-30 00:33:12'),(2093,1,'en','plugins/newsletter/newsletter','settings.email.templates.to_admin.description','Template for sending email to admin','2023-11-30 00:33:12','2023-11-30 00:33:12'),(2094,1,'en','plugins/newsletter/newsletter','settings.email.templates.to_user.title','Email send to user','2023-11-30 00:33:12','2023-11-30 00:33:12'),(2095,1,'en','plugins/newsletter/newsletter','settings.email.templates.to_user.description','Template for sending email to subscriber','2023-11-30 00:33:12','2023-11-30 00:33:12'),(2096,1,'en','plugins/newsletter/newsletter','settings.title','Newsletter','2023-11-30 00:33:12','2023-11-30 00:33:12'),(2097,1,'en','plugins/newsletter/newsletter','settings.panel_description','View and update newsletter settings','2023-11-30 00:33:12','2023-11-30 00:33:12'),(2098,1,'en','plugins/newsletter/newsletter','settings.description','Settings for newsletter (auto send newsletter email to SendGrid, Mailchimp... when someone register newsletter on website).','2023-11-30 00:33:12','2023-11-30 00:33:12'),(2099,1,'en','plugins/newsletter/newsletter','settings.mailchimp_api_key','Mailchimp API Key','2023-11-30 00:33:12','2023-11-30 00:33:12'),(2100,1,'en','plugins/newsletter/newsletter','settings.mailchimp_list_id','Mailchimp List ID','2023-11-30 00:33:12','2023-11-30 00:33:12'),(2101,1,'en','plugins/newsletter/newsletter','settings.mailchimp_list','Mailchimp List','2023-11-30 00:33:12','2023-11-30 00:33:12'),(2102,1,'en','plugins/newsletter/newsletter','settings.sendgrid_api_key','Sendgrid API Key','2023-11-30 00:33:12','2023-11-30 00:33:12'),(2103,1,'en','plugins/newsletter/newsletter','settings.sendgrid_list_id','Sendgrid List ID','2023-11-30 00:33:12','2023-11-30 00:33:12'),(2104,1,'en','plugins/newsletter/newsletter','settings.sendgrid_list','Sendgrid List','2023-11-30 00:33:12','2023-11-30 00:33:12'),(2105,1,'en','plugins/newsletter/newsletter','settings.enable_newsletter_contacts_list_api','Enable newsletter contacts list API?','2023-11-30 00:33:12','2023-11-30 00:33:12'),(2106,1,'en','plugins/newsletter/newsletter','statuses.subscribed','Subscribed','2023-11-30 00:33:12','2023-11-30 00:33:12'),(2107,1,'en','plugins/newsletter/newsletter','statuses.unsubscribed','Unsubscribed','2023-11-30 00:33:12','2023-11-30 00:33:12'),(2108,1,'en','plugins/simple-slider/simple-slider','create','New slider','2023-11-30 00:33:12','2023-11-30 00:33:12'),(2109,1,'en','plugins/simple-slider/simple-slider','menu','Simple Sliders','2023-11-30 00:33:12','2023-11-30 00:33:12'),(2110,1,'en','plugins/simple-slider/simple-slider','simple_slider_description','Manage your system simple sliders','2023-11-30 00:33:12','2023-11-30 00:33:12'),(2111,1,'en','plugins/simple-slider/simple-slider','settings.title','Simple Sliders','2023-11-30 00:33:12','2023-11-30 00:33:12'),(2112,1,'en','plugins/simple-slider/simple-slider','settings.description','Settings for Simple sliders','2023-11-30 00:33:12','2023-11-30 00:33:12'),(2113,1,'en','plugins/simple-slider/simple-slider','settings.using_assets','Using default assets?','2023-11-30 00:33:12','2023-11-30 00:33:12'),(2114,1,'en','plugins/simple-slider/simple-slider','settings.using_assets_description','If using assets option is enabled then below scripts will be auto added to front site.','2023-11-30 00:33:12','2023-11-30 00:33:12'),(2115,1,'en','plugins/simple-slider/simple-slider','add_new','Add new','2023-11-30 00:33:12','2023-11-30 00:33:12'),(2116,1,'en','plugins/simple-slider/simple-slider','save_sorting','Save sorting','2023-11-30 00:33:12','2023-11-30 00:33:12'),(2117,1,'en','plugins/simple-slider/simple-slider','key','Key','2023-11-30 00:33:12','2023-11-30 00:33:12'),(2118,1,'en','plugins/simple-slider/simple-slider','slide_items','Slide Items','2023-11-30 00:33:12','2023-11-30 00:33:12'),(2119,1,'en','plugins/simple-slider/simple-slider','update_slide_position_success','Updated slide position successfully!','2023-11-30 00:33:12','2023-11-30 00:33:12'),(2120,1,'en','plugins/simple-slider/simple-slider','create_new_slide','Create a new slide','2023-11-30 00:33:12','2023-11-30 00:33:12'),(2121,1,'en','plugins/simple-slider/simple-slider','edit_slide','Edit slide #:id','2023-11-30 00:33:12','2023-11-30 00:33:12'),(2122,1,'en','plugins/simple-slider/simple-slider','simple_slider_shortcode_name','Simple slider','2023-11-30 00:33:12','2023-11-30 00:33:12'),(2123,1,'en','plugins/simple-slider/simple-slider','simple_slider_shortcode_description','Add a simple slider','2023-11-30 00:33:12','2023-11-30 00:33:12'),(2124,1,'en','plugins/simple-slider/simple-slider','select_slider','Select a slider','2023-11-30 00:33:12','2023-11-30 00:33:12'),(2125,1,'en','plugins/simple-slider/simple-slider','shortcode','Shortcode','2023-11-30 00:33:12','2023-11-30 00:33:12'),(2126,1,'en','plugins/team/team','name','Teams','2023-11-30 00:33:12','2023-11-30 00:33:12'),(2127,1,'en','plugins/team/team','create','New team','2023-11-30 00:33:12','2023-11-30 00:33:12'),(2128,1,'en','plugins/team/team','forms.name','Name','2023-11-30 00:33:12','2023-11-30 00:33:12'),(2129,1,'en','plugins/team/team','forms.name_placeholder','Enter name...','2023-11-30 00:33:12','2023-11-30 00:33:12'),(2130,1,'en','plugins/team/team','forms.title','Title','2023-11-30 00:33:12','2023-11-30 00:33:12'),(2131,1,'en','plugins/team/team','forms.title_placeholder','Enter title...','2023-11-30 00:33:12','2023-11-30 00:33:12'),(2132,1,'en','plugins/team/team','forms.photo','Avatar','2023-11-30 00:33:12','2023-11-30 00:33:12'),(2133,1,'en','plugins/team/team','forms.location','Location','2023-11-30 00:33:12','2023-11-30 00:33:12'),(2134,1,'en','plugins/team/team','forms.location_placeholder','Enter title...','2023-11-30 00:33:12','2023-11-30 00:33:12'),(2135,1,'en','plugins/team/team','forms.socials_facebook','Facebook','2023-11-30 00:33:12','2023-11-30 00:33:12'),(2136,1,'en','plugins/team/team','forms.socials_facebook_placeholder','Facebook socials','2023-11-30 00:33:12','2023-11-30 00:33:12'),(2137,1,'en','plugins/team/team','forms.socials_twitter','Twitter','2023-11-30 00:33:12','2023-11-30 00:33:12'),(2138,1,'en','plugins/team/team','forms.socials_twitter_placeholder','Twitter socials','2023-11-30 00:33:12','2023-11-30 00:33:12'),(2139,1,'en','plugins/team/team','forms.socials_instagram','Instagram','2023-11-30 00:33:12','2023-11-30 00:33:12'),(2140,1,'en','plugins/team/team','forms.socials_instagram_placeholder','Instagram socials','2023-11-30 00:33:12','2023-11-30 00:33:12'),(2141,1,'en','plugins/team/team','forms.address','Address','2023-11-30 00:33:12','2023-11-30 00:33:12'),(2142,1,'en','plugins/team/team','forms.email','Email','2023-11-30 00:33:12','2023-11-30 00:33:12'),(2143,1,'en','plugins/team/team','forms.phone_number','Phone number','2023-11-30 00:33:12','2023-11-30 00:33:12'),(2144,1,'en','plugins/team/team','forms.website','Website','2023-11-30 00:33:12','2023-11-30 00:33:12'),(2145,1,'en','plugins/testimonial/testimonial','name','Testimonials','2023-11-30 00:33:12','2023-11-30 00:33:12'),(2146,1,'en','plugins/testimonial/testimonial','description','Manage your system testimonials','2023-11-30 00:33:12','2023-11-30 00:33:12'),(2147,1,'en','plugins/testimonial/testimonial','create','New testimonial','2023-11-30 00:33:12','2023-11-30 00:33:12'),(2148,1,'en','plugins/testimonial/testimonial','company','Position/Company','2023-11-30 00:33:12','2023-11-30 00:33:12'),(2149,1,'en','plugins/translation/translation','translations','Translations','2023-11-30 00:33:12','2023-11-30 00:33:12'),(2150,1,'en','plugins/translation/translation','export_warning','Warning, translations are not visible until they are exported back to lang folder. Please use \"Publish translations\" button to apply changes.','2023-11-30 00:33:12','2023-11-30 00:33:12'),(2151,1,'en','plugins/translation/translation','import_done','Done importing, processed :counter items! Reload this page to refresh the groups!','2023-11-30 00:33:12','2023-11-30 00:33:12'),(2152,1,'en','plugins/translation/translation','translation_manager','Translations Manager','2023-11-30 00:33:12','2023-11-30 00:33:12'),(2153,1,'en','plugins/translation/translation','done_publishing','Done publishing the translations for group','2023-11-30 00:33:12','2023-11-30 00:33:12'),(2154,1,'en','plugins/translation/translation','append_translation','Append new translations','2023-11-30 00:33:12','2023-11-30 00:33:12'),(2155,1,'en','plugins/translation/translation','replace_translation','Replace existing translations','2023-11-30 00:33:12','2023-11-30 00:33:12'),(2156,1,'en','plugins/translation/translation','import_group','Import group','2023-11-30 00:33:12','2023-11-30 00:33:12'),(2157,1,'en','plugins/translation/translation','confirm_publish_group','Are you sure you want to publish the translations group \":group\"? This will overwrite existing language files.','2023-11-30 00:33:12','2023-11-30 00:33:12'),(2158,1,'en','plugins/translation/translation','publish_translations','Publish translations','2023-11-30 00:33:12','2023-11-30 00:33:12'),(2159,1,'en','plugins/translation/translation','back','Back','2023-11-30 00:33:12','2023-11-30 00:33:12'),(2160,1,'en','plugins/translation/translation','edit_title','Enter translation','2023-11-30 00:33:12','2023-11-30 00:33:12'),(2161,1,'en','plugins/translation/translation','choose_group_msg','Choose a group to display the group translations. If no groups are visible, make sure you have imported the translations.','2023-11-30 00:33:12','2023-11-30 00:33:12'),(2162,1,'en','plugins/translation/translation','choose_a_group','Choose a group','2023-11-30 00:33:12','2023-11-30 00:33:12'),(2163,1,'en','plugins/translation/translation','locales','Locales','2023-11-30 00:33:12','2023-11-30 00:33:12'),(2164,1,'en','plugins/translation/translation','locales_description','Manage and download locales','2023-11-30 00:33:12','2023-11-30 00:33:12'),(2165,1,'en','plugins/translation/translation','theme-translations','Theme Translations','2023-11-30 00:33:12','2023-11-30 00:33:12'),(2166,1,'en','plugins/translation/translation','admin-translations','Other Translations','2023-11-30 00:33:12','2023-11-30 00:33:12'),(2167,1,'en','plugins/translation/translation','translate_from','Translate from','2023-11-30 00:33:12','2023-11-30 00:33:12'),(2168,1,'en','plugins/translation/translation','to','to','2023-11-30 00:33:12','2023-11-30 00:33:12'),(2169,1,'en','plugins/translation/translation','no_other_languages','No other language to translate!','2023-11-30 00:33:12','2023-11-30 00:33:12'),(2170,1,'en','plugins/translation/translation','edit','Edit','2023-11-30 00:33:12','2023-11-30 00:33:12'),(2171,1,'en','plugins/translation/translation','locale','Locale','2023-11-30 00:33:12','2023-11-30 00:33:12'),(2172,1,'en','plugins/translation/translation','locale_placeholder','Ex: en','2023-11-30 00:33:12','2023-11-30 00:33:12'),(2173,1,'en','plugins/translation/translation','name','Name','2023-11-30 00:33:12','2023-11-30 00:33:12'),(2174,1,'en','plugins/translation/translation','default_locale','Default locale?','2023-11-30 00:33:12','2023-11-30 00:33:12'),(2175,1,'en','plugins/translation/translation','actions','Actions','2023-11-30 00:33:12','2023-11-30 00:33:12'),(2176,1,'en','plugins/translation/translation','choose_language','Choose language','2023-11-30 00:33:12','2023-11-30 00:33:12'),(2177,1,'en','plugins/translation/translation','add_new_language','Add new language','2023-11-30 00:33:12','2023-11-30 00:33:12'),(2178,1,'en','plugins/translation/translation','select_language','Select language','2023-11-30 00:33:12','2023-11-30 00:33:12'),(2179,1,'en','plugins/translation/translation','flag','Flag','2023-11-30 00:33:12','2023-11-30 00:33:12'),(2180,1,'en','plugins/translation/translation','folder_is_not_writeable','Cannot write files! Folder :lang_path is not writable. Please chmod to make it writable!','2023-11-30 00:33:12','2023-11-30 00:33:12'),(2181,1,'en','plugins/translation/translation','delete','Delete','2023-11-30 00:33:12','2023-11-30 00:33:12'),(2182,1,'en','plugins/translation/translation','confirm_delete_message','Do you really want to delete this locale? It will delete all files/folders for this local in :lang_path!','2023-11-30 00:33:12','2023-11-30 00:33:12'),(2183,1,'en','plugins/translation/translation','download','Download','2023-11-30 00:33:12','2023-11-30 00:33:12'),(2184,1,'en','plugins/translation/translation','select_locale','Select locale','2023-11-30 00:33:12','2023-11-30 00:33:12'),(2185,1,'en','plugins/translation/translation','theme_translations_instruction','Click on text to translate. Do NOT translate variables, Eg. :username, :query, :link...','2023-11-30 00:33:12','2023-11-30 00:33:12'),(2186,1,'en','plugins/translation/translation','import_available_locale','Or import available locale from our GitHub repository','2023-11-30 00:33:12','2023-11-30 00:33:12'),(2187,1,'en','plugins/translation/translation','add_new_locale','Add new locale','2023-11-30 00:33:12','2023-11-30 00:33:12'),(2188,1,'en','plugins/translation/translation','download_locale','Download locale','2023-11-30 00:33:12','2023-11-30 00:33:12'),(2189,1,'en','plugins/translation/translation','import_available_locale_confirmation','Download locale from GitHub','2023-11-30 00:33:12','2023-11-30 00:33:12'),(2190,1,'en','plugins/translation/translation','import_available_locale_confirmation_content','Are you sure you want to download this locale? It will be downloaded into :lang_path, you can delete it later if you want.','2023-11-30 00:33:12','2023-11-30 00:33:12'),(2191,1,'en','plugins/translation/translation','is_default','Is default?','2023-11-30 00:33:12','2023-11-30 00:33:12'),(2192,1,'en','plugins/translation/translation','localization','Localization','2023-11-30 00:33:12','2023-11-30 00:33:12'),(2193,1,'en','plugins/translation/translation','panel.locales.title','Locales','2023-11-30 00:33:12','2023-11-30 00:33:12'),(2194,1,'en','plugins/translation/translation','panel.locales.description','View, download and import locales','2023-11-30 00:33:12','2023-11-30 00:33:12'),(2195,1,'en','plugins/translation/translation','panel.theme-translations.title','Theme Translations','2023-11-30 00:33:12','2023-11-30 00:33:12'),(2196,1,'en','plugins/translation/translation','panel.theme-translations.description','Manage the theme translations','2023-11-30 00:33:12','2023-11-30 00:33:12'),(2197,1,'en','plugins/translation/translation','panel.admin-translations.title','Other Translations','2023-11-30 00:33:13','2023-11-30 00:33:13'),(2198,1,'en','plugins/translation/translation','panel.admin-translations.description','Manage the other translations (admin, plugins, packages...)','2023-11-30 00:33:13','2023-11-30 00:33:13');
/*!40000 ALTER TABLE `translations` ENABLE KEYS */;
UNLOCK TABLES;

--
-- Table structure for table `user_meta`
--

DROP TABLE IF EXISTS `user_meta`;
/*!40101 SET @saved_cs_client     = @@character_set_client */;
/*!50503 SET character_set_client = utf8mb4 */;
CREATE TABLE `user_meta` (
  `id` bigint unsigned NOT NULL AUTO_INCREMENT,
  `key` varchar(120) COLLATE utf8mb4_unicode_ci DEFAULT NULL,
  `value` varchar(255) COLLATE utf8mb4_unicode_ci DEFAULT NULL,
  `user_id` bigint unsigned NOT NULL,
  `created_at` timestamp NULL DEFAULT NULL,
  `updated_at` timestamp NULL DEFAULT NULL,
  PRIMARY KEY (`id`),
  KEY `user_meta_user_id_index` (`user_id`)
) ENGINE=InnoDB DEFAULT CHARSET=utf8mb4 COLLATE=utf8mb4_unicode_ci;
/*!40101 SET character_set_client = @saved_cs_client */;

--
-- Dumping data for table `user_meta`
--

LOCK TABLES `user_meta` WRITE;
/*!40000 ALTER TABLE `user_meta` DISABLE KEYS */;
/*!40000 ALTER TABLE `user_meta` ENABLE KEYS */;
UNLOCK TABLES;

--
-- Table structure for table `users`
--

DROP TABLE IF EXISTS `users`;
/*!40101 SET @saved_cs_client     = @@character_set_client */;
/*!50503 SET character_set_client = utf8mb4 */;
CREATE TABLE `users` (
  `id` bigint unsigned NOT NULL AUTO_INCREMENT,
  `email` varchar(191) COLLATE utf8mb4_unicode_ci NOT NULL,
  `email_verified_at` timestamp NULL DEFAULT NULL,
  `password` varchar(120) COLLATE utf8mb4_unicode_ci DEFAULT NULL,
  `remember_token` varchar(100) COLLATE utf8mb4_unicode_ci DEFAULT NULL,
  `created_at` timestamp NULL DEFAULT NULL,
  `updated_at` timestamp NULL DEFAULT NULL,
  `first_name` varchar(120) COLLATE utf8mb4_unicode_ci DEFAULT NULL,
  `last_name` varchar(120) COLLATE utf8mb4_unicode_ci DEFAULT NULL,
  `username` varchar(60) COLLATE utf8mb4_unicode_ci DEFAULT NULL,
  `avatar_id` bigint unsigned DEFAULT NULL,
  `super_user` tinyint(1) NOT NULL DEFAULT '0',
  `manage_supers` tinyint(1) NOT NULL DEFAULT '0',
  `permissions` text COLLATE utf8mb4_unicode_ci,
  `last_login` timestamp NULL DEFAULT NULL,
  PRIMARY KEY (`id`),
  UNIQUE KEY `users_email_unique` (`email`),
  UNIQUE KEY `users_username_unique` (`username`)
) ENGINE=InnoDB AUTO_INCREMENT=3 DEFAULT CHARSET=utf8mb4 COLLATE=utf8mb4_unicode_ci;
/*!40101 SET character_set_client = @saved_cs_client */;

--
-- Dumping data for table `users`
--

LOCK TABLES `users` WRITE;
/*!40000 ALTER TABLE `users` DISABLE KEYS */;
INSERT INTO `users` VALUES (1,'kirk.bartoletti@raynor.info',NULL,'$2y$12$DKSyiv8xzke9xbNfYil61eYzPv.OF3dkfS6I.ChBowg1YrPR9Um62',NULL,'2023-11-30 00:32:49','2023-11-30 00:32:49','Paxton','Cruickshank','botble',NULL,1,1,NULL,NULL),(2,'demarco35@aufderhar.info',NULL,'$2y$12$OBBLofFR5QD20r60B6p4ueFqAzwPouAmY43a3TF7DI.T4bku9FVI2',NULL,'2023-11-30 00:32:49','2023-11-30 00:32:49','Cedrick','McCullough','admin',NULL,1,1,NULL,NULL);
/*!40000 ALTER TABLE `users` ENABLE KEYS */;
UNLOCK TABLES;

--
-- Table structure for table `widgets`
--

DROP TABLE IF EXISTS `widgets`;
/*!40101 SET @saved_cs_client     = @@character_set_client */;
/*!50503 SET character_set_client = utf8mb4 */;
CREATE TABLE `widgets` (
  `id` bigint unsigned NOT NULL AUTO_INCREMENT,
  `widget_id` varchar(120) COLLATE utf8mb4_unicode_ci NOT NULL,
  `sidebar_id` varchar(120) COLLATE utf8mb4_unicode_ci NOT NULL,
  `theme` varchar(120) COLLATE utf8mb4_unicode_ci NOT NULL,
  `position` tinyint unsigned NOT NULL DEFAULT '0',
  `data` text COLLATE utf8mb4_unicode_ci,
  `created_at` timestamp NULL DEFAULT NULL,
  `updated_at` timestamp NULL DEFAULT NULL,
  PRIMARY KEY (`id`)
) ENGINE=InnoDB AUTO_INCREMENT=8 DEFAULT CHARSET=utf8mb4 COLLATE=utf8mb4_unicode_ci;
/*!40101 SET character_set_client = @saved_cs_client */;

--
-- Dumping data for table `widgets`
--

LOCK TABLES `widgets` WRITE;
/*!40000 ALTER TABLE `widgets` DISABLE KEYS */;
INSERT INTO `widgets` VALUES (1,'CustomMenuWidget','footer_sidebar','transp',1,'{\"id\":\"CustomMenuWidget\",\"name\":\"Company\",\"menu_id\":\"company\"}','2023-11-30 00:32:54','2023-11-30 00:32:54'),(2,'CustomMenuWidget','footer_sidebar','transp',2,'{\"id\":\"CustomMenuWidget\",\"name\":\"Industries\",\"menu_id\":\"industries\"}','2023-11-30 00:32:54','2023-11-30 00:32:54'),(3,'CustomMenuWidget','footer_sidebar','transp',3,'{\"id\":\"CustomMenuWidget\",\"name\":\"Services\",\"menu_id\":\"services\"}','2023-11-30 00:32:54','2023-11-30 00:32:54'),(4,'GalleriesWidget','footer_sidebar','transp',4,'{\"id\":\"GalleriesWidget\",\"name\":\"Gallery\",\"gallery_id\":1}','2023-11-30 00:32:54','2023-11-30 00:32:54'),(5,'HeaderContactWidget','header_sidebar','transp',1,'{\"id\":\"HeaderContactWidget\",\"name\":\"Header Contact\",\"icon_block_1\":\"icons\\/address.png\",\"text_block_1\":\"65 Allerton Street 901 N Pitt Str, USA\",\"icon_block_2\":\"icons\\/phone.png\",\"text_block_2\":\"65 Allerton Street 901 N Pitt Str, USA\"}','2023-11-30 00:32:54','2023-11-30 00:32:54'),(6,'AppsDownloadWidget','mobile_menu_sidebar','transp',1,'{\"id\":\"AppsDownloadWidget\",\"text\":\"Download our Apps and get extra 15% Discount on your first Order\\u2026!\",\"google_play_logo\":\"general\\/google-play-btn.png\",\"google_play_url\":\"https:\\/\\/play.google.com\\/store\\/apps\",\"app_store_logo\":\"general\\/appstore-btn.png\",\"app_store_url\":\"https:\\/\\/apps.apple.com\\/us\\/app\"}','2023-11-30 00:32:54','2023-11-30 00:32:54'),(7,'ContactFormWidget','pre_footer_sidebar','transp',1,'{\"id\":\"ContactFormWidget\",\"title\":\"Get in touch\",\"shape_icon_top\":\"shapes\\/bg-newsletter-1.png\",\"shape_icon_bottom\":\"shapes\\/bg-newsletter-2.png\"}','2023-11-30 00:32:54','2023-11-30 00:32:54');
/*!40000 ALTER TABLE `widgets` ENABLE KEYS */;
UNLOCK TABLES;
/*!40103 SET TIME_ZONE=@OLD_TIME_ZONE */;

/*!40101 SET SQL_MODE=@OLD_SQL_MODE */;
/*!40014 SET FOREIGN_KEY_CHECKS=@OLD_FOREIGN_KEY_CHECKS */;
/*!40014 SET UNIQUE_CHECKS=@OLD_UNIQUE_CHECKS */;
/*!40101 SET CHARACTER_SET_CLIENT=@OLD_CHARACTER_SET_CLIENT */;
/*!40101 SET CHARACTER_SET_RESULTS=@OLD_CHARACTER_SET_RESULTS */;
/*!40101 SET COLLATION_CONNECTION=@OLD_COLLATION_CONNECTION */;
/*!40111 SET SQL_NOTES=@OLD_SQL_NOTES */;

-- Dump completed on 2023-11-30 14:33:13
